Name,CAS,SMILES,IUPAC_Name,ChEMBL_ID,MolFormula,MW
PRAZOSIN,,COc1cc2nc(N3CCN(C(=O)c4ccco4)CC3)nc(N)c2cc1OC,,CHEMBL2,C19H21N5O4,383.41
NICOTINE,,CN1CCC[C@H]1c1cccnc1,,CHEMBL3,C10H14N2,162.24
OFLOXACIN,,CC1COc2c(N3CCN(C)CC3)c(F)cc3c(=O)c(C(=O)O)cn1c23,,CHEMBL4,C18H20FN3O4,361.37
NALIDIXIC ACID,,CCn1cc(C(=O)O)c(=O)c2ccc(C)nc21,,CHEMBL5,C12H12N2O3,232.24
INDOMETHACIN,,COc1ccc2c(c1)c(CC(=O)O)c(C)n2C(=O)c1ccc(Cl)cc1,,CHEMBL6,C19H16ClNO4,357.79
SULBACTAM,,CC1(C)[C@H](C(=O)O)N2C(=O)C[C@H]2S1(=O)=O,,CHEMBL403,C8H11NO5S,233.24
TAZOBACTAM,,C[C@]1(Cn2ccnn2)[C@H](C(=O)O)N2C(=O)C[C@H]2S1(=O)=O,,CHEMBL404,C10H12N4O5S,300.30
CIPROFLOXACIN,,O=C(O)c1cn(C2CC2)c2cc(N3CCNCC3)c(F)cc2c1=O,,CHEMBL8,C17H18FN3O3,331.35
NORFLOXACIN,,CCn1cc(C(=O)O)c(=O)c2cc(F)c(N3CCNCC3)cc21,,CHEMBL9,C16H18FN3O3,319.34
AMPHETAMINE,,CC(N)Cc1ccccc1,,CHEMBL405,C9H13N,135.21
ISOSORBIDE DINITRATE,,O=[N+]([O-])O[C@H]1CO[C@H]2[C@@H]1OC[C@H]2O[N+](=O)[O-],,CHEMBL6622,C6H8N2O8,236.14
MIANSERIN,,CN1CCN2c3ccccc3Cc3ccccc3C2C1,,CHEMBL6437,C18H20N2,264.37
IMIPRAMINE,,CN(C)CCCN1c2ccccc2CCc2ccccc21,,CHEMBL11,C19H24N2,280.42
INDAPAMIDE,,CC1Cc2ccccc2N1NC(=O)c1ccc(Cl)c(S(N)(=O)=O)c1,,CHEMBL406,C16H16ClN3O3S,365.84
FLUMAZENIL,,CCOC(=O)c1ncn2c1CN(C)C(=O)c1cc(F)ccc1-2,,CHEMBL407,C15H14FN3O3,303.29
TROGLITAZONE,,Cc1c(C)c2c(c(C)c1O)CCC(C)(COc1ccc(CC3SC(=O)NC3=O)cc1)O2,,CHEMBL408,C24H27NO5S,441.55
BICALUTAMIDE,,CC(O)(CS(=O)(=O)c1ccc(F)cc1)C(=O)Nc1ccc(C#N)c(C(F)(F)F)c1,,CHEMBL409,C18H14F4N2O4S,430.38
DIAZEPAM,,CN1C(=O)CN=C(c2ccccc2)c2cc(Cl)ccc21,,CHEMBL12,C16H13ClN2O,284.75
METOPROLOL,,COCCc1ccc(OCC(O)CNC(C)C)cc1,,CHEMBL13,C15H25NO3,267.37
DIETHYLSTILBESTROL,,CC/C(=C(/CC)c1ccc(O)cc1)c1ccc(O)cc1,,CHEMBL411,C18H20O2,268.36
MECAMYLAMINE,,CNC1(C)C2CCC(C2)C1(C)C,,CHEMBL267936,C11H21N,167.30
CARBACHOL,,C[N+](C)(C)CCOC(N)=O.[Cl-],,CHEMBL14,C6H15ClN2O2,182.65
PHENYTOIN,,O=C1NC(=O)C(c2ccccc2)(c2ccccc2)N1,,CHEMBL16,C15H12N2O2,252.27
SIROLIMUS,,CO[C@H]1C[C@@H]2CC[C@@H](C)[C@@](O)(O2)C(=O)C(=O)N2CCCC[C@H]2C(=O)O[C@H]([C@H](C)C[C@@H]2CC[C@@H](O)[C@H](OC)C2)CC(=O)[C@H](C)/C=C(\C)[C@@H](O)[C@@H](OC)C(=O)[C@H](C)C[C@H](C)/C=C/C=C/C=C/1C,,CHEMBL413,C51H79NO13,914.19
TACROLIMUS ANHYDROUS,,C=CC[C@@H]1/C=C(\C)C[C@H](C)C[C@H](OC)[C@H]2O[C@@](O)(C(=O)C(=O)N3CCCC[C@H]3C(=O)O[C@H](/C(C)=C/[C@@H]3CC[C@@H](O)[C@H](OC)C3)[C@H](C)[C@@H](O)CC1=O)[C@H](C)C[C@@H]2OC,,CHEMBL269732,C44H69NO12,804.03
CLOMIPRAMINE,,CN(C)CCCN1c2ccccc2CCc2ccc(Cl)cc21,,CHEMBL415,C19H23ClN2,314.86
METHOXSALEN,,COc1c2occc2cc2ccc(=O)oc12,,CHEMBL416,C12H8O4,216.19
DICHLORPHENAMIDE,,NS(=O)(=O)c1cc(Cl)c(Cl)c(S(N)(=O)=O)c1,,CHEMBL17,C6H6Cl2N2O4S2,305.16
ETHOXZOLAMIDE,,CCOc1ccc2nc(S(N)(=O)=O)sc2c1,,CHEMBL18,C9H10N2O3S2,258.32
EPIRUBICIN,,COc1cccc2c1C(=O)c1c(O)c3c(c(O)c1C2=O)C[C@@](O)(C(=O)CO)C[C@@H]3O[C@H]1C[C@H](N)[C@@H](O)[C@H](C)O1,,CHEMBL417,C27H29NO11,543.53
METHAZOLAMIDE,,CC(=O)/N=c1/sc(S(N)(=O)=O)nn1C,,CHEMBL19,C5H8N4O3S2,236.28
ACETAZOLAMIDE,,CC(=O)Nc1nnc(S(N)(=O)=O)s1,,CHEMBL20,C4H6N4O3S2,222.25
MAFENIDE,,NCc1ccc(S(N)(=O)=O)cc1,,CHEMBL419,C7H10N2O2S,186.24
SULFANILAMIDE,,Nc1ccc(S(N)(=O)=O)cc1,,CHEMBL21,C6H8N2O2S,172.21
GUANABENZ,,N=C(N)N/N=C/c1c(Cl)cccc1Cl,,CHEMBL420,C8H8Cl2N4,231.09
TRIMETHOPRIM,,COc1cc(Cc2cnc(N)nc2N)cc(OC)c1OC,,CHEMBL22,C14H18N4O3,290.32
VERAPAMIL,,COc1ccc(CCN(C)CCCC(C#N)(c2ccc(OC)c(OC)c2)C(C)C)cc1OC,,CHEMBL6966,C27H38N2O4,454.61
SULFASALAZINE,,O=C(O)c1cc(/N=N/c2ccc(S(=O)(=O)Nc3ccccn3)cc2)ccc1O,,CHEMBL421,C18H14N4O5S,398.40
COUMARIN,,O=c1ccc2ccccc2o1,,CHEMBL6466,C9H6O2,146.14
DILTIAZEM,,COc1ccc([C@@H]2Sc3ccccc3N(CCN(C)C)C(=O)[C@@H]2OC(C)=O)cc1,,CHEMBL23,C22H26N2O4S,414.53
ATENOLOL,,CC(C)NCC(O)COc1ccc(CC(N)=O)cc1,,CHEMBL24,C14H22N2O3,266.34
ASPIRIN,,CC(=O)Oc1ccccc1C(=O)O,,CHEMBL25,C9H8O4,180.16
TRIFLUOPERAZINE,,CN1CCN(CCCN2c3ccccc3Sc3ccc(C(F)(F)F)cc32)CC1,,CHEMBL422,C21H24F3N3S,407.51
SULPIRIDE,,CCN1CCCC1CNC(=O)c1cc(S(N)(=O)=O)ccc1OC,,CHEMBL26,C15H23N3O4S,341.43
BETAXOLOL,,CC(C)NCC(O)COc1ccc(CCOCC2CC2)cc1,,CHEMBL423,C18H29NO3,307.43
SALICYLIC ACID,,O=C(O)c1ccccc1O,,CHEMBL424,C7H6O3,138.12
OLSALAZINE,,O=C(O)c1cc(/N=N/c2ccc(O)c(C(=O)O)c2)ccc1O,,CHEMBL425,C14H10N2O6,302.24
PROPRANOLOL,,CC(C)NCC(O)COc1cccc2ccccc12,,CHEMBL27,C16H21NO2,259.35
PRACTOLOL,,CC(=O)Nc1ccc(OCC(O)CNC(C)C)cc1,,CHEMBL6995,C14H22N2O3,266.34
MECHLORETHAMINE,,CN(CCCl)CCCl,,CHEMBL427,C5H11Cl2N,156.06
PENICILLIN G,,CC1(C)S[C@@H]2[C@H](NC(=O)Cc3ccccc3)C(=O)N2[C@H]1C(=O)O,,CHEMBL29,C16H18N2O4S,334.40
TROVAFLOXACIN,,N[C@@H]1[C@H]2CN(c3nc4c(cc3F)c(=O)c(C(=O)O)cn4-c3ccc(F)cc3F)C[C@@H]12,,CHEMBL428,C20H15F3N4O3,416.36
CIMETIDINE,,CN/C(=N\CCSCc1nc[nH]c1C)NC#N,,CHEMBL30,C10H16N6S,252.35
GATIFLOXACIN,,COc1c(N2CCNC(C)C2)c(F)cc2c(=O)c(C(=O)O)cn(C3CC3)c12,,CHEMBL31,C19H22FN3O4,375.40
LABETALOL,,CC(CCc1ccccc1)NCC(O)c1ccc(O)c(C(N)=O)c1,,CHEMBL429,C19H24N2O3,328.41
MOXIFLOXACIN,,COc1c(N2C[C@@H]3CCCN[C@@H]3C2)c(F)cc2c(=O)c(C(=O)O)cn(C3CC3)c12,,CHEMBL32,C21H24FN3O4,401.44
LEVOFLOXACIN ANHYDROUS,,C[C@H]1COc2c(N3CCN(C)CC3)c(F)cc3c(=O)c(C(=O)O)cn1c23,,CHEMBL33,C18H20FN3O4,361.37
GEMIFLOXACIN,,CO/N=C1\CN(c2nc3c(cc2F)c(=O)c(C(=O)O)cn3C2CC2)CC1CN,,CHEMBL430,C18H20FN5O4,389.39
SPIRAPRIL,,CCOC(=O)[C@H](CCc1ccccc1)N[C@@H](C)C(=O)N1CC2(C[C@H]1C(=O)O)SCCS2,,CHEMBL431,C22H30N2O5S2,466.63
VALPROATE SODIUM,,CCCC(CCC)C(=O)[O-].[Na+],,CHEMBL433,C8H15NaO2,166.20
ISOPROTERENOL,,CC(C)NCC(O)c1ccc(O)c(O)c1,,CHEMBL434,C11H17NO3,211.26
HYDROCHLOROTHIAZIDE,,NS(=O)(=O)c1cc2c(cc1Cl)NCNS2(=O)=O,,CHEMBL435,C7H8ClN3O4S2,297.75
FUROSEMIDE,,NS(=O)(=O)c1cc(C(=O)O)c(NCc2ccco2)cc1Cl,,CHEMBL35,C12H11ClN2O5S,330.75
PYRIMETHAMINE,,CCc1nc(N)nc(N)c1-c1ccc(Cl)cc1,,CHEMBL36,C12H13ClN4,248.72
TOLRESTAT,,COc1ccc2c(C(=S)N(C)CC(=O)O)cccc2c1C(F)(F)F,,CHEMBL436,C16H14F3NO3S,357.35
SULFATHIAZOLE,,Nc1ccc(S(=O)(=O)Nc2nccs2)cc1,,CHEMBL437,C9H9N3O2S2,255.32
SULFAMERAZINE,,Cc1ccnc(NS(=O)(=O)c2ccc(N)cc2)n1,,CHEMBL438,C11H12N4O2S,264.31
SULFADIAZINE,,Nc1ccc(S(=O)(=O)Nc2ncccn2)cc1,,CHEMBL439,C10H10N4O2S,250.28
THIAMYLAL,,C=CCC1(C(C)CCC)C(=O)NC(=S)NC1=O,,CHEMBL440,C12H18N2O2S,254.35
THIOPENTAL,,CCCC(C)C1(CC)C(=O)NC(=S)NC1=O,,CHEMBL441,C11H18N2O2S,242.34
CYCLOBARBITAL,,CCC1(C2=CCCCC2)C(=O)NC(=O)NC1=O,,CHEMBL268164,C12H16N2O3,236.27
ERGOTAMINE,,CN1C[C@H](C(=O)N[C@]2(C)O[C@@]3(O)[C@@H]4CCCN4C(=O)[C@H](Cc4ccccc4)N3C2=O)C=C2c3cccc4[nH]cc(c34)C[C@H]21,,CHEMBL442,C33H35N5O5,581.67
TRETINOIN,,CC1=C(/C=C/C(C)=C/C=C/C(C)=C/C(=O)O)C(C)(C)CCC1,,CHEMBL38,C20H28O2,300.44
METHOHEXITAL,,C=CCC1(C(C)C#CCC)C(=O)NC(=O)N(C)C1=O,,CHEMBL7413,C14H18N2O3,262.31
PHENOBARBITAL,,CCC1(c2ccccc2)C(=O)NC(=O)NC1=O,,CHEMBL40,C12H12N2O3,232.24
FLUOXETINE,,CNCCC(Oc1ccc(C(F)(F)F)cc1)c1ccccc1,,CHEMBL41,C17H18F3NO,309.33
SULFAMETHOXAZOLE,,Cc1cc(NS(=O)(=O)c2ccc(N)cc2)no1,,CHEMBL443,C10H11N3O3S,253.28
BARBITAL,,CCC1(CC)C(=O)NC(=O)NC1=O,,CHEMBL444,C8H12N2O3,184.19
CLOZAPINE,,CN1CCN(C2=Nc3cc(Cl)ccc3Nc3ccccc32)CC1,,CHEMBL42,C18H19ClN4,326.83
NORTRIPTYLINE,,CNCCC=C1c2ccccc2CCc2ccccc21,,CHEMBL445,C19H21N,263.38
SULFAMETHAZINE,,Cc1cc(C)nc(NS(=O)(=O)c2ccc(N)cc2)n1,,CHEMBL446,C12H14N4O2S,278.34
SECOBARBITAL,,C=CCC1(C(C)CCC)C(=O)NC(=O)NC1=O,,CHEMBL447,C12H18N2O3,238.29
PENTOBARBITAL,,CCCC(C)C1(CC)C(=O)NC(=O)NC1=O,,CHEMBL448,C11H18N2O3,226.28
QUINACRINE,,CCN(CC)CCCC(C)Nc1c2ccc(Cl)cc2nc2ccc(OC)cc12,,CHEMBL7568,C23H30ClN3O,399.97
AMOBARBITAL,,CCC1(CCC(C)C)C(=O)NC(=O)NC1=O,,CHEMBL267894,C11H18N2O3,226.28
HEXOBARBITAL,,CN1C(=O)NC(=O)C(C)(C2=CCCCC2)C1=O,,CHEMBL7728,C12H16N2O3,236.27
BUTABARBITAL,,CCC(C)C1(CC)C(=O)NC(=O)NC1=O,,CHEMBL449,C10H16N2O3,212.25
APROBARBITAL,,C=CCC1(C(C)C)C(=O)NC(=O)NC1=O,,CHEMBL7863,C10H14N2O3,210.23
METHARBITAL,,CCC1(CC)C(=O)NC(=O)N(C)C1=O,,CHEMBL450,C9H14N2O3,198.22
CHLORDIAZEPOXIDE,,CNC1=Nc2ccc(Cl)cc2C(c2ccccc2)=[N+]([O-])C1,,CHEMBL451,C16H14ClN3O,299.76
MELAGATRAN,,N=C(N)c1ccc(CNC(=O)[C@@H]2CCN2C(=O)[C@H](NCC(=O)O)C2CCCCC2)cc1,,CHEMBL266349,C22H31N5O4,429.52
CLONAZEPAM,,O=C1CN=C(c2ccccc2Cl)c2cc([N+](=O)[O-])ccc2N1,,CHEMBL452,C15H10ClN3O3,315.72
SULFISOXAZOLE,,Cc1noc(NS(=O)(=O)c2ccc(N)cc2)c1C,,CHEMBL453,C11H13N3O3S,267.31
SULFAMETHOXYPYRIDAZINE,,COc1ccc(NS(=O)(=O)c2ccc(N)cc2)nn1,,CHEMBL268869,C11H12N4O3S,280.31
BUTALBITAL,,C=CCC1(CC(C)C)C(=O)NC(=O)NC1=O,,CHEMBL454,C11H16N2O3,224.26
SULFACETAMIDE,,CC(=O)NS(=O)(=O)c1ccc(N)cc1,,CHEMBL455,C8H10N2O3S,214.25
AMSACRINE,,COc1cc(NS(C)(=O)=O)ccc1Nc1c2ccccc2nc2ccccc12,,CHEMBL43,C21H19N3O3S,393.47
ETHACRYNIC ACID,,C=C(CC)C(=O)c1ccc(OCC(=O)O)c(Cl)c1Cl,,CHEMBL456,C13H12Cl2O4,303.14
TICRYNAFEN,,O=C(O)COc1ccc(C(=O)c2cccs2)c(Cl)c1Cl,,CHEMBL267744,C13H8Cl2O4S,331.18
GEMFIBROZIL,,Cc1ccc(C)c(OCCCC(C)(C)C(=O)O)c1,,CHEMBL457,C15H22O3,250.34
MELATONIN,,COc1ccc2[nH]cc(CCNC(C)=O)c2c1,,CHEMBL45,C13H16N2O2,232.28
ONDANSETRON,,Cc1nccn1CC1CCc2c(c3ccccc3n2C)C1=O,,CHEMBL46,C18H19N3O,293.37
BUSPIRONE,,O=C1CC2(CCCC2)CC(=O)N1CCCCN1CCN(c2ncccn2)CC1,,CHEMBL49,C21H31N5O2,385.51
KETANSERIN,,O=C(c1ccc(F)cc1)C1CCN(CCn2c(=O)[nH]c3ccccc3c2=O)CC1,,CHEMBL51,C22H22FN3O3,395.43
METHYLDOPA,,C[C@](N)(Cc1ccc(O)c(O)c1)C(=O)O,,CHEMBL459,C10H13NO4,211.22
MOLINDONE,,CCc1c(C)[nH]c2c1C(=O)C(CN1CCOCC1)CC2,,CHEMBL460,C16H24N2O2,276.38
APOMORPHINE,,CN1CCc2cccc3c2[C@H]1Cc1ccc(O)c(O)c1-3,,CHEMBL53,C17H17NO2,267.33
HALOPERIDOL,,O=C(CCCN1CCC(O)(c2ccc(Cl)cc2)CC1)c1ccc(F)cc1,,CHEMBL54,C21H23ClFNO2,375.87
PENTAMIDINE,,N=C(N)c1ccc(OCCCCCOc2ccc(C(=N)N)cc2)cc1,,CHEMBL55,C19H24N4O2,340.43
AMINOHIPPURIC ACID,,Nc1ccc(C(=O)NCC(=O)O)cc1,,CHEMBL463,C9H10N2O3,194.19
ETRETINATE,,CCOC(=O)/C=C(C)/C=C/C=C(C)/C=C/c1c(C)cc(OC)c(C)c1C,,CHEMBL464,C23H30O3,354.49
NEVIRAPINE,,Cc1ccnc2c1NC(=O)c1cccnc1N2C1CC1,,CHEMBL57,C15H14N4O,266.30
DRONABINOL,,CCCCCc1cc(O)c2c(c1)OC(C)(C)[C@@H]1CCC(C)=C[C@@H]21,,CHEMBL465,C21H30O2,314.47
MITOXANTRONE,,O=C1c2c(O)ccc(O)c2C(=O)c2c(NCCNCCO)ccc(NCCNCCO)c21,,CHEMBL58,C22H28N4O6,444.49
DOPAMINE,,NCCc1ccc(O)c(O)c1,,CHEMBL59,C8H11NO2,153.18
HYDROXYUREA,,NC(=O)NO,,CHEMBL467,CH4N2O2,76.05
PODOFILOX,,COc1cc([C@@H]2c3cc4c(cc3[C@H](O)[C@H]3COC(=O)[C@H]23)OCO4)cc(OC)c1OC,,CHEMBL61,C22H22O8,414.41
ISONIAZID,,NNC(=O)c1ccncc1,,CHEMBL64,C6H7N3O,137.14
THALIDOMIDE,,O=C1CCC(N2C(=O)c3ccccc3C2=O)C(=O)N1,,CHEMBL468,C13H10N2O4,258.23
KETOROLAC,,O=C(c1ccccc1)c1ccc2n1CCC2C(=O)O,,CHEMBL469,C15H13NO3,255.27
SOTALOL,,CC(C)NCC(O)c1ccc(NS(C)(=O)=O)cc1,,CHEMBL471,C12H20N2O3S,272.37
GLYBURIDE,,COc1ccc(Cl)cc1C(=O)NCCc1ccc(S(=O)(=O)NC(=O)NC2CCCCC2)cc1,,CHEMBL472,C23H28ClN3O5S,494.01
HEXESTROL,,CC[C@H](c1ccc(O)cc1)[C@@H](CC)c1ccc(O)cc1,,CHEMBL9225,C18H22O2,270.37
DOFETILIDE,,CN(CCOc1ccc(NS(C)(=O)=O)cc1)CCc1ccc(NS(C)(=O)=O)cc1,,CHEMBL473,C19H27N3O5S2,441.58
DACARBAZINE,,CN(C)/N=N/c1[nH]cnc1C(N)=O,,CHEMBL476,C6H10N6O,182.19
ADENOSINE,,Nc1ncnc2c1ncn2[C@@H]1O[C@H](CO)[C@@H](O)[C@H]1O,,CHEMBL477,C10H13N5O4,267.25
THIORIDAZINE,,CSc1ccc2c(c1)N(CCC1CCCCN1C)c1ccccc1S2,,CHEMBL479,C21H26N2S2,370.59
LANSOPRAZOLE,,Cc1c(OCC(F)(F)F)ccnc1C[S+]([O-])c1nc2ccccc2[nH]1,,CHEMBL480,C16H14F3N3O2S,369.37
IRINOTECAN,,CCc1c2c(nc3ccc(OC(=O)N4CCC(N5CCCCC5)CC4)cc13)-c1cc3c(c(=O)n1C2)COC(=O)[C@]3(O)CC,,CHEMBL481,C33H38N4O6,586.69
MORPHINE,,CN1CC[C@]23c4c5ccc(O)c4O[C@H]2[C@@H](O)C=C[C@H]3[C@H]1C5,,CHEMBL70,C17H19NO3,285.34
CODEINE,,COc1ccc2c3c1O[C@H]1[C@@H](O)C=C[C@H]4[C@@H](C2)N(C)CC[C@@]341,,CHEMBL485,C18H21NO3,299.37
CHLORPROMAZINE,,CN(C)CCCN1c2ccccc2Sc2ccc(Cl)cc21,,CHEMBL71,C17H19ClN2S,318.87
DESIPRAMINE,,CNCCCN1c2ccccc2CCc2ccccc21,,CHEMBL72,C18H22N2,266.39
AMINOGLUTETHIMIDE,,CCC1(c2ccc(N)cc2)CCC(=O)NC1=O,,CHEMBL488,C13H16N2O2,232.28
CROMOLYN SODIUM,,O=C([O-])c1cc(=O)c2c(OCC(O)COc3cccc4oc(C(=O)[O-])cc(=O)c34)cccc2o1.[Na+].[Na+],,CHEMBL74,C23H14Na2O11,512.33
CHLOROQUINE,,CCN(CC)CCCC(C)Nc1ccnc2cc(Cl)ccc12,,CHEMBL76,C18H26ClN3,319.88
PAROXETINE,,Fc1ccc([C@@H]2CCNC[C@H]2COc2ccc3c(c2)OCO3)cc1,,CHEMBL490,C19H20FNO3,329.37
ETORICOXIB,,Cc1ccc(-c2ncc(Cl)cc2-c2ccc(S(C)(=O)=O)cc2)cn1,,CHEMBL416146,C18H15ClN2O2S,358.85
LIDOCAINE,,CCN(CC)CC(=O)Nc1c(C)cccc1C,,CHEMBL79,C14H22N2O,234.34
PIRENZEPINE,,CN1CCN(CC(=O)N2c3ccccc3C(=O)Nc3cccnc32)CC1,,CHEMBL9967,C19H21N5O2,351.41
ETIDOCAINE,,CCCN(CC)C(CC)C(=O)Nc1c(C)cccc1C,,CHEMBL492,C17H28N2O,276.42
NALOXONE,,C=CCN1CC[C@]23c4c5ccc(O)c4O[C@H]2C(=O)CC[C@@]3(O)[C@H]1C5,,CHEMBL80,C19H21NO4,327.38
RALOXIFENE,,O=C(c1ccc(OCCN2CCCCC2)cc1)c1c(-c2ccc(O)cc2)sc2cc(O)ccc12,,CHEMBL81,C28H27NO4S,473.59
TAMOXIFEN,,CC/C(=C(\c1ccccc1)c1ccc(OCCN(C)C)cc1)c1ccccc1,,CHEMBL83,C26H29NO,371.52
BROMOCRIPTINE,,CC(C)C[C@H]1C(=O)N2CCC[C@H]2[C@]2(O)O[C@](NC(=O)[C@@H]3C=C4c5cccc6[nH]c(Br)c(c56)C[C@H]4N(C)C3)(C(C)C)C(=O)N12,,CHEMBL493,C32H40BrN5O5,654.61
ILOPROST,,CC#CCC(C)[C@H](O)/C=C/[C@@H]1[C@H]2C/C(=C/CCCC(=O)O)C[C@H]2C[C@H]1O,,CHEMBL494,C22H32O4,360.49
TOPOTECAN,,CC[C@@]1(O)C(=O)OCc2c1cc1n(c2=O)Cc2cc3c(CN(C)C)c(O)ccc3nc2-1,,CHEMBL84,C23H23N3O5,421.45
RISPERIDONE,,Cc1nc2n(c(=O)c1CCN1CCC(c3noc4cc(F)ccc34)CC1)CCCC2,,CHEMBL85,C23H27FN4O2,410.49
CROMOLYN,,O=C(O)c1cc(=O)c2c(OCC(O)COc3cccc4oc(C(=O)O)cc(=O)c34)cccc2o1,,CHEMBL428880,C23H16O11,468.37
METOCLOPRAMIDE,,CCN(CC)CCNC(=O)c1cc(Cl)c(N)cc1OC,,CHEMBL86,C14H22ClN3O2,299.80
PACLITAXEL,,CC(=O)O[C@H]1C(=O)[C@@]2(C)[C@H]([C@H](OC(=O)c3ccccc3)[C@]3(O)C[C@H](OC(=O)[C@H](O)[C@@H](NC(=O)c4ccccc4)c4ccccc4)C(C)=C1C3(C)C)[C@]1(OC(C)=O)CO[C@@H]1C[C@@H]2O,,CHEMBL428647,C47H51NO14,853.92
ALPROSTADIL,,CCCCC[C@H](O)/C=C/[C@H]1[C@H](O)CC(=O)[C@@H]1CCCCCCC(=O)O,,CHEMBL495,C20H34O5,354.49
HEXACHLOROPHENE,,Oc1c(Cl)cc(Cl)c(Cl)c1Cc1c(O)c(Cl)cc(Cl)c1Cl,,CHEMBL496,C13H6Cl6O2,406.91
CLIOQUINOL,,Oc1c(I)cc(Cl)c2cccnc12,,CHEMBL497,C9H5ClINO,305.50
AGOMELATINE,,COc1ccc2cccc(CCNC(C)=O)c2c1,,CHEMBL10878,C15H17NO2,243.31
CYCLOPHOSPHAMIDE ANHYDROUS,,O=P1(N(CCCl)CCCl)NCCCO1,,CHEMBL88,C7H15Cl2N2O2P,261.09
CHLORPROPAMIDE,,CCCNC(=O)NS(=O)(=O)c1ccc(Cl)cc1,,CHEMBL498,C10H13ClN2O3S,276.75
TIMOLOL,,CC(C)(C)NC[C@H](O)COc1nsnc1N1CCOCC1,,CHEMBL499,C13H24N4O3S,316.43
PINDOLOL,,CC(C)NCC(O)COc1cccc2[nH]ccc12,,CHEMBL500,C14H20N2O2,248.33
HYDRALAZINE,,NNc1nncc2ccccc12,,CHEMBL276832,C8H8N4,160.18
AMPHETAMINE SULFATE,,CC(N)Cc1ccccc1.O=S(=O)(O)O,,CHEMBL501,C9H15NO4S,233.29
AMPHOTERICIN B,,C[C@@H]1[C@H](O)[C@@H](C)/C=C/C=C/C=C/C=C/C=C/C=C/C=C/[C@H](O[C@@H]2O[C@H](C)[C@@H](O)[C@H](N)[C@@H]2O)C[C@@H]2O[C@](O)(C[C@@H](O)C[C@@H](O)[C@H](O)CC[C@@H](O)C[C@@H](O)CC(=O)O[C@H]1C)C[C@H](O)[C@H]2C(=O)O,,CHEMBL267345,C47H73NO17,924.09
HISTAMINE,,NCCc1c[nH]cn1,,CHEMBL90,C5H9N3,111.15
MICONAZOLE,,Clc1ccc(COC(Cn2ccnc2)c2ccc(Cl)cc2Cl)c(Cl)c1,,CHEMBL91,C18H14Cl4N2O,416.13
DOCETAXEL ANHYDROUS,,CC(=O)O[C@@]12CO[C@@H]1C[C@H](O)[C@@]1(C)C(=O)[C@H](O)C3=C(C)[C@@H](OC(=O)[C@H](O)[C@@H](NC(=O)OC(C)(C)C)c4ccccc4)C[C@@](O)([C@@H](OC(=O)c4ccccc4)[C@H]21)C3(C)C,,CHEMBL92,C43H53NO14,807.89
ZILEUTON,,CC(c1cc2ccccc2s1)N(O)C(N)=O,,CHEMBL93,C11H12N2O2S,236.30
PHYSOSTIGMINE,,CNC(=O)Oc1ccc2c(c1)[C@]1(C)CCN(C)[C@@H]1N2C,,CHEMBL94,C15H21N3O2,275.35
TACRINE,,Nc1c2c(nc3ccccc13)CCCC2,,CHEMBL95,C13H14N2,198.27
DONEPEZIL,,COc1cc2c(cc1OC)C(=O)C(CC1CCN(Cc3ccccc3)CC1)C2,,CHEMBL502,C24H29NO3,379.50
LOVASTATIN,,CC[C@H](C)C(=O)O[C@H]1C[C@@H](C)C=C2C=C[C@H](C)[C@H](CC[C@@H]3C[C@@H](O)CC(=O)O3)[C@H]21,,CHEMBL503,C24H36O5,404.55
OZAGREL,,O=C(O)/C=C/c1ccc(Cn2ccnc2)cc1,,CHEMBL11662,C13H12N2O2,228.25
BENZYDAMINE,,CN(C)CCCOc1nn(Cc2ccccc2)c2ccccc12,,CHEMBL12610,C19H23N3O,309.41
ACETANILIDE,,CC(=O)Nc1ccccc1,,CHEMBL269644,C8H9NO,135.17
DIMETHYL SULFOXIDE,,C[S+](C)[O-],,CHEMBL504,C2H6OS,78.14
CHLORPHENIRAMINE,,CN(C)CCC(c1ccc(Cl)cc1)c1ccccn1,,CHEMBL505,C16H19ClN2,274.80
PRIMAQUINE,,COc1cc(NC(C)CCCN)c2ncccc2c1,,CHEMBL506,C15H21N3O,259.35
MECLOFENAMIC ACID,,Cc1ccc(Cl)c(Nc2ccccc2C(=O)O)c1Cl,,CHEMBL509,C14H11Cl2NO2,296.15
PYRILAMINE,,COc1ccc(CN(CCN(C)C)c2ccccn2)cc1,,CHEMBL511,C17H23N3O,285.39
SERTINDOLE,,O=C1NCCN1CCN1CCC(c2cn(-c3ccc(F)cc3)c3ccc(Cl)cc23)CC1,,CHEMBL12713,C24H26ClFN4O,440.95
CARMUSTINE,,O=NN(CCCl)C(=O)NCCCl,,CHEMBL513,C5H9Cl2N3O2,214.05
LOMUSTINE,,O=NN(CCCl)C(=O)NC1CCCCC1,,CHEMBL514,C9H16ClN3O2,233.70
CHLORAMBUCIL,,O=C(O)CCCc1ccc(N(CCCl)CCCl)cc1,,CHEMBL515,C14H19Cl2NO2,304.22
CYPROHEPTADINE,,CN1CCC(=C2c3ccccc3C=Cc3ccccc32)CC1,,CHEMBL516,C21H21N,287.41
INAMRINONE,,Nc1cc(-c2ccncc2)c[nH]c1=O,,CHEMBL12856,C10H9N3O,187.20
DISOPYRAMIDE,,CC(C)N(CCC(C(N)=O)(c1ccccc1)c1ccccn1)C(C)C,,CHEMBL517,C21H29N3O,339.48
VORINOSTAT,,O=C(CCCCCCC(=O)Nc1ccccc1)NO,,CHEMBL98,C14H20N2O3,264.32
IBUPROFEN,,CC(C)Cc1ccc(C(C)C(=O)O)cc1,,CHEMBL521,C13H18O2,206.28
CLOMETACIN,,COc1ccc2c(C(=O)c3ccc(Cl)cc3)c(C)n(CC(=O)O)c2c1,,CHEMBL13376,C19H16ClNO4,357.79
FLUNITRAZEPAM,,CN1C(=O)CN=C(c2ccccc2F)c2cc([N+](=O)[O-])ccc21,,CHEMBL13280,C16H12FN3O3,313.29
NITRAZEPAM,,O=C1CN=C(c2ccccc2)c2cc([N+](=O)[O-])ccc2N1,,CHEMBL13209,C15H11N3O3,281.27
METHOXAMINE,,COc1ccc(OC)c(C(O)C(C)N)c1,,CHEMBL524,C11H17NO3,211.26
PROPOFOL,,CC(C)c1cccc(C(C)C)c1O,,CHEMBL526,C12H18O,178.27
PIROXICAM,,CN1C(C(=O)Nc2ccccn2)=C(O)c2ccccc2S1(=O)=O,,CHEMBL527,C15H13N3O4S,331.35
CEFTIZOXIME,,CO/N=C(\C(=O)N[C@@H]1C(=O)N2C(C(=O)O)=CCS[C@H]12)c1csc(N)n1,,CHEMBL528,C13H13N5O5S2,383.41
PHENYLBUTAZONE,,CCCCC1C(=O)N(c2ccccc2)N(c2ccccc2)C1=O,,CHEMBL101,C19H20N2O2,308.38
AZITHROMYCIN,,CC[C@H]1OC(=O)[C@H](C)[C@@H](O[C@H]2C[C@@](C)(OC)[C@@H](O)[C@H](C)O2)[C@H](C)[C@@H](O[C@@H]2O[C@H](C)C[C@H](N(C)C)[C@H]2O)[C@](C)(O)C[C@@H](C)CN(C)[C@H](C)[C@@H](O)[C@]1(C)O,,CHEMBL529,C38H72N2O12,749.00
AMDINOCILLIN,,CC1(C)S[C@@H]2[C@H](/N=C/N3CCCCCC3)C(=O)N2[C@H]1C(=O)O,,CHEMBL530,C15H23N3O3S,325.43
PERGOLIDE,,CCCN1C[C@H](CSC)C[C@@H]2c3cccc4[nH]cc(c34)C[C@H]21,,CHEMBL531,C19H26N2S,314.50
ERYTHROMYCIN,,CC[C@H]1OC(=O)[C@H](C)[C@@H](O[C@H]2C[C@@](C)(OC)[C@@H](O)[C@H](C)O2)[C@H](C)[C@@H](O[C@@H]2O[C@H](C)C[C@H](N(C)C)[C@H]2O)[C@](C)(O)C[C@@H](C)C(=O)[C@H](C)[C@@H](O)[C@]1(C)O,,CHEMBL532,C37H67NO13,733.94
IBUTILIDE,,CCCCCCCN(CC)CCCC(O)c1ccc(NS(C)(=O)=O)cc1,,CHEMBL533,C20H36N2O3S,384.59
PROGESTERONE,,CC(=O)[C@H]1CC[C@H]2[C@@H]3CCC4=CC(=O)CC[C@]4(C)[C@H]3CC[C@]12C,,CHEMBL103,C21H30O2,314.47
KETOTIFEN,,CN1CCC(=C2c3ccccc3CC(=O)c3sccc32)CC1,,CHEMBL534,C19H19NOS,309.43
SUNITINIB,,CCN(CC)CCNC(=O)c1c(C)[nH]c(/C=C2\C(=O)Nc3ccc(F)cc32)c1C,,CHEMBL535,C22H27FN4O2,398.48
HYDROQUINONE,,Oc1ccc(O)cc1,,CHEMBL537,C6H6O2,110.11
ACETIC ACID,,CC(=O)O,,CHEMBL539,C2H4O2,60.05
PHENOL,,Oc1ccccc1,,CHEMBL14060,C6H6O,94.11
MEQUINOL,,COc1ccc(O)cc1,,CHEMBL544,C7H8O2,124.14
CLOTRIMAZOLE,,Clc1ccccc1C(c1ccccc1)(c1ccccc1)n1ccnc1,,CHEMBL104,C22H17ClN2,344.85
MITOMYCIN,,CO[C@@]12[C@H](COC(N)=O)C3=C(C(=O)C(C)=C(N)C3=O)N1C[C@@H]1N[C@@H]12,,CHEMBL105,C15H18N4O5,334.33
ALCOHOL,,CCO,,CHEMBL545,C2H6O,46.07
OXPRENOLOL,,C=CCOc1ccccc1OCC(O)CNC(C)C,,CHEMBL546,C15H23NO3,265.35
FLUCONAZOLE,,OC(Cn1cncn1)(Cn1cncn1)c1ccc(F)cc1F,,CHEMBL106,C13H12F2N6O,306.28
ISOTRETINOIN,,CC1=C(/C=C/C(C)=C/C=C/C(C)=C\C(=O)O)C(C)(C)CCC1,,CHEMBL547,C20H28O2,300.44
ILOPERIDONE,,COc1cc(C(C)=O)ccc1OCCCN1CCC(c2noc3cc(F)ccc23)CC1,,CHEMBL14376,C24H27FN2O4,426.49
DINOPROSTONE,,CCCCC[C@H](O)/C=C/[C@H]1[C@H](O)CC(=O)[C@@H]1C/C=C\CCCC(=O)O,,CHEMBL548,C20H32O5,352.47
NEOSTIGMINE,,CN(C)C(=O)Oc1cccc([N+](C)(C)C)c1,,CHEMBL278020,C12H19N2O2+,223.30
REBOXETINE,,CCOc1ccccc1OC(c1ccccc1)C1CNCCO1,,CHEMBL14370,C19H23NO3,313.40
CITALOPRAM,,CN(C)CCCC1(c2ccc(F)cc2)OCc2cc(C#N)ccc21,,CHEMBL549,C20H21FN2O,324.40
PILOCARPINE,,CC[C@@H]1C(=O)OC[C@@H]1Cc1cncn1C,,CHEMBL550,C11H16N2O2,208.26
COLCHICINE,,COc1cc2c(c(OC)c1OC)-c1ccc(OC)c(=O)cc1[C@@H](NC(C)=O)CC2,,CHEMBL107,C22H25NO6,399.44
ERLOTINIB,,C#Cc1cccc(Nc2ncnc3cc(OCCOC)c(OCCOC)cc23)c1,,CHEMBL553,C22H23N3O4,393.44
LAPATINIB,,CS(=O)(=O)CCNCc1ccc(-c2ccc3ncnc(Nc4ccc(OCc5cccc(F)c5)c(Cl)c4)c3c2)o1,,CHEMBL554,C29H26ClFN4O4S,581.07
TRIFLUPERIDOL,,O=C(CCCN1CCC(O)(c2cccc(C(F)(F)F)c2)CC1)c1ccc(F)cc1,,CHEMBL15023,C22H23F4NO2,409.42
CARBAMAZEPINE,,NC(=O)N1c2ccccc2C=Cc2ccccc21,,CHEMBL108,C15H12N2O,236.27
VALPROIC ACID,,CCCC(CCC)C(=O)O,,CHEMBL109,C8H16O2,144.21
TEMAFLOXACIN,,CC1CN(c2cc3c(cc2F)c(=O)c(C(=O)O)cn3-c2ccc(F)cc2F)CCN1,,CHEMBL277100,C21H18F3N3O3,417.39
BENZNIDAZOLE,,O=C(Cn1ccnc1[N+](=O)[O-])NCc1ccccc1,,CHEMBL110,C12H12N4O3,260.25
DEFEROXAMINE,,CC(=O)N(O)CCCCCNC(=O)CCC(=O)N(O)CCCCCNC(=O)CCC(=O)N(O)CCCCCN,,CHEMBL556,C25H48N6O8,560.69
MEXILETINE,,Cc1cccc(C)c1OCC(C)N,,CHEMBL558,C11H17NO,179.26
DEXTROTHYROXINE,,N[C@H](Cc1cc(I)c(Oc2cc(I)c(O)c(I)c2)c(I)c1)C(=O)O,,CHEMBL559,C15H11I4NO4,776.87
RIMONABANT,,Cc1c(C(=O)NN2CCCCC2)nn(-c2ccc(Cl)cc2Cl)c1-c1ccc(Cl)cc1,,CHEMBL111,C22H21Cl3N4O,463.80
NOMIFENSINE,,CN1Cc2c(N)cccc2C(c2ccccc2)C1,,CHEMBL273575,C16H18N2,238.33
LOMEFLOXACIN,,CCn1cc(C(=O)O)c(=O)c2cc(F)c(N3CCNC(C)C3)c(F)c21,,CHEMBL561,C17H19F2N3O3,351.35
GRISEOFULVIN,,COC1=CC(=O)C[C@@H](C)[C@]12Oc1c(Cl)c(OC)cc(OC)c1C2=O,,CHEMBL562,C17H17ClO6,352.77
FLURBIPROFEN,,CC(C(=O)O)c1ccc(-c2ccccc2)c(F)c1,,CHEMBL563,C15H13FO2,244.26
PROMAZINE,,CN(C)CCCN1c2ccccc2Sc2ccccc21,,CHEMBL564,C17H20N2S,284.43
CLOFIBRATE,,CCOC(=O)C(C)(C)Oc1ccc(Cl)cc1,,CHEMBL565,C12H15ClO3,242.70
ACETAMINOPHEN,,CC(=O)Nc1ccc(O)cc1,,CHEMBL112,C8H9NO2,151.16
CAFFEINE,,Cn1c(=O)c2c(ncn2C)n(C)c1=O,,CHEMBL113,C8H10N4O2,194.19
PHENACETIN,,CCOc1ccc(NC(C)=O)cc1,,CHEMBL16073,C10H13NO2,179.22
PERPHENAZINE,,OCCN1CCN(CCCN2c3ccccc3Sc3ccc(Cl)cc32)CC1,,CHEMBL567,C21H26ClN3OS,403.98
OXAZEPAM,,O=C1Nc2ccc(Cl)cc2C(c2ccccc2)=NC1O,,CHEMBL568,C15H11ClN2O2,286.72
SULINDAC,,CC1=C(CC(=O)O)c2cc(F)ccc2/C1=C\c1ccc([S+](C)[O-])cc1,,CHEMBL15770,C20H17FO3S,356.42
FENCLOFENAC,,O=C(O)Cc1ccccc1Oc1ccc(Cl)cc1Cl,,CHEMBL15677,C14H10Cl2O3,297.14
INDALPINE,,c1ccc2c(CCC3CCNCC3)c[nH]c2c1,,CHEMBL276520,C15H20N2,228.34
PROCAINE,,CCN(CC)CCOC(=O)c1ccc(N)cc1,,CHEMBL569,C13H20N2O2,236.31
TRIFLUPROMAZINE,,CN(C)CCCN1c2ccccc2Sc2ccc(C(F)(F)F)cc21,,CHEMBL570,C18H19F3N2S,352.43
KETOPROFEN,,CC(C(=O)O)c1cccc(C(=O)c2ccccc2)c1,,CHEMBL571,C16H14O3,254.29
NITROFURANTOIN,,O=C1CN(/N=C/c2ccc([N+](=O)[O-])o2)C(=O)N1,,CHEMBL572,C8H6N4O5,238.16
INDOPROFEN,,CC(C(=O)O)c1ccc(N2Cc3ccccc3C2=O)cc1,,CHEMBL15870,C17H15NO3,281.31
LINDANE,,Cl[C@H]1[C@H](Cl)[C@@H](Cl)[C@@H](Cl)[C@H](Cl)[C@H]1Cl,,CHEMBL15891,C6H6Cl6,290.83
NIACIN,,O=C(O)c1cccnc1,,CHEMBL573,C6H5NO2,123.11
METHICILLIN,,COc1cccc(OC)c1C(=O)N[C@@H]1C(=O)N2[C@@H]1SC(C)(C)[C@@H]2C(=O)O,,CHEMBL575,C17H20N2O6S,380.42
TRICHLOROETHANE,,CC(Cl)(Cl)Cl,,CHEMBL16080,C2H3Cl3,133.41
ENALAPRILAT ANHYDROUS,,C[C@H](N[C@@H](CCc1ccccc1)C(=O)O)C(=O)N1CCC[C@H]1C(=O)O,,CHEMBL577,C18H24N2O5,348.40
ENALAPRIL,,CCOC(=O)[C@H](CCc1ccccc1)N[C@@H](C)C(=O)N1CCC[C@H]1C(=O)O,,CHEMBL578,C20H28N2O5,376.45
LORAZEPAM,,O=C1Nc2ccc(Cl)cc2C(c2ccccc2Cl)=NC1O,,CHEMBL580,C15H10Cl2N2O2,321.16
BROMAZEPAM,,O=C1CN=C(c2ccccn2)c2cc(Br)ccc2N1,,CHEMBL277062,C14H10BrN3O,316.16
BIFONAZOLE,,c1ccc(-c2ccc(C(c3ccccc3)n3ccnc3)cc2)cc1,,CHEMBL277535,C22H18N2,310.40
ISOPROPYL ALCOHOL,,CC(C)O,,CHEMBL582,C3H8O,60.10
GREPAFLOXACIN,,Cc1c(F)c(N2CCNC(C)C2)cc2c1c(=O)c(C(=O)O)cn2C1CC1,,CHEMBL583,C19H22FN3O3,359.40
SAQUINAVIR,,CC(C)(C)NC(=O)[C@@H]1C[C@@H]2CCCC[C@@H]2CN1C[C@@H](O)[C@H](Cc1ccccc1)NC(=O)[C@H](CC(N)=O)NC(=O)c1ccc2ccccc2n1,,CHEMBL114,C38H50N6O5,670.86
INDINAVIR ANHYDROUS,,CC(C)(C)NC(=O)[C@@H]1CN(Cc2cccnc2)CCN1C[C@@H](O)C[C@@H](Cc1ccccc1)C(=O)N[C@H]1c2ccccc2C[C@H]1O,,CHEMBL115,C36H47N5O4,613.80
NELFINAVIR,,Cc1c(O)cccc1C(=O)N[C@@H](CSc1ccccc1)[C@H](O)CN1C[C@H]2CCCC[C@H]2C[C@H]1C(=O)NC(C)(C)C,,CHEMBL584,C32H45N3O4S,567.80
AMPRENAVIR,,CC(C)CN(C[C@@H](O)[C@H](Cc1ccccc1)NC(=O)O[C@H]1CCOC1)S(=O)(=O)c1ccc(N)cc1,,CHEMBL116,C25H35N3O6S,505.64
TRIAMTERENE,,Nc1nc(N)c2nc(-c3ccccc3)c(N)nc2n1,,CHEMBL585,C12H11N7,253.27
PRONETALOL,,CC(C)NCC(O)c1ccc2ccccc2c1,,CHEMBL16476,C15H19NO,229.32
CELECOXIB,,Cc1ccc(-c2cc(C(F)(F)F)nn2-c2ccc(S(N)(=O)=O)cc2)cc1,,CHEMBL118,C17H14F3N3O2S,381.38
TRIMETREXATE,,COc1cc(NCc2ccc3nc(N)nc(N)c3c2C)cc(OC)c1OC,,CHEMBL119,C19H23N5O3,369.43
FENOLDOPAM,,Oc1ccc(C2CNCCc3c2cc(O)c(O)c3Cl)cc1,,CHEMBL588,C16H16ClNO3,305.76
ROPINIROLE,,CCCN(CCC)CCc1cccc2c1CC(=O)N2,,CHEMBL589,C16H24N2O,260.38
MENADIONE,,CC1=CC(=O)c2ccccc2C1=O,,CHEMBL590,C11H8O2,172.18
ETHCHLORVYNOL,,C#CC(O)(/C=C/Cl)CC,,CHEMBL591,C7H9ClO,144.60
TERFENADINE,,CC(C)(C)c1ccc(C(O)CCCN2CCC(C(O)(c3ccccc3)c3ccccc3)CC2)cc1,,CHEMBL17157,C32H41NO2,471.69
LEVORPHANOL,,CN1CC[C@]23CCCC[C@H]2[C@H]1Cc1ccc(O)cc13,,CHEMBL592,C17H23NO,257.38
DELAVIRDINE,,CC(C)Nc1cccnc1N1CCN(C(=O)c2cc3cc(NS(C)(=O)=O)ccc3[nH]2)CC1,,CHEMBL593,C22H28N6O3S,456.57
EMEDASTINE,,CCOCCn1c(N2CCCN(C)CC2)nc2ccccc21,,CHEMBL594,C17H26N4O,302.42
PIOGLITAZONE,,CCc1ccc(CCOc2ccc(CC3SC(=O)NC3=O)cc2)nc1,,CHEMBL595,C19H20N2O3S,356.45
FENTANYL,,CCC(=O)N(c1ccccc1)C1CCN(CCc2ccccc2)CC1,,CHEMBL596,C22H28N2O,336.48
ROSIGLITAZONE,,CN(CCOc1ccc(CC2SC(=O)NC2=O)cc1)c1ccccn1,,CHEMBL121,C18H19N3O3S,357.44
MARALIXIBAT CHLORIDE,,CCCCC1(CCCC)CS(=O)(=O)c2ccc(N(C)C)cc2[C@@H](c2ccc(OCc3ccc(C[N+]45CCN(CC4)CC5)cc3)cc2)[C@H]1O.[Cl-],,CHEMBL17879,C40H56ClN3O4S,710.42
LOFEXIDINE,,CC(Oc1c(Cl)cccc1Cl)C1=NCCN1,,CHEMBL17860,C11H12Cl2N2O,259.14
PHENTOLAMINE,,Cc1ccc(N(CC2=NCCN2)c2cccc(O)c2)cc1,,CHEMBL597,C17H19N3O,281.36
PLERIXAFOR,,c1cc(CN2CCCNCCNCCCNCC2)ccc1CN1CCCNCCNCCCNCC1,,CHEMBL18442,C28H54N8,502.80
TOLOXATONE,,Cc1cccc(N2CC(CO)OC2=O)c1,,CHEMBL18116,C11H13NO3,207.23
MELOXICAM,,Cc1cnc(NC(=O)C2=C(O)c3ccccc3S(=O)(=O)N2C)s1,,CHEMBL599,C14H13N3O4S2,351.41
ACETYLCYSTEINE,,CC(=O)N[C@@H](CS)C(=O)O,,CHEMBL600,C5H9NO3S,163.20
AMINOLEVULINIC ACID,,NCC(=O)CCC(=O)O,,CHEMBL601,C5H9NO3,131.13
CYSTEAMINE,,NCCS,,CHEMBL602,C2H7NS,77.15
NALTREXONE,,O=C1CC[C@@]2(O)[C@H]3Cc4ccc(O)c5c4[C@@]2(CCN3CC2CC2)[C@H]1O5,,CHEMBL19019,C20H23NO4,341.41
ZAFIRLUKAST,,COc1cc(C(=O)NS(=O)(=O)c2ccccc2C)ccc1Cc1cn(C)c2ccc(NC(=O)OC3CCCC3)cc12,,CHEMBL603,C31H33N3O6S,575.69
"CEFPROZIL ANHYDROUS, (E)-",,C/C=C/C1=C(C(=O)O)N2C(=O)[C@@H](NC(=O)[C@H](N)c3ccc(O)cc3)[C@H]2SC1,,CHEMBL276568,C18H19N3O5S,389.43
ROFECOXIB,,CS(=O)(=O)c1ccc(C2=C(c3ccccc3)C(=O)OC2)cc1,,CHEMBL122,C17H14O4S,314.36
MOXONIDINE,,COc1nc(C)nc(Cl)c1NC1=NCCN1,,CHEMBL19236,C9H12ClN5O,241.68
PROCAINAMIDE HYDROCHLORIDE,,CCN(CC)CCNC(=O)c1ccc(N)cc1.Cl,,CHEMBL605,C13H22ClN3O,271.79
MISOPROSTOL,,CCCCC(C)(O)C/C=C/[C@H]1[C@H](O)CC(=O)[C@@H]1CCCCCCC(=O)OC,,CHEMBL606,C22H38O5,382.54
MACIMORELIN,,CC(C)(N)C(=O)N[C@H](Cc1c[nH]c2ccccc12)C(=O)N[C@H](Cc1c[nH]c2ccccc12)NC=O,,CHEMBL278623,C26H30N6O3,474.57
MEPERIDINE,,CCOC(=O)C1(c2ccccc2)CCN(C)CC1,,CHEMBL607,C15H21NO2,247.34
METHAQUALONE,,Cc1ccccc1-n1c(C)nc2ccccc2c1=O,,CHEMBL282052,C16H14N2O,250.30
PROBUCOL,,CC(C)(Sc1cc(C(C)(C)C)c(O)c(C(C)(C)C)c1)Sc1cc(C(C)(C)C)c(O)c(C(C)(C)C)c1,,CHEMBL608,C31H48O2S2,516.86
LOXOPROFEN,,CC(C(=O)O)c1ccc(CC2CCCC2=O)cc1,,CHEMBL19299,C15H18O3,246.31
TRIENTINE,,NCCNCCNCCN,,CHEMBL609,C6H18N4,146.24
ZOMEPIRAC,,Cc1cc(CC(=O)O)n(C)c1C(=O)c1ccc(Cl)cc1,,CHEMBL19490,C15H14ClNO3,291.73
TERAZOSIN,,COc1cc2nc(N3CCN(C(=O)C4CCCO4)CC3)nc(N)c2cc1OC,,CHEMBL611,C19H25N5O4,387.44
LEVAMFETAMINE,,C[C@@H](N)Cc1ccccc1,,CHEMBL19393,C9H13N,135.21
DEXTROAMPHETAMINE,,C[C@H](N)Cc1ccccc1,,CHEMBL612,C9H13N,135.21
SITAXENTAN,,Cc1cc2c(cc1CC(=O)c1sccc1S(=O)(=O)Nc1onc(C)c1Cl)OCO2,,CHEMBL282724,C18H15ClN2O6S2,454.91
PYRAZINAMIDE,,NC(=O)c1cnccn1,,CHEMBL614,C5H5N3O,123.11
IBUDILAST,,CC(C)C(=O)c1c(C(C)C)nn2ccccc12,,CHEMBL19449,C14H18N2O,230.31
SAQUINAVIR MESYLATE,,CC(C)(C)NC(=O)[C@@H]1C[C@@H]2CCCC[C@@H]2CN1C[C@@H](O)[C@H](Cc1ccccc1)NC(=O)[C@H](CC(N)=O)NC(=O)c1ccc2ccccc2n1.CS(=O)(=O)O,,CHEMBL282042,C39H54N6O8S,766.96
TEGAFUR,,O=c1[nH]c(=O)n(C2CCCO2)cc1F,,CHEMBL20883,C8H9FN2O3,200.17
PENICILLIN V,,CC1(C)S[C@@H]2[C@H](NC(=O)COc3ccccc3)C(=O)N2[C@H]1C(=O)O,,CHEMBL615,C16H18N2O5S,350.40
CEPHALOTHIN,,CC(=O)OCC1=C(C(=O)O)N2C(=O)[C@@H](NC(=O)Cc3cccs3)[C@H]2SC1,,CHEMBL617,C16H16N2O6S2,396.45
MILTEFOSINE,,CCCCCCCCCCCCCCCCOP(=O)([O-])OCC[N+](C)(C)C,,CHEMBL125,C21H46NO4P,407.58
LINEZOLID,,CC(=O)NC[C@H]1CN(c2ccc(N3CCOCC3)c(F)c2)C(=O)O1,,CHEMBL126,C16H20FN3O4,337.35
CLIDINIUM,,C[N+]12CCC(CC1)C(OC(=O)C(O)(c1ccccc1)c1ccccc1)C2,,CHEMBL620,C22H26NO3+,352.45
MEROPENEM,,C[C@@H](O)[C@H]1C(=O)N2C(C(=O)O)=C(S[C@@H]3CN[C@H](C(=O)N(C)C)C3)[C@H](C)[C@H]12,,CHEMBL127,C17H25N3O5S,383.47
TRAZODONE,,O=c1n(CCCN2CCN(c3cccc(Cl)c3)CC2)nc2ccccn12,,CHEMBL621,C19H22ClN5O,371.87
ETODOLAC,,CCc1cccc2c3c([nH]c12)C(CC)(CC(=O)O)OCC3,,CHEMBL622,C17H21NO3,287.36
PRANLUKAST,,O=C(Nc1cccc2c(=O)cc(-c3nnn[nH]3)oc12)c1ccc(OCCCCc2ccccc2)cc1,,CHEMBL21333,C27H23N5O4,481.51
NEFAZODONE,,CCc1nn(CCCN2CCN(c3cccc(Cl)c3)CC2)c(=O)n1CCOc1ccccc1,,CHEMBL623,C25H32ClN5O2,470.02
THIABENDAZOLE,,c1ccc2[nH]c(-c3cscn3)nc2c1,,CHEMBL625,C10H7N3S,201.25
XANOMELINE,,CCCCCCOc1nsnc1C1=CCCN(C)C1,,CHEMBL21536,C14H23N3OS,281.42
NAFTIFINE,,CN(C/C=C/c1ccccc1)Cc1cccc2ccccc12,,CHEMBL626,C21H21N,287.41
LORMETAZEPAM,,CN1C(=O)C(O)N=C(c2ccccc2Cl)c2cc(Cl)ccc21,,CHEMBL22097,C16H12Cl2N2O2,335.19
PENTOXIFYLLINE,,CC(=O)CCCCn1c(=O)c2c(ncn2C)n(C)c1=O,,CHEMBL628,C13H18N4O3,278.31
AMITRIPTYLINE,,CN(C)CCC=C1c2ccccc2CCc2ccccc21,,CHEMBL629,C20H23N,277.41
DIBROMSALAN,,O=C(Nc1ccc(Br)cc1)c1cc(Br)ccc1O,,CHEMBL21869,C13H9Br2NO2,371.03
TRIBROMSALAN,,O=C(Nc1ccc(Br)cc1)c1cc(Br)cc(Br)c1O,,CHEMBL24944,C13H8Br3NO2,449.92
SUMATRIPTAN,,CNS(=O)(=O)Cc1ccc2[nH]cc(CCN(C)C)c2c1,,CHEMBL128,C14H21N3O2S,295.41
PROPAFENONE,,CCCNCC(O)COc1ccccc1C(=O)CCc1ccccc1,,CHEMBL631,C21H27NO3,341.45
BETAMETHASONE,,C[C@H]1C[C@H]2[C@@H]3CCC4=CC(=O)C=C[C@]4(C)[C@@]3(F)[C@@H](O)C[C@]2(C)[C@@]1(O)C(=O)CO,,CHEMBL632,C22H29FO5,392.47
AMIODARONE,,CCCCc1oc2ccccc2c1C(=O)c1cc(I)c(OCCN(CC)CC)c(I)c1,,CHEMBL633,C25H29I2NO3,645.32
ALFENTANIL,,CCC(=O)N(c1ccccc1)C1(COC)CCN(CCn2nnn(CC)c2=O)CC1,,CHEMBL634,C21H32N6O3,416.53
PREDNISONE,,C[C@]12C=CC(=O)C=C1CC[C@@H]1[C@@H]2C(=O)C[C@@]2(C)[C@H]1CC[C@]2(O)C(=O)CO,,CHEMBL635,C21H26O5,358.43
RIVASTIGMINE,,CCN(C)C(=O)Oc1cccc([C@H](C)N(C)C)c1,,CHEMBL636,C14H22N2O2,250.34
VENLAFAXINE,,COc1ccc(C(CN(C)C)C2(O)CCCCC2)cc1,,CHEMBL637,C17H27NO2,277.41
ZIDOVUDINE,,Cc1cn([C@H]2C[C@H](N=[N+]=[N-])[C@@H](CO)O2)c(=O)[nH]c1=O,,CHEMBL129,C10H13N5O4,267.24
VORICONAZOLE,,C[C@@H](c1ncncc1F)[C@](O)(Cn1cncn1)c1ccc(F)cc1F,,CHEMBL638,C16H14F3N5O,349.32
AZELASTINE,,CN1CCCC(n2nc(Cc3ccc(Cl)cc3)c3ccccc3c2=O)CC1,,CHEMBL639,C22H24ClN3O,381.91
CHLORAMPHENICOL,,O=C(N[C@H](CO)[C@H](O)c1ccc([N+](=O)[O-])cc1)C(Cl)Cl,,CHEMBL130,C11H12Cl2N2O5,323.13
PROCAINAMIDE,,CCN(CC)CCNC(=O)c1ccc(N)cc1,,CHEMBL640,C13H21N3O,235.33
ATOMOXETINE,,CNCC[C@@H](Oc1ccccc1C)c1ccccc1,,CHEMBL641,C17H21NO,255.36
ACEBUTOLOL,,CCCC(=O)Nc1ccc(OCC(O)CNC(C)C)c(C(C)=O)c1,,CHEMBL642,C18H28N2O4,336.43
PROMETHAZINE,,CC(CN1c2ccccc2Sc2ccccc21)N(C)C,,CHEMBL643,C17H20N2S,284.43
PREDNISOLONE,,C[C@]12C=CC(=O)C=C1CC[C@@H]1[C@@H]2[C@@H](O)C[C@@]2(C)[C@H]1CC[C@]2(O)C(=O)CO,,CHEMBL131,C21H28O5,360.45
TRIMIPRAMINE,,CC(CN(C)C)CN1c2ccccc2CCc2ccccc21,,CHEMBL644,C20H26N2,294.44
BISOPROLOL,,CC(C)NCC(O)COc1ccc(COCCOC(C)C)cc1,,CHEMBL645,C18H31NO4,325.45
TRIAZOLAM,,Cc1nnc2n1-c1ccc(Cl)cc1C(c1ccccc1Cl)=NC2,,CHEMBL646,C17H12Cl2N4,343.22
APRACLONIDINE,,Nc1cc(Cl)c(N=C2NCCN2)c(Cl)c1,,CHEMBL647,C9H10Cl2N4,245.11
CYCLIZINE,,CN1CCN(C(c2ccccc2)c2ccccc2)CC1,,CHEMBL648,C18H22N2,266.39
NEBIVOLOL,,OC(CNCC(O)C1CCc2cc(F)ccc2O1)C1CCc2cc(F)ccc2O1,,CHEMBL434394,C22H25F2NO4,405.44
METHYLPREDNISOLONE,,C[C@H]1C[C@@H]2[C@H]([C@@H](O)C[C@@]3(C)[C@H]2CC[C@]3(O)C(=O)CO)[C@@]2(C)C=CC(=O)C=C12,,CHEMBL650,C22H30O5,374.48
METHADONE,,CCC(=O)C(CC(C)N(C)C)(c1ccccc1)c1ccccc1,,CHEMBL651,C21H27NO,309.45
FLECAINIDE,,O=C(NCC1CCCCN1)c1cc(OCC(F)(F)F)ccc1OCC(F)(F)F,,CHEMBL652,C17H20F6N2O3,414.35
CLONIDINE,,Clc1cccc(Cl)c1NC1=NCCN1,,CHEMBL134,C9H9Cl2N3,230.10
MIRTAZAPINE,,CN1CCN2c3ncccc3Cc3ccccc3C2C1,,CHEMBL654,C17H19N3,265.36
MIDAZOLAM,,Cc1ncc2n1-c1ccc(Cl)cc1C(c1ccccc1F)=NC2,,CHEMBL655,C18H13ClFN3,325.77
REMOXIPRIDE,,CCN1CCC[C@H]1CNC(=O)c1c(OC)ccc(Br)c1OC,,CHEMBL22242,C16H23BrN2O3,371.28
OXYCODONE,,COc1ccc2c3c1O[C@H]1C(=O)CC[C@@]4(O)[C@@H](C2)N(C)CC[C@]314,,CHEMBL656,C18H21NO4,315.37
ESTRADIOL,,C[C@]12CC[C@@H]3c4ccc(O)cc4CC[C@H]3[C@@H]1CC[C@@H]2O,,CHEMBL135,C18H24O2,272.39
DIPHENHYDRAMINE,,CN(C)CCOC(c1ccccc1)c1ccccc1,,CHEMBL657,C17H21NO,255.36
SUFENTANIL,,CCC(=O)N(c1ccccc1)C1(COC)CCN(CCc2cccs2)CC1,,CHEMBL658,C22H30N2O2S,386.56
GALANTAMINE,,COc1ccc2c3c1O[C@H]1C[C@@H](O)C=C[C@@]31CCN(C)C2,,CHEMBL659,C17H21NO3,287.36
AMANTADINE,,NC12CC3CC(CC(C3)C1)C2,,CHEMBL660,C10H17N,151.25
ALPRAZOLAM,,Cc1nnc2n1-c1ccc(Cl)cc1C(c1ccccc1)=NC2,,CHEMBL661,C17H13ClN4,308.77
MAPROTILINE,,CNCCCC12CCC(c3ccccc31)c1ccccc12,,CHEMBL21731,C20H23N,277.41
FOSCARNET,,O=C(O)P(=O)(O)O,,CHEMBL666,CH3O5P,126.00
ACETYLCHOLINE,,CC(=O)OCC[N+](C)(C)C,,CHEMBL667,C7H16NO2+,146.21
METRONIDAZOLE,,Cc1ncc([N+](=O)[O-])n1CCO,,CHEMBL137,C6H9N3O3,171.16
PROTRIPTYLINE,,CNCCCC1c2ccccc2C=Cc2ccccc21,,CHEMBL668,C19H21N,263.38
CYCLOBENZAPRINE,,CN(C)CCC=C1c2ccccc2C=Cc2ccccc21,,CHEMBL669,C20H21N,275.40
THIOTEPA,,S=P(N1CC1)(N1CC1)N1CC1,,CHEMBL671,C6H12N3PS,189.22
FENOFIBRATE,,CC(C)OC(=O)C(C)(C)Oc1ccc(C(=O)c2ccc(Cl)cc2)cc1,,CHEMBL672,C20H21ClO4,360.84
PARGYLINE,,C#CCN(C)Cc1ccccc1,,CHEMBL673,C11H13N,159.23
HEXAMIDINE,,N=C(N)c1ccc(OCCCCCCOc2ccc(C(=N)N)cc2)cc1,,CHEMBL25105,C20H26N4O2,354.45
ALENDRONATE SODIUM,,NCCCC(O)(P(=O)([O-])O)P(=O)(O)O.[Na+],,CHEMBL675,C4H12NNaO7P2,271.08
LEVONORDEFRIN,,C[C@H](N)[C@H](O)c1ccc(O)c(O)c1,,CHEMBL677,C9H13NO3,183.21
EPINEPHRINE,,CNC[C@H](O)c1ccc(O)c(O)c1,,CHEMBL679,C9H13NO3,183.21
CEFACLOR ANHYDROUS,,N[C@@H](C(=O)N[C@@H]1C(=O)N2C(C(=O)O)=C(Cl)CS[C@H]12)c1ccccc1,,CHEMBL680,C15H14ClN3O4S,367.81
ETOMIDATE,,CCOC(=O)c1cncn1[C@H](C)c1ccccc1,,CHEMBL681,C14H16N2O2,244.29
AMODIAQUINE,,CCN(CC)Cc1cc(Nc2ccnc3cc(Cl)ccc23)ccc1O,,CHEMBL682,C20H22ClN3O,355.87
DIETHYLCARBAMAZINE,,CCN(CC)C(=O)N1CCN(C)CC1,,CHEMBL684,C10H21N3O,199.30
MEBENDAZOLE,,COC(=O)Nc1nc2cc(C(=O)c3ccccc3)ccc2[nH]1,,CHEMBL685,C16H13N3O3,295.30
DICLOFENAC,,O=C(O)Cc1ccccc1Nc1c(Cl)cccc1Cl,,CHEMBL139,C14H11Cl2NO2,296.15
MEFENAMIC ACID,,Cc1cccc(Nc2ccccc2C(=O)O)c1C,,CHEMBL686,C15H15NO2,241.29
FENTANYL CITRATE,,CCC(=O)N(c1ccccc1)C1CCN(CCc2ccccc2)CC1.O=C(O)CC(O)(CC(=O)O)C(=O)O,,CHEMBL688,C28H36N2O8,528.60
MANNITOL,,OC[C@@H](O)[C@@H](O)[C@H](O)[C@H](O)CO,,CHEMBL689,C6H14O6,182.17
PRAVASTATIN SODIUM,,CC[C@H](C)C(=O)O[C@H]1C[C@H](O)C=C2C=C[C@H](C)[C@H](CC[C@@H](O)C[C@@H](O)CC(=O)[O-])[C@H]21.[Na+],,CHEMBL690,C23H35NaO7,446.52
PRENYLAMINE,,CC(Cc1ccccc1)NCCC(c1ccccc1)c1ccccc1,,CHEMBL24072,C24H27N,329.49
ETHINYL ESTRADIOL,,C#C[C@]1(O)CC[C@H]2[C@@H]3CCc4cc(O)ccc4[C@H]3CC[C@@]21C,,CHEMBL691,C20H24O2,296.41
DALFAMPRIDINE,,Nc1ccncc1,,CHEMBL284348,C5H6N2,94.12
GLYCERIN,,OCC(O)CO,,CHEMBL692,C3H8O3,92.09
TRIMETHADIONE,,CN1C(=O)OC(C)(C)C1=O,,CHEMBL695,C6H9NO3,143.14
ETHOSUXIMIDE,,CCC1(C)CC(=O)NC1=O,,CHEMBL696,C7H11NO2,141.17
METHSUXIMIDE,,CN1C(=O)CC(C)(c2ccccc2)C1=O,,CHEMBL697,C12H13NO2,203.24
TETRACAINE,,CCCCNc1ccc(C(=O)OCCN(C)C)cc1,,CHEMBL698,C15H24N2O2,264.37
BETAHISTINE,,CNCCc1ccccn1,,CHEMBL24441,C8H12N2,136.20
SULFAPYRIDINE,,Nc1ccc(S(=O)(=O)Nc2ccccn2)cc1,,CHEMBL700,C11H11N3O2S,249.30
BACLOFEN,,NCC(CC(=O)O)c1ccc(Cl)cc1,,CHEMBL701,C10H12ClNO2,213.66
PIPERACILLIN,,CCN1CCN(C(=O)N[C@@H](C(=O)N[C@@H]2C(=O)N3[C@@H]2SC(C)(C)[C@@H]3C(=O)O)c2ccccc2)C(=O)C1=O,,CHEMBL702,C23H27N5O7S,517.56
SUXAMETHONIUM,,C[N+](C)(C)CCOC(=O)CCC(=O)OCC[N+](C)(C)C,,CHEMBL703,C14H30N2O4+2,290.40
MESALAMINE,,Nc1ccc(O)c(C(=O)O)c1,,CHEMBL704,C7H7NO3,153.14
ALITRETINOIN,,CC1=C(/C=C/C(C)=C\C=C\C(C)=C\C(=O)O)C(C)(C)CCC1,,CHEMBL705,C20H28O2,300.44
CETYL ALCOHOL,,CCCCCCCCCCCCCCCCO,,CHEMBL706,C16H34O,242.45
SILODOSIN,,C[C@H](Cc1cc2c(c(C(N)=O)c1)N(CCCO)CC2)NCCOc1ccccc1OCC(F)(F)F,,CHEMBL24778,C25H32F3N3O4,495.54
DOXAZOSIN,,COc1cc2nc(N3CCN(C(=O)C4COc5ccccc5O4)CC3)nc(N)c2cc1OC,,CHEMBL707,C23H25N5O5,451.48
INDORAMIN,,O=C(NC1CCN(CCc2c[nH]c3ccccc23)CC1)c1ccccc1,,CHEMBL279516,C22H25N3O,347.46
VANDETANIB,,COc1cc2/c(=N/c3ccc(Br)cc3F)nc[nH]c2cc1OCC1CCN(C)CC1,,CHEMBL24828,C22H24BrFN4O2,475.36
MINAPRINE,,Cc1cc(-c2ccccc2)nnc1NCCN1CCOCC1,,CHEMBL278819,C17H22N4O,298.39
TAMIBAROTENE,,CC1(C)CCC(C)(C)c2cc(NC(=O)c3ccc(C(=O)O)cc3)ccc21,,CHEMBL25202,C22H25NO3,351.45
ZIPRASIDONE,,O=C1Cc2cc(CCN3CCN(c4nsc5ccccc45)CC3)c(Cl)cc2N1,,CHEMBL708,C21H21ClN4OS,412.95
ALFUZOSIN,,COc1cc2nc(N(C)CCCNC(=O)C3CCCO3)nc(N)c2cc1OC,,CHEMBL709,C19H27N5O4,389.46
FINASTERIDE,,CC(C)(C)NC(=O)[C@H]1CC[C@H]2[C@@H]3CC[C@H]4NC(=O)C=C[C@]4(C)[C@H]3CC[C@]12C,,CHEMBL710,C23H36N2O2,372.55
PHENINDIONE,,O=C1c2ccccc2C(=O)C1c1ccccc1,,CHEMBL711,C15H10O2,222.24
ANISINDIONE,,COc1ccc(C2C(=O)c3ccccc3C2=O)cc1,,CHEMBL712,C16H12O3,252.27
FLUINDIONE,,O=C1c2ccccc2C(=O)C1c1ccc(F)cc1,,CHEMBL24924,C15H9FO2,240.23
ENTECAVIR ANHYDROUS,,C=C1[C@H](CO)[C@@H](O)C[C@@H]1n1cnc2c(=O)[nH]c(N)nc21,,CHEMBL713,C12H15N5O3,277.28
LAMIVUDINE,,Nc1ccn([C@@H]2CS[C@H](CO)O2)c(=O)n1,,CHEMBL141,C8H11N3O3S,229.26
ALBUTEROL,,CC(C)(C)NCC(O)c1ccc(O)c(CO)c1,,CHEMBL714,C13H21NO3,239.31
OLANZAPINE,,Cc1cc2c(s1)Nc1ccccc1N=C2N1CCN(C)CC1,,CHEMBL715,C17H20N4S,312.44
QUETIAPINE,,OCCOCCN1CCN(C2=Nc3ccccc3Sc3ccccc32)CC1,,CHEMBL716,C21H25N3O2S,383.52
MEDAZEPAM,,CN1CCN=C(c2ccccc2)c2cc(Cl)ccc21,,CHEMBL28333,C16H15ClN2,270.76
MEDROXYPROGESTERONE ACETATE,,CC(=O)O[C@]1(C(C)=O)CC[C@H]2[C@@H]3C[C@H](C)C4=CC(=O)CC[C@]4(C)[C@H]3CC[C@@]21C,,CHEMBL717,C24H34O4,386.53
BROMPERIDOL,,O=C(CCCN1CCC(O)(c2ccc(Br)cc2)CC1)c1ccc(F)cc1,,CHEMBL28218,C21H23BrFNO2,420.32
MUPIROCIN,,C/C(=C\C(=O)OCCCCCCCCC(=O)O)C[C@@H]1OC[C@H](C[C@@H]2O[C@H]2[C@@H](C)[C@H](C)O)[C@@H](O)[C@H]1O,,CHEMBL719,C26H44O9,500.63
BENZYL ALCOHOL,,OCc1ccccc1,,CHEMBL720,C7H8O,108.14
PROPYPHENAZONE,,Cc1c(C(C)C)c(=O)n(-c2ccccc2)n1C,,CHEMBL28318,C14H18N2O,230.31
CELIPROLOL,,CCN(CC)C(=O)Nc1ccc(OCC(O)CNC(C)(C)C)c(C(C)=O)c1,,CHEMBL27810,C20H33N3O4,379.50
TERTATOLOL,,CC(C)(C)NCC(O)COc1cccc2c1SCCC2,,CHEMBL434200,C16H25NO2S,295.45
CARVEDILOL,,COc1ccccc1OCCNCC(O)COc1cccc2[nH]c3ccccc3c12,,CHEMBL723,C24H26N2O4,406.48
FLUPHENAZINE,,OCCN1CCN(CCCN2c3ccccc3Sc3ccc(C(F)(F)F)cc32)CC1,,CHEMBL726,C22H26F3N3OS,437.53
THIOGUANINE,,Nc1nc2[nH]cnc2c(=S)[nH]1,,CHEMBL727,C5H5N5S,167.20
DILEVALOL,,C[C@H](CCc1ccccc1)NC[C@H](O)c1ccc(O)c(C(N)=O)c1,,CHEMBL27193,C19H24N2O3,328.41
PROCHLORPERAZINE,,CN1CCN(CCCN2c3ccccc3Sc3ccc(Cl)cc32)CC1,,CHEMBL728,C20H24ClN3S,373.95
LOPINAVIR,,Cc1cccc(C)c1OCC(=O)N[C@@H](Cc1ccccc1)[C@@H](O)C[C@H](Cc1ccccc1)NC(=O)[C@H](C(C)C)N1CCCNC1=O,,CHEMBL729,C37H48N4O5,628.81
NITROGLYCERIN,,O=[N+]([O-])OCC(CO[N+](=O)[O-])O[N+](=O)[O-],,CHEMBL730,C3H5N3O9,227.08
ACETOHYDROXAMIC ACID,,CC(=O)NO,,CHEMBL734,C2H5NO2,75.07
NICORANDIL,,O=C(NCCO[N+](=O)[O-])c1cccnc1,,CHEMBL284906,C8H9N3O4,211.18
MEBEVERINE,,CCN(CCCCOC(=O)c1ccc(OC)c(OC)c1)C(C)Cc1ccc(OC)cc1,,CHEMBL282121,C25H35NO5,429.56
THIOPENTAL SODIUM,,CCCC(C)C1(CC)C(=O)[N-]C(=S)NC1=O.[Na+],,CHEMBL738,C11H17N2NaO2S,264.33
METHOHEXITAL SODIUM,,C=CCC1(C(C)C#CCC)C(=O)N=C([O-])N(C)C1=O.[Na+],,CHEMBL30219,C14H17N2NaO3,284.29
LAMOTRIGINE,,Nc1nnc(-c2cccc(Cl)c2Cl)c(N)n1,,CHEMBL741,C9H7Cl2N5,256.10
KETAMINE,,CNC1(c2ccccc2Cl)CCCCC1=O,,CHEMBL742,C13H16ClNO,237.73
RILUZOLE,,Nc1nc2ccc(OC(F)(F)F)cc2s1,,CHEMBL744,C8H5F3N2OS,234.20
NEDOCROMIL,,CCCc1c2oc(C(=O)O)cc(=O)c2cc2c(=O)cc(C(=O)O)n(CC)c12,,CHEMBL746,C19H17NO7,371.35
PRALIDOXIME CHLORIDE,,C[n+]1ccccc1/C=N/O.[Cl-],,CHEMBL748,C7H9ClN2O,172.62
ZONISAMIDE,,NS(=O)(=O)Cc1noc2ccccc12,,CHEMBL750,C8H8N2O3S,212.23
ADENOSINE PHOSPHATE,,Nc1ncnc2c1ncn2[C@@H]1O[C@H](COP(=O)(O)O)[C@@H](O)[C@H]1O,,CHEMBL752,C10H14N5O7P,347.22
PHENOXYBENZAMINE,,CC(COc1ccccc1)N(CCCl)Cc1ccccc1,,CHEMBL753,C18H22ClNO,303.83
FOSCARNET SODIUM,,O=C([O-])P(=O)([O-])[O-].[Na+].[Na+].[Na+],,CHEMBL754,CNa3O5P,191.95
ANAGRELIDE,,O=C1CN2Cc3c(ccc(Cl)c3Cl)N=C2N1,,CHEMBL760,C10H7Cl2N3O,256.09
NAPHAZOLINE,,c1ccc2c(CC3=NCCN3)cccc2c1,,CHEMBL761,C14H14N2,210.28
OXYMETAZOLINE,,Cc1cc(C(C)(C)C)c(O)c(C)c1CC1=NCCN1,,CHEMBL762,C16H24N2O,260.38
GUANETHIDINE,,N=C(N)NCCN1CCCCCCC1,,CHEMBL765,C10H22N4,198.31
CILASTATIN,,CC1(C)C[C@@H]1C(=O)N/C(=C\CCCCSC[C@H](N)C(=O)O)C(=O)O,,CHEMBL766,C16H26N2O5S,358.46
ESMOLOL,,COC(=O)CCc1ccc(OCC(O)CNC(C)C)cc1,,CHEMBL768,C16H25NO4,295.38
TOLAZOLINE,,c1ccc(CC2=NCCN2)cc1,,CHEMBL770,C10H12N2,160.22
CYCLOSERINE,,N[C@@H]1CONC1=O,,CHEMBL771,C3H6N2O2,102.09
IMIPENEM ANHYDROUS,,C[C@@H](O)[C@H]1C(=O)N2C(C(=O)O)=C(SCCNC=N)C[C@H]12,,CHEMBL148,C12H17N3O4S,299.35
RESERPINE,,COC(=O)[C@H]1[C@H]2C[C@@H]3c4[nH]c5cc(OC)ccc5c4CCN3C[C@H]2C[C@@H](OC(=O)c2cc(OC)c(OC)c(OC)c2)[C@@H]1OC,,CHEMBL772,C33H40N2O9,608.69
GLYCINE,,NCC(=O)O,,CHEMBL773,C2H5NO2,75.07
METAPROTERENOL,,CC(C)NCC(O)c1cc(O)cc(O)c1,,CHEMBL776,C11H17NO3,211.26
CLAVULANIC ACID,,O=C(O)[C@H]1/C(=C/CO)O[C@@H]2CC(=O)N21,,CHEMBL777,C8H9NO5,199.16
DEXMEDETOMIDINE,,Cc1cccc([C@H](C)c2c[nH]cn2)c1C,,CHEMBL778,C13H16N2,200.28
TADALAFIL,,CN1CC(=O)N2[C@H](c3ccc4c(c3)OCO4)c3[nH]c4ccccc4c3C[C@@H]2C1=O,,CHEMBL779,C22H19N3O4,389.41
BUTORPHANOL,,Oc1ccc2c(c1)[C@@]13CCCC[C@@]1(O)[C@@H](C2)N(CC1CCC1)CC3,,CHEMBL33986,C21H29NO2,327.47
PENTETIC ACID,,O=C(O)CN(CCN(CC(=O)O)CC(=O)O)CCN(CC(=O)O)CC(=O)O,,CHEMBL780,C14H23N3O10,393.35
MAZINDOL,,OC1(c2ccc(Cl)cc2)c2ccccc2C2=NCCN21,,CHEMBL781,C16H13ClN2O,284.75
BITHIONOL,,Oc1c(Cl)cc(Cl)cc1Sc1cc(Cl)cc(Cl)c1O,,CHEMBL290106,C12H6Cl4O2S,356.06
TOLBUTAMIDE,,CCCCNC(=O)NS(=O)(=O)c1ccc(C)cc1,,CHEMBL782,C12H18N2O3S,270.35
NATEGLINIDE,,CC(C)[C@H]1CC[C@H](C(=O)N[C@H](Cc2ccccc2)C(=O)O)CC1,,CHEMBL783,C19H27NO3,317.43
BROTIZOLAM,,Cc1nnc2n1-c1sc(Br)cc1C(c1ccccc1Cl)=NC2,,CHEMBL32479,C15H10BrClN4S,393.70
TAMOXIFEN CITRATE,,CC/C(=C(\c1ccccc1)c1ccc(OCCN(C)C)cc1)c1ccccc1.O=C(O)CC(O)(CC(=O)O)C(=O)O,,CHEMBL786,C32H37NO8,563.65
MONTELUKAST,,CC(C)(O)c1ccccc1CC[C@@H](SCC1(CC(=O)O)CC1)c1cccc(/C=C/c2ccc3ccc(Cl)cc3n2)c1,,CHEMBL787,C35H36ClNO3S,586.20
IDOXURIDINE,,O=c1[nH]c(=O)n([C@H]2C[C@H](O)[C@@H](CO)O2)cc1I,,CHEMBL788,C9H11IN2O5,354.10
NOVOBIOCIN,,CO[C@@H]1[C@@H](OC(N)=O)[C@@H](O)[C@H](Oc2ccc3c(O)c(NC(=O)c4ccc(O)c(CC=C(C)C)c4)c(=O)oc3c2C)OC1(C)C,,CHEMBL36506,C31H36N2O11,612.63
CIDOFOVIR ANHYDROUS,,Nc1ccn(C[C@@H](CO)OCP(=O)(O)O)c(=O)n1,,CHEMBL152,C8H14N3O6P,279.19
CHLORHEXIDINE,,N=C(NCCCCCCNC(=N)NC(=N)Nc1ccc(Cl)cc1)NC(=N)Nc1ccc(Cl)cc1,,CHEMBL790,C22H30Cl2N10,505.46
FENOTEROL,,CC(Cc1ccc(O)cc1)NCC(O)c1cc(O)cc(O)c1,,CHEMBL32800,C17H21NO4,303.36
METHYLPHENIDATE,,COC(=O)C(c1ccccc1)C1CCCCN1,,CHEMBL796,C14H19NO2,233.31
ESTAZOLAM,,Clc1ccc2c(c1)C(c1ccccc1)=NCc1nncn1-2,,CHEMBL285674,C16H11ClN4,294.75
PHENSUXIMIDE,,CN1C(=O)CC(c2ccccc2)C1=O,,CHEMBL797,C11H11NO2,189.21
METHOTREXATE,,CN(Cc1cnc2nc(N)nc(N)c2n1)c1ccc(C(=O)N[C@@H](CCC(=O)O)C(=O)O)cc1,,CHEMBL34259,C20H22N8O5,454.45
GEPIRONE,,CC1(C)CC(=O)N(CCCCN2CCN(c3ncccn3)CC2)C(=O)C1,,CHEMBL284092,C19H29N5O2,359.47
CILOSTAZOL,,O=C1CCc2cc(OCCCCc3nnnn3C3CCCCC3)ccc2N1,,CHEMBL799,C20H27N5O2,369.47
MINOXIDIL,,Nc1cc(N2CCCCC2)nc(N)[n+]1[O-],,CHEMBL802,C9H15N5O,209.25
NAPROXEN,,COc1ccc2cc([C@H](C)C(=O)O)ccc2c1,,CHEMBL154,C14H14O3,230.26
MEFLOQUINE,,OC(c1cc(C(F)(F)F)nc2c(C(F)(F)F)cccc12)C1CCCCN1,,CHEMBL416956,C17H16F6N2O,378.32
CYTARABINE,,Nc1ccn([C@@H]2O[C@H](CO)[C@@H](O)[C@@H]2O)c(=O)n1,,CHEMBL803,C9H13N3O5,243.22
FLUTAMIDE,,CC(C)C(=O)Nc1ccc([N+](=O)[O-])c(C(F)(F)F)c1,,CHEMBL806,C11H11F3N2O3,276.21
MEMANTINE,,CC12CC3CC(C)(C1)CC(N)(C3)C2,,CHEMBL807,C12H21N,179.31
ECONAZOLE,,Clc1ccc(COC(Cn2ccnc2)c2ccc(Cl)cc2Cl)cc1,,CHEMBL808,C18H15Cl3N2O,381.69
SERTRALINE,,CN[C@H]1CC[C@@H](c2ccc(Cl)c(Cl)c2)c2ccccc21,,CHEMBL809,C17H17Cl2N,306.24
PIRACETAM,,NC(=O)CN1CCCC1=O,,CHEMBL36715,C6H10N2O2,142.16
TEMOZOLOMIDE,,Cn1nnc2c(C(N)=O)ncn2c1=O,,CHEMBL810,C6H6N6O2,194.15
BROMPHENIRAMINE,,CN(C)CCC(c1ccc(Br)cc1)c1ccccn1,,CHEMBL811,C16H19BrN2,319.25
ZIMELDINE,,CN(C)C/C=C(/c1ccc(Br)cc1)c1cccnc1,,CHEMBL37744,C16H17BrN2,317.23
PYRIDOSTIGMINE BROMIDE,,CN(C)C(=O)Oc1ccc[n+](C)c1.[Br-],,CHEMBL812,C9H13BrN2O2,261.12
EPROSARTAN,,CCCCc1ncc(/C=C(\Cc2cccs2)C(=O)O)n1Cc1ccc(C(=O)O)cc1,,CHEMBL813,C23H24N2O4S,424.52
GRANISETRON,,CN1C2CCCC1CC(NC(=O)c1nn(C)c3ccccc13)C2,,CHEMBL289469,C18H24N4O,312.42
FLUVOXAMINE,,COCCCC/C(=N\OCCN)c1ccc(C(F)(F)F)cc1,,CHEMBL814,C15H21F3N2O2,318.34
AFAMELANOTIDE,,CCCC[C@H](NC(=O)[C@H](CO)NC(=O)[C@H](Cc1ccc(O)cc1)NC(=O)[C@H](CO)NC(C)=O)C(=O)N[C@@H](CCC(=O)O)C(=O)N[C@@H](Cc1c[nH]cn1)C(=O)N[C@H](Cc1ccccc1)C(=O)N[C@@H](CCCNC(=N)N)C(=O)N[C@@H](Cc1c[nH]c2ccccc12)C(=O)NCC(=O)N[C@@H](CCCCN)C(=O)N1CCC[C@H]1C(=O)N[C@H](C(N)=O)C(C)C,,CHEMBL441738,C78H111N21O19,1646.87
DINOPROST,,CCCCC[C@H](O)/C=C/[C@@H]1[C@@H](C/C=C\CCCC(=O)O)[C@@H](O)C[C@H]1O,,CHEMBL815,C20H34O5,354.49
BUFORMIN,,CCCCNC(=N)NC(=N)N,,CHEMBL39736,C6H15N5,157.22
LUMEFANTRINE,,CCCCN(CCCC)CC(O)c1cc(Cl)cc2c1-c1ccc(Cl)cc1/C2=C/c1ccc(Cl)cc1,,CHEMBL38827,C30H32Cl3NO,528.95
TOLAZAMIDE,,Cc1ccc(S(=O)(=O)NC(=O)NN2CCCCCC2)cc1,,CHEMBL817,C14H21N3O3S,311.41
IOBENGUANE,,N=C(N)NCc1cccc(I)c1,,CHEMBL818,C8H10IN3,275.09
OXACILLIN,,Cc1onc(-c2ccccc2)c1C(=O)N[C@@H]1C(=O)N2[C@@H]1SC(C)(C)[C@@H]2C(=O)O,,CHEMBL819,C19H19N3O5S,401.44
NIFURTIMOX,,CC1CS(=O)(=O)CCN1/N=C/c1ccc([N+](=O)[O-])o1,,CHEMBL290960,C10H13N3O5S,287.30
BUSULFAN,,CS(=O)(=O)OCCCCOS(C)(=O)=O,,CHEMBL820,C6H14O6S2,246.31
GUANIDINE,,N=C(N)N,,CHEMBL821,CH5N3,59.07
TERBINAFINE,,CN(C/C=C/C#CC(C)(C)C)Cc1cccc2ccccc12,,CHEMBL822,C21H25N,291.44
ENOXACIN,,CCn1cc(C(=O)O)c(=O)c2cc(F)c(N3CCNCC3)nc21,,CHEMBL826,C15H17FN4O3,320.32
DEXMETHYLPHENIDATE,,COC(=O)[C@H](c1ccccc1)[C@H]1CCCCN1,,CHEMBL827,C14H19NO2,233.31
METHYLPROMAZINE,,CC(CN(C)C)CN1c2ccccc2Sc2ccccc21,,CHEMBL829,C18H22N2S,298.45
PRIMAQUINE PHOSPHATE,,COc1cc(NC(C)CCCN)c2ncccc2c1.O=P(O)(O)O.O=P(O)(O)O,,CHEMBL43128,C15H27N3O9P2,455.34
EFLORNITHINE,,NCCCC(N)(C(=O)O)C(F)F,,CHEMBL830,C6H12F2N2O2,182.17
LOXAPINE,,CN1CCN(C2=Nc3ccccc3Oc3ccc(Cl)cc32)CC1,,CHEMBL831,C18H18ClN3O,327.81
SULFINPYRAZONE,,O=C1C(CC[S+]([O-])c2ccccc2)C(=O)N(c2ccccc2)N1c1ccccc1,,CHEMBL832,C23H20N2O3S,404.49
AMINOPYRINE,,Cc1c(N(C)C)c(=O)n(-c2ccccc2)n1C,,CHEMBL288470,C13H17N3O,231.30
TICLOPIDINE,,Clc1ccccc1CN1CCc2sccc2C1,,CHEMBL833,C14H14ClNS,263.79
EDARAVONE,,CC1=NN(c2ccccc2)C(=O)C1,,CHEMBL290916,C10H10N2O,174.20
PAMIDRONIC ACID,,NCCC(O)(P(=O)(O)O)P(=O)(O)O,,CHEMBL834,C3H11NO7P2,235.07
RILMENIDINE,,C1COC(NC(C2CC2)C2CC2)=N1,,CHEMBL289480,C10H16N2O,180.25
TAMSULOSIN,,CCOc1ccccc1OCCN[C@H](C)Cc1ccc(OC)c(S(N)(=O)=O)c1,,CHEMBL836,C20H28N2O5S,408.52
AZTREONAM,,C[C@H]1[C@H](NC(=O)/C(=N\OC(C)(C)C(=O)O)c2csc(N)n2)C(=O)N1S(=O)(=O)O,,CHEMBL158,C13H17N5O8S2,435.44
CEFTAZIDIME,,CC(C)(O/N=C(\C(=O)N[C@@H]1C(=O)N2C(C(=O)[O-])=C(C[n+]3ccccc3)CS[C@H]12)c1csc(N)n1)C(=O)O,,CHEMBL44354,C22H22N6O7S2,546.59
BENAZEPRIL,,CCOC(=O)[C@H](CCc1ccccc1)N[C@H]1CCc2ccccc2N(CC(=O)O)C1=O,,CHEMBL838,C24H28N2O5,424.50
EZOGABINE,,CCOC(=O)Nc1ccc(NCc2ccc(F)cc2)cc1N,,CHEMBL41355,C16H18FN3O2,303.34
BOSUTINIB,,COc1cc(Nc2c(C#N)cnc3cc(OCCCN4CCN(C)CC4)c(OC)cc23)c(Cl)cc1Cl,,CHEMBL288441,C26H29Cl2N5O3,530.46
CARTEOLOL,,CC(C)(C)NCC(O)COc1cccc2c1CCC(=O)N2,,CHEMBL839,C16H24N2O3,292.38
LOPERAMIDE,,CN(C)C(=O)C(CCN1CCC(O)(c2ccc(Cl)cc2)CC1)(c1ccccc1)c1ccccc1,,CHEMBL841,C29H33ClN2O2,477.05
CHLOROTHIAZIDE,,NS(=O)(=O)c1cc2c(cc1Cl)N=CNS2(=O)=O,,CHEMBL842,C7H6ClN3O4S2,295.73
ROSIGLITAZONE MALEATE,,CN(CCOc1ccc(CC2SC(=O)NC2=O)cc1)c1ccccn1.O=C(O)/C=C\C(=O)O,,CHEMBL843,C22H23N3O7S,473.51
BRIMONIDINE,,Brc1c(NC2=NCCN2)ccc2nccnc12,,CHEMBL844,C11H10BrN5,292.14
POMALIDOMIDE,,Nc1cccc2c1C(=O)N(C1CCC(=O)NC1=O)C2=O,,CHEMBL43452,C13H11N3O4,273.25
CALCITRIOL,,C=C1/C(=C\C=C2/CCC[C@]3(C)[C@@H]([C@H](C)CCCC(C)(C)O)CC[C@@H]23)C[C@@H](O)C[C@@H]1O,,CHEMBL846,C27H44O3,416.65
OXAMNIQUINE,,CC(C)NCC1CCc2cc(CO)c([N+](=O)[O-])cc2N1,,CHEMBL847,C14H21N3O3,279.34
LENALIDOMIDE,,Nc1cccc2c1CN(C1CCC(=O)NC1=O)C2=O,,CHEMBL848,C13H13N3O3,259.26
TRICLOSAN,,Oc1cc(Cl)ccc1Oc1ccc(Cl)cc1Cl,,CHEMBL849,C12H7Cl3O2,289.55
SPARFLOXACIN,,C[C@@H]1CN(c2c(F)c(N)c3c(=O)c(C(=O)O)cn(C4CC4)c3c2F)C[C@H](C)N1,,CHEMBL850,C19H22F2N4O3,392.41
MELPHALAN,,N[C@@H](Cc1ccc(N(CCCl)CCCl)cc1)C(=O)O,,CHEMBL852,C13H18Cl2N2O2,305.21
BENPERIDOL,,O=C(CCCN1CCC(n2c(=O)[nH]c3ccccc32)CC1)c1ccc(F)cc1,,CHEMBL297302,C22H24FN3O2,381.45
ZALCITABINE,,Nc1ccn([C@H]2CC[C@@H](CO)O2)c(=O)n1,,CHEMBL853,C9H13N3O3,211.22
TRIPROLIDINE,,Cc1ccc(/C(=C\CN2CCCC2)c2ccccn2)cc1,,CHEMBL855,C19H22N2,278.40
MEPHOBARBITAL,,CCC1(c2ccccc2)C(=O)NC(=O)N(C)C1=O,,CHEMBL45029,C13H14N2O3,246.27
ASTEMIZOLE,,COc1ccc(CCN2CCC(Nc3nc4ccccc4n3Cc3ccc(F)cc3)CC2)cc1,,CHEMBL296419,C28H31FN4O,458.58
BAZEDOXIFENE,,Cc1c(-c2ccc(O)cc2)n(Cc2ccc(OCCN3CCCCCC3)cc2)c2ccc(O)cc12,,CHEMBL46740,C30H34N2O3,470.61
PRIMIDONE,,CCC1(c2ccccc2)C(=O)NCNC1=O,,CHEMBL856,C12H14N2O2,218.26
BIOTIN,,O=C(O)CCCC[C@@H]1SC[C@@H]2NC(=O)N[C@@H]21,,CHEMBL857,C10H16N2O3S,244.32
MEPHENYTOIN,,CCC1(c2ccccc2)NC(=O)N(C)C1=O,,CHEMBL861,C12H14N2O2,218.26
CARBARIL,,CNC(=O)Oc1cccc2ccccc12,,CHEMBL46917,C12H11NO2,201.22
GUANFACINE,,N=C(N)NC(=O)Cc1c(Cl)cccc1Cl,,CHEMBL862,C9H9Cl2N3O,246.10
CYSTEINE,,N[C@@H](CS)C(=O)O,,CHEMBL863,C3H7NO2S,121.16
FLUSPIRILENE,,O=C1NCN(c2ccccc2)C12CCN(CCCC(c1ccc(F)cc1)c1ccc(F)cc1)CC2,,CHEMBL46516,C29H31F2N3O,475.58
CARBINOXAMINE,,CN(C)CCOC(c1ccc(Cl)cc1)c1ccccn1,,CHEMBL864,C16H19ClN2O,290.79
CINNARIZINE,,C(=C/c1ccccc1)\CN1CCN(C(c2ccccc2)c2ccccc2)CC1,,CHEMBL43064,C26H28N2,368.52
BERBERINE,,COc1ccc2cc3[n+](cc2c1OC)CCc1cc2c(cc1-3)OCO2,,CHEMBL295124,C20H18NO4+,336.37
VALDECOXIB,,Cc1onc(-c2ccccc2)c1-c1ccc(S(N)(=O)=O)cc1,,CHEMBL865,C16H14N2O3S,314.37
PARECOXIB SODIUM,,CCC(=O)[N-]S(=O)(=O)c1ccc(-c2c(-c3ccccc3)noc2C)cc1.[Na+],,CHEMBL296913,C19H17N2NaO4S,392.41
ETHAMBUTOL,,CC[C@@H](CO)NCCN[C@@H](CC)CO,,CHEMBL44884,C10H24N2O2,204.31
ETHYL CHLORIDE,,CCCl,,CHEMBL46058,C2H5Cl,64.52
CHLOROFORM,,ClC(Cl)Cl,,CHEMBL44618,CHCl3,119.38
MYCOPHENOLIC ACID,,COc1c(C)c2c(c(O)c1C/C=C(\C)CCC(=O)O)C(=O)OC2,,CHEMBL866,C17H20O6,320.34
ETOPOSIDE,,COc1cc([C@@H]2c3cc4c(cc3[C@@H](O[C@@H]3O[C@@H]5CO[C@@H](C)O[C@H]5[C@H](O)[C@H]3O)[C@H]3COC(=O)[C@H]23)OCO4)cc(OC)c1O,,CHEMBL44657,C29H32O13,588.56
IOPANOIC ACID,,CCC(Cc1c(I)cc(I)c(N)c1I)C(=O)O,,CHEMBL867,C11H12I3NO2,570.93
OMACETAXINE MEPESUCCINATE,,COC(=O)C[C@](O)(CCCC(C)(C)O)C(=O)O[C@@H]1C(OC)=C[C@]23CCCN2CCc2cc4c(cc2[C@H]13)OCO4,,CHEMBL46286,C29H39NO9,545.63
CANTHARIDIN,,C[C@@]12C(=O)OC(=O)[C@]1(C)[C@H]1CC[C@@H]2O1,,CHEMBL48449,C10H12O4,196.20
VANCOMYCIN,,CN[C@H](CC(C)C)C(=O)N[C@H]1C(=O)N[C@@H](CC(N)=O)C(=O)N[C@H]2C(=O)N[C@H]3C(=O)N[C@H](C(=O)N[C@H](C(=O)O)c4cc(O)cc(O)c4-c4cc3ccc4O)[C@H](O)c3ccc(c(Cl)c3)Oc3cc2cc(c3O[C@@H]2O[C@H](CO)[C@@H](O)[C@H](O)[C@H]2O[C@H]2C[C@](C)(N)[C@H](O)[C@H](C)O2)Oc2ccc(cc2Cl)[C@H]1O,,CHEMBL262777,C66H75Cl2N9O24,1449.27
NITROFURAZONE,,NC(=O)N/N=C/c1ccc([N+](=O)[O-])o1,,CHEMBL869,C6H6N4O4,198.14
ALENDRONIC ACID,,NCCCC(O)(P(=O)(O)O)P(=O)(O)O,,CHEMBL870,C4H13NO7P2,249.10
ETIDRONIC ACID,,CC(O)(P(=O)(O)O)P(=O)(O)O,,CHEMBL871,C2H8O7P2,206.03
VINBLASTINE,,CC[C@]1(O)C[C@@H]2CN(CCc3c([nH]c4ccccc34)[C@@](C(=O)OC)(c3cc4c(cc3OC)N(C)[C@H]3[C@@](O)(C(=O)OC)[C@H](OC(C)=O)[C@]5(CC)C=CCN6CC[C@]43[C@@H]65)C2)C1,,CHEMBL159,C46H58N4O9,810.99
MIBEFRADIL,,COCC(=O)O[C@]1(CCN(C)CCCc2nc3ccccc3[nH]2)CCc2cc(F)ccc2[C@@H]1C(C)C,,CHEMBL45816,C29H38FN3O3,495.64
LEVOKETOCONAZOLE,,CC(=O)N1CCN(c2ccc(OC[C@@H]3CO[C@@](Cn4ccnc4)(c4ccc(Cl)cc4Cl)O3)cc2)CC1,,CHEMBL295698,C26H28Cl2N4O4,531.44
TAFENOQUINE,,COc1cc(C)c2c(Oc3cccc(C(F)(F)F)c3)c(OC)cc(NC(C)CCCN)c2n1,,CHEMBL298470,C24H28F3N3O3,463.50
CYCLOSPORINE,,C/C=C/C[C@@H](C)[C@@H](O)[C@H]1C(=O)N[C@@H](CC)C(=O)N(C)CC(=O)N(C)[C@@H](CC(C)C)C(=O)N[C@@H](C(C)C)C(=O)N(C)[C@@H](CC(C)C)C(=O)N[C@@H](C)C(=O)N[C@H](C)C(=O)N(C)[C@@H](CC(C)C)C(=O)N(C)[C@@H](CC(C)C)C(=O)N(C)[C@@H](C(C)C)C(=O)N1C,,CHEMBL160,C62H111N11O12,1202.63
TRANEXAMIC ACID,,NC[C@H]1CC[C@H](C(=O)O)CC1,,CHEMBL877,C8H15NO2,157.21
METOLAZONE,,Cc1ccccc1N1C(=O)c2cc(S(N)(=O)=O)c(Cl)cc2NC1C,,CHEMBL878,C16H16ClN3O3S,365.84
FAMCICLOVIR,,CC(=O)OCC(CCn1cnc2cnc(N)nc21)COC(C)=O,,CHEMBL880,C14H19N5O4,321.34
EMTRICITABINE,,Nc1nc(=O)n([C@@H]2CS[C@H](CO)O2)cc1F,,CHEMBL885,C8H10FN3O3S,247.25
RASAGILINE,,C#CCN[C@@H]1CCc2ccccc21,,CHEMBL887,C12H13N,171.24
GEMCITABINE,,Nc1ccn([C@@H]2O[C@H](CO)[C@@H](O)C2(F)F)c(=O)n1,,CHEMBL888,C9H11F2N3O4,263.20
LACTULOSE,,OC[C@H]1O[C@@H](O[C@@H]2[C@@H](CO)O[C@](O)(CO)[C@H]2O)[C@H](O)[C@@H](O)[C@H]1O,,CHEMBL296306,C12H22O11,342.30
SAFINAMIDE MESYLATE,,CS(=O)(=O)O.C[C@H](NCc1ccc(OCc2cccc(F)c2)cc1)C(N)=O,,CHEMBL48582,C18H23FN2O5S,398.46
CLOXACILLIN,,Cc1onc(-c2ccccc2Cl)c1C(=O)N[C@@H]1C(=O)N2[C@@H]1SC(C)(C)[C@@H]2C(=O)O,,CHEMBL891,C19H18ClN3O5S,435.89
BUTORPHANOL TARTRATE,,O=C(O)C(O)C(O)C(=O)O.Oc1ccc2c(c1)[C@@]13CCCC[C@@]1(O)[C@@H](C2)N(CC1CCC1)CC3,,CHEMBL299400,C25H35NO8,477.55
DICLOXACILLIN,,Cc1onc(-c2c(Cl)cccc2Cl)c1C(=O)N[C@@H]1C(=O)N2[C@@H]1SC(C)(C)[C@@H]2C(=O)O,,CHEMBL893,C19H17Cl2N3O5S,470.33
BUPROPION,,CC(NC(C)(C)C)C(=O)c1cccc(Cl)c1,,CHEMBL894,C13H18ClNO,239.75
EMETINE,,CC[C@H]1CN2CCc3cc(OC)c(OC)cc3[C@@H]2C[C@@H]1C[C@H]1NCCc2cc(OC)c(OC)cc21,,CHEMBL50588,C29H40N2O4,480.65
NALBUPHINE,,Oc1ccc2c3c1O[C@H]1[C@@H](O)CC[C@@]4(O)[C@@H](C2)N(CC2CCC2)CC[C@]314,,CHEMBL895,C21H27NO4,357.45
DEXTROMETHORPHAN,,COc1ccc2c(c1)[C@]13CCCC[C@@H]1[C@H](C2)N(C)CC3,,CHEMBL52440,C18H25NO,271.40
HYDROXYZINE,,OCCOCCN1CCN(C(c2ccccc2)c2ccc(Cl)cc2)CC1,,CHEMBL896,C21H27ClN2O2,374.91
PROBENECID,,CCCN(CCC)S(=O)(=O)c1ccc(C(=O)O)cc1,,CHEMBL897,C13H19NO4S,285.37
DIFLUNISAL,,O=C(O)c1cc(-c2ccc(F)cc2F)ccc1O,,CHEMBL898,C13H8F2O3,250.20
ORPHENADRINE,,Cc1ccccc1C(OCCN(C)C)c1ccccc1,,CHEMBL900,C18H23NO,269.39
FAMOTIDINE,,NC(N)=Nc1nc(CSCC/C(N)=N/S(N)(=O)=O)cs1,,CHEMBL902,C8H15N7O2S3,337.46
ISOXICAM,,Cc1cc(NC(=O)C2=C(O)c3ccccc3S(=O)(=O)N2C)no1,,CHEMBL53292,C14H13N3O5S,335.34
DOXORUBICIN,,COc1cccc2c1C(=O)c1c(O)c3c(c(O)c1C2=O)C[C@@](O)(C(=O)CO)C[C@@H]3O[C@H]1C[C@H](N)[C@H](O)[C@H](C)O1,,CHEMBL53463,C27H29NO11,543.53
DEXMETHYLPHENIDATE HYDROCHLORIDE,,COC(=O)[C@H](c1ccccc1)[C@H]1CCCCN1.Cl,,CHEMBL904,C14H20ClNO2,269.77
RIZATRIPTAN,,CN(C)CCc1c[nH]c2ccc(Cn3cncn3)cc12,,CHEMBL905,C15H19N5,269.35
CHLORPROTHIXENE,,CN(C)CC/C=C1/c2ccccc2Sc2ccc(Cl)cc21,,CHEMBL908,C18H18ClNS,315.87
ZOLPIDEM,,Cc1ccc(-c2nc3ccc(C)cn3c2CC(=O)N(C)C)cc1,,CHEMBL911,C19H21N3O,307.40
FEXOFENADINE,,CC(C)(C(=O)O)c1ccc(C(O)CCCN2CCC(C(O)(c3ccccc3)c3ccccc3)CC2)cc1,,CHEMBL914,C32H39NO4,501.67
NEDOCROMIL SODIUM,,CCCc1c2oc(C(=O)[O-])cc(=O)c2cc2c(=O)cc(C(=O)[O-])n(CC)c12.[Na+].[Na+],,CHEMBL915,C19H15NNa2O7,415.31
TIROFIBAN,,CCCCS(=O)(=O)N[C@@H](Cc1ccc(OCCCCC2CCNCC2)cc1)C(=O)O,,CHEMBL916,C22H36N2O5S,440.61
DANTHRON,,O=C1c2cccc(O)c2C(=O)c2c(O)cccc21,,CHEMBL53418,C14H8O4,240.21
FLOXURIDINE,,O=c1[nH]c(=O)n([C@H]2C[C@H](O)[C@@H](CO)O2)cc1F,,CHEMBL917,C9H11FN2O5,246.19
PHENACEMIDE,,NC(=O)NC(=O)Cc1ccccc1,,CHEMBL918,C9H10N2O2,178.19
FOSPHENYTOIN SODIUM,,O=C1NC(c2ccccc2)(c2ccccc2)C(=O)N1COP(=O)([O-])[O-].[Na+].[Na+],,CHEMBL919,C16H13N2Na2O6P,406.24
CHOLINE,,C[N+](C)(C)CCO,,CHEMBL920,C5H14NO+,104.17
ALPIDEM,,CCCN(CCC)C(=O)Cc1c(-c2ccc(Cl)cc2)nc2ccc(Cl)cn12,,CHEMBL54349,C21H23Cl2N3O,404.34
ADEFOVIR DIPIVOXIL,,CC(C)(C)C(=O)OCOP(=O)(COCCn1cnc2c(N)ncnc21)OCOC(=O)C(C)(C)C,,CHEMBL922,C20H32N5O8P,501.48
CEFTRIAXONE,,CO/N=C(\C(=O)N[C@@H]1C(=O)N2C(C(=O)O)=C(CSc3nc(=O)c(O)nn3C)CS[C@H]12)c1csc(N)n1,,CHEMBL161,C18H18N8O7S3,554.59
RISEDRONIC ACID,,O=P(O)(O)C(O)(Cc1cccnc1)P(=O)(O)O,,CHEMBL923,C7H11NO7P2,283.11
ZOLEDRONIC ACID ANHYDROUS,,O=P(O)(O)C(O)(Cn1ccnc1)P(=O)(O)O,,CHEMBL924,C5H10N2O7P2,272.09
ANIDULAFUNGIN,,CCCCCOc1ccc(-c2ccc(-c3ccc(C(=O)N[C@H]4C[C@@H](O)[C@@H](O)NC(=O)[C@@H]5[C@@H](O)[C@@H](C)CN5C(=O)[C@H]([C@@H](C)O)NC(=O)[C@H]([C@H](O)[C@@H](O)c5ccc(O)cc5)NC(=O)[C@@H]5C[C@@H](O)CN5C(=O)[C@H]([C@@H](C)O)NC4=O)cc3)cc2)cc1,,CHEMBL264241,C58H73N7O17,1140.25
TYROSINE,,N[C@@H](Cc1ccc(O)cc1)C(=O)O,,CHEMBL925,C9H11NO3,181.19
DOBUTAMINE,,CC(CCc1ccc(O)cc1)NCCc1ccc(O)c(O)c1,,CHEMBL926,C18H23NO3,301.39
LEVACETYLLEUCINE,,CC(=O)N[C@@H](CC(C)C)C(=O)O,,CHEMBL56021,C8H15NO3,173.21
CEFDINIR,,C=CC1=C(C(=O)O)N2C(=O)[C@@H](NC(=O)/C(=N\O)c3csc(N)n3)[C@H]2SC1,,CHEMBL927,C14H13N5O5S2,395.42
TRYPTOPHAN,,N[C@@H](Cc1c[nH]c2ccccc12)C(=O)O,,CHEMBL54976,C11H12N2O2,204.23
DANTROLENE SODIUM,,O=C1CN(/N=C/c2ccc(-c3ccc([N+](=O)[O-])cc3)o2)C(=O)[N-]1.[Na+],,CHEMBL928,C14H9N4NaO5,336.24
LONAFARNIB,,NC(=O)N1CCC(CC(=O)N2CCC([C@H]3c4ncc(Br)cc4CCc4cc(Cl)cc(Br)c43)CC2)CC1,,CHEMBL298734,C27H31Br2ClN4O2,638.83
DELAVIRDINE MESYLATE,,CC(C)Nc1cccnc1N1CCN(C(=O)c2cc3cc(NS(C)(=O)=O)ccc3[nH]2)CC1.CS(=O)(=O)O,,CHEMBL929,C23H32N6O6S2,552.68
GLUTAMINE,,NC(=O)CC[C@H](N)C(=O)O,,CHEMBL930,C5H10N2O3,146.15
NIMESULIDE,,CS(=O)(=O)Nc1ccc([N+](=O)[O-])cc1Oc1ccccc1,,CHEMBL56367,C13H12N2O5S,308.31
HALOTHANE,,FC(F)(F)C(Cl)Br,,CHEMBL931,C2HBrClF3,197.38
DIPYRIDAMOLE,,OCCN(CCO)c1nc(N2CCCCC2)c2nc(N(CCO)CCO)nc(N3CCCCC3)c2n1,,CHEMBL932,C24H40N8O4,504.64
METYRAPONE,,CC(C)(C(=O)c1cccnc1)c1cccnc1,,CHEMBL934,C14H14N2O,226.28
DIPHENIDOL,,OC(CCCN1CCCCC1)(c1ccccc1)c1ccccc1,,CHEMBL936,C21H27NO,309.45
DIETHYLCARBAMAZINE CITRATE,,CCN(CC)C(=O)N1CCN(C)CC1.O=C(O)CC(O)(CC(=O)O)C(=O)O,,CHEMBL937,C16H29N3O8,391.42
SARALASIN,,CNCC(=O)N[C@@H](CCCNC(=N)N)C(=O)N[C@H](C(=O)N[C@@H](Cc1ccc(O)cc1)C(=O)N[C@H](C(=O)N[C@@H](Cc1cnc[nH]1)C(=O)N1CCC[C@H]1C(=O)N[C@@H](C)C(=O)O)C(C)C)C(C)C,,CHEMBL938,C42H65N13O10,912.06
RITONAVIR,,CC(C)c1nc(CN(C)C(=O)N[C@H](C(=O)N[C@@H](Cc2ccccc2)C[C@H](O)[C@H](Cc2ccccc2)NC(=O)OCc2cncs2)C(C)C)cs1,,CHEMBL163,C37H48N6O5S2,720.96
GEFITINIB,,COc1cc2ncnc(Nc3ccc(F)c(Cl)c3)c2cc1OCCCN1CCOCC1,,CHEMBL939,C22H24ClFN4O3,446.91
GABAPENTIN,,NCC1(CC(=O)O)CCCCC1,,CHEMBL940,C9H17NO2,171.24
"3,3',4',5-TETRACHLOROSALICYLANILIDE",,O=C(Nc1ccc(Cl)c(Cl)c1)c1cc(Cl)cc(Cl)c1O,,CHEMBL291338,C13H7Cl4NO2,351.02
LACOSAMIDE,,COC[C@@H](NC(C)=O)C(=O)NCc1ccccc1,,CHEMBL58323,C13H18N2O3,250.30
IMATINIB,,Cc1ccc(NC(=O)c2ccc(CN3CCN(C)CC3)cc2)cc1Nc1nccc(-c2cccnc2)n1,,CHEMBL941,C29H31N7O,493.62
TROPISETRON,,CN1[C@@H]2CC[C@H]1C[C@@H](OC(=O)c1c[nH]c3ccccc13)C2,,CHEMBL56564,C17H20N2O2,284.36
PRAMIPEXOLE,,CCCN[C@H]1CCc2nc(N)sc2C1,,CHEMBL301265,C10H17N3S,211.33
BISACODYL,,CC(=O)Oc1ccc(C(c2ccc(OC(C)=O)cc2)c2ccccn2)cc1,,CHEMBL942,C22H19NO4,361.40
EPALRESTAT,,CC(/C=C1\SC(=S)N(CC(=O)O)C1=O)=C\c1ccccc1,,CHEMBL56337,C15H13NO3S2,319.41
CHLOROPROCAINE HYDROCHLORIDE,,CCN(CC)CCOC(=O)c1ccc(N)cc1Cl.Cl,,CHEMBL944,C13H20Cl2N2O2,307.22
AMILORIDE,,N=C(N)NC(=O)c1nc(Cl)c(N)nc1N,,CHEMBL945,C6H8ClN7O,229.63
AZATADINE,,CN1CCC(=C2c3ccccc3CCc3cccnc32)CC1,,CHEMBL946,C20H22N2,290.41
CHLOROQUINE PHOSPHATE,,CCN(CC)CCCC(C)Nc1ccnc2cc(Cl)ccc12.O=P(O)(O)O.O=P(O)(O)O,,CHEMBL58510,C18H32ClN3O8P2,515.87
IOPHENDYLATE,,CCOC(=O)CCCCCCCCC(C)c1ccc(I)cc1,,CHEMBL951,C19H29IO2,416.34
CAPSAICIN,,COc1cc(CNC(=O)CCCC/C=C/C(C)C)ccc1O,,CHEMBL294199,C18H27NO3,305.42
ENTACAPONE,,CCN(CC)C(=O)/C(C#N)=C/c1cc(O)c(O)c([N+](=O)[O-])c1,,CHEMBL953,C14H15N3O5,305.29
CYCLOTHIAZIDE,,NS(=O)(=O)c1cc2c(cc1Cl)NC(C1CC3C=CC1C3)NS2(=O)=O,,CHEMBL61593,C14H16ClN3O4S2,389.89
SUPROFEN,,CC(C(=O)O)c1ccc(C(=O)c2cccs2)cc1,,CHEMBL956,C14H12O3S,260.31
BOSENTAN,,COc1ccccc1Oc1c(NS(=O)(=O)c2ccc(C(C)(C)C)cc2)nc(-c2ncccn2)nc1OCCO,,CHEMBL957,C27H29N5O6S,551.63
RIMANTADINE,,CC(N)C12CC3CC(CC(C3)C1)C2,,CHEMBL959,C12H21N,179.31
LEFLUNOMIDE,,Cc1oncc1C(=O)Nc1ccc(C(F)(F)F)cc1,,CHEMBL960,C12H9F3N2O2,270.21
SULFADIMETHOXINE,,COc1cc(NS(=O)(=O)c2ccc(N)cc2)nc(OC)n1,,CHEMBL62193,C12H14N4O4S,310.34
PHENYLPROPANOLAMINE,,CC(N)C(O)c1ccccc1,,CHEMBL61006,C9H13NO,151.21
EPOPROSTENOL SODIUM,,CCCCC[C@H](O)/C=C/[C@@H]1[C@H]2C/C(=C/CCCC(=O)[O-])O[C@H]2C[C@H]1O.[Na+],,CHEMBL962,C20H31NaO5,374.45
OXYMORPHONE,,CN1CC[C@]23c4c5ccc(O)c4O[C@H]2C(=O)CC[C@@]3(O)[C@H]1C5,,CHEMBL963,C17H19NO4,301.34
DISULFIRAM,,CCN(CC)C(=S)SSC(=S)N(CC)CC,,CHEMBL964,C10H20N2S4,296.55
CARBAMOYLCHOLINE,,C[N+](C)(C)CCOC(N)=O,,CHEMBL965,C6H15N2O2+,147.20
TEMAZEPAM,,CN1C(=O)C(O)N=C(c2ccccc2)c2cc(Cl)ccc21,,CHEMBL967,C16H13ClN2O2,300.75
FLURAZEPAM,,CCN(CC)CCN1C(=O)CN=C(c2ccccc2F)c2cc(Cl)ccc21,,CHEMBL968,C21H23ClFN3O,387.89
PRAZEPAM,,O=C1CN=C(c2ccccc2)c2cc(Cl)ccc2N1CC1CC1,,CHEMBL969,C19H17ClN2O,324.81
HALAZEPAM,,O=C1CN=C(c2ccccc2)c2cc(Cl)ccc2N1CC(F)(F)F,,CHEMBL970,C17H12ClF3N2O,352.74
PENTOBARBITAL SODIUM,,CCCC(C)C1(CC)C(=O)N=C([O-])NC1=O.[Na+],,CHEMBL971,C11H17N2NaO3,248.26
SELEGILINE,,C#CCN(C)[C@H](C)Cc1ccccc1,,CHEMBL972,C13H17N,187.29
TERIFLUNOMIDE,,C/C(O)=C(\C#N)C(=O)Nc1ccc(C(F)(F)F)cc1,,CHEMBL973,C12H9F3N2O2,270.21
MESNA,,O=S(=O)([O-])CCS.[Na+],,CHEMBL975,C2H5NaO3S2,164.18
ITRACONAZOLE,,CCC(C)n1ncn(-c2ccc(N3CCN(c4ccc(OCC5COC(Cn6cncn6)(c6ccc(Cl)cc6Cl)O5)cc4)CC3)cc2)c1=O,,CHEMBL64391,C35H38Cl2N8O4,705.65
GENTIAN VIOLET,,CN(C)c1ccc(C(=C2C=CC(=[N+](C)C)C=C2)c2ccc(N(C)C)cc2)cc1.[Cl-],,CHEMBL64894,C25H30ClN3,407.99
PRAZIQUANTEL,,O=C(C1CCCCC1)N1CC(=O)N2CCc3ccccc3C2C1,,CHEMBL976,C19H24N2O2,312.41
HYDROCORTISONE HEMISUCCINATE ANHYDROUS,,C[C@]12CCC(=O)C=C1CC[C@@H]1[C@@H]2[C@@H](O)C[C@@]2(C)[C@H]1CC[C@]2(O)C(=O)COC(=O)CCC(=O)O,,CHEMBL977,C25H34O8,462.54
METHACHOLINE,,CC(=O)OC(C)C[N+](C)(C)C,,CHEMBL978,C8H18NO2+,160.24
MEPROBAMATE,,CCCC(C)(COC(N)=O)COC(N)=O,,CHEMBL979,C9H18N2O4,218.25
GUAIFENESIN,,COc1ccccc1OCC(O)CO,,CHEMBL980,C10H14O4,198.22
FENOFIBRIC ACID,,CC(C)(Oc1ccc(C(=O)c2ccc(Cl)cc2)cc1)C(=O)O,,CHEMBL981,C17H15ClO4,318.76
NALMEFENE,,C=C1CC[C@@]2(O)[C@H]3Cc4ccc(O)c5c4[C@@]2(CCN3CC2CC2)[C@H]1O5,,CHEMBL982,C21H25NO3,339.44
SUCCINYLCHOLINE CHLORIDE,,C[N+](C)(C)CCOC(=O)CCC(=O)OCC[N+](C)(C)C.[Cl-].[Cl-],,CHEMBL983,C14H30Cl2N2O4,361.31
MIVACURIUM CHLORIDE,,COc1cc2c(cc1OC)[C@@H](Cc1cc(OC)c(OC)c(OC)c1)[N+](C)(CCCOC(=O)CC/C=C/CCC(=O)OCCC[N+]1(C)CCc3cc(OC)c(OC)cc3[C@H]1Cc1cc(OC)c(OC)c(OC)c1)CC2.[Cl-].[Cl-],,CHEMBL984,C58H80Cl2N2O14,1100.18
UREA,,NC(N)=O,,CHEMBL985,CH4N2O,60.06
TIPIRACIL HYDROCHLORIDE,,Cl.N=C1CCCN1Cc1[nH]c(=O)[nH]c(=O)c1Cl,,CHEMBL65375,C9H12Cl2N4O2,279.13
CRINECERFONT,,C#CCN(c1nc(-c2cc(C)c(OC)cc2Cl)c(C)s1)[C@@H](CC1CC1)c1ccc(C)c(F)c1,,CHEMBL291657,C27H28ClFN2OS,483.05
PHENOLPHTHALEIN,,O=C1OC(c2ccc(O)cc2)(c2ccc(O)cc2)c2ccccc21,,CHEMBL63857,C20H14O4,318.33
RETINOL,,CC1=C(/C=C/C(C)=C/C=C/C(C)=C/CO)C(C)(C)CCC1,,CHEMBL986,C20H30O,286.46
CEFPIROME,,CO/N=C(\C(=O)N[C@@H]1C(=O)N2C(C(=O)[O-])=C(C[n+]3cccc4c3CCC4)CS[C@H]12)c1csc(N)n1,,CHEMBL65794,C22H22N6O5S2,514.59
FLUOCINOLONE ACETONIDE,,CC1(C)O[C@@H]2C[C@H]3[C@@H]4C[C@H](F)C5=CC(=O)C=C[C@]5(C)[C@@]4(F)[C@@H](O)C[C@]3(C)[C@]2(C(=O)CO)O1,,CHEMBL989,C24H30F2O6,452.49
BUTENAFINE,,CN(Cc1ccc(C(C)(C)C)cc1)Cc1cccc2ccccc12,,CHEMBL990,C23H27N,317.48
ACEFYLLINE,,Cn1c(=O)c2c(ncn2CC(=O)O)n(C)c1=O,,CHEMBL70246,C9H10N4O4,238.20
STAVUDINE,,Cc1cn([C@H]2C=C[C@@H](CO)O2)c(=O)[nH]c1=O,,CHEMBL991,C10H12N2O4,224.22
LOSARTAN POTASSIUM,,CCCCc1nc(Cl)c(CO)n1Cc1ccc(-c2ccccc2-c2nnn[n-]2)cc1.[K+],,CHEMBL995,C22H22ClKN6O,461.01
CEFOXITIN,,CO[C@@]1(NC(=O)Cc2cccs2)C(=O)N2C(C(=O)O)=C(COC(N)=O)CS[C@@H]21,,CHEMBL996,C16H17N3O7S2,427.46
SORIVUDINE,,O=c1[nH]c(=O)n([C@@H]2O[C@H](CO)[C@@H](O)[C@@H]2O)cc1/C=C/Br,,CHEMBL70046,C11H13BrN2O6,349.14
IBANDRONIC ACID,,CCCCCN(C)CCC(O)(P(=O)(O)O)P(=O)(O)O,,CHEMBL997,C9H23NO7P2,319.23
LORATADINE,,CCOC(=O)N1CCC(=C2c3ccc(Cl)cc3CCc3cccnc32)CC1,,CHEMBL998,C22H23ClN2O2,382.89
VINPOCETINE,,CCOC(=O)C1=C[C@]2(CC)CCCN3CCc4c(n1c1ccccc41)[C@@H]32,,CHEMBL71752,C22H26N2O2,350.46
EBASTINE,,CC(C)(C)c1ccc(C(=O)CCCN2CCC(OC(c3ccccc3)c3ccccc3)CC2)cc1,,CHEMBL305660,C32H39NO2,469.67
CETIRIZINE,,O=C(O)COCCN1CCN(C(c2ccccc2)c2ccc(Cl)cc2)CC1,,CHEMBL1000,C21H25ClN2O3,388.90
CLOBAZAM,,CN1C(=O)CC(=O)N(c2ccccc2)c2cc(Cl)ccc21,,CHEMBL70418,C16H13ClN2O2,300.75
LEVOSALBUTAMOL,,CC(C)(C)NC[C@H](O)c1ccc(O)c(CO)c1,,CHEMBL1002,C13H21NO3,239.31
CLAVULANATE POTASSIUM,,O=C([O-])[C@H]1/C(=C/CO)O[C@@H]2CC(=O)N21.[K+],,CHEMBL1003,C8H8KNO5,237.25
DOXYLAMINE,,CN(C)CCOC(C)(c1ccccc1)c1ccccn1,,CHEMBL1004,C17H22N2O,270.38
SERATRODAST,,CC1=C(C)C(=O)C(C(CCCCCC(=O)O)c2ccccc2)=C(C)C1=O,,CHEMBL70972,C22H26O4,354.45
REMIFENTANIL,,CCC(=O)N(c1ccccc1)C1(C(=O)OC)CCN(CCC(=O)OC)CC1,,CHEMBL1005,C20H28N2O5,376.45
DEFERIPRONE,,Cc1c(O)c(=O)ccn1C,,CHEMBL70927,C7H9NO2,139.15
AMIFOSTINE,,NCCCNCCSP(=O)(O)O,,CHEMBL1006,C5H15N2O3PS,214.23
GONADORELIN,,CC(C)C[C@H](NC(=O)CNC(=O)[C@H](Cc1ccc(O)cc1)NC(=O)[C@H](CO)NC(=O)[C@H](Cc1c[nH]c2ccccc12)NC(=O)[C@H](Cc1cnc[nH]1)NC(=O)[C@@H]1CCC(=O)N1)C(=O)N[C@@H](CCCNC(=N)N)C(=O)N1CCC[C@H]1C(=O)NCC(N)=O,,CHEMBL1007,C55H75N17O13,1182.31
BEPRIDIL,,CC(C)COCC(CN(Cc1ccccc1)c1ccccc1)N1CCCC1,,CHEMBL1008,C24H34N2O,366.55
LEVODOPA,,N[C@@H](Cc1ccc(O)c(O)c1)C(=O)O,,CHEMBL1009,C9H11NO4,197.19
CEFOTAXIME SODIUM,,CO/N=C(\C(=O)N[C@@H]1C(=O)N2C(C(=O)[O-])=C(COC(C)=O)CS[C@H]12)c1csc(N)n1.[Na+],,CHEMBL1010,C16H16N5NaO7S2,477.46
ETRAVIRINE,,Cc1cc(C#N)cc(C)c1Oc1nc(Nc2ccc(C#N)cc2)nc(N)c1Br,,CHEMBL308954,C20H15BrN6O,435.29
VILOXAZINE,,CCOc1ccccc1OCC1CNCCO1,,CHEMBL306700,C13H19NO3,237.30
LORACARBEF ANHYDROUS,,N[C@@H](C(=O)N[C@@H]1C(=O)N2C(C(=O)O)=C(Cl)CC[C@H]12)c1ccccc1,,CHEMBL1013,C16H16ClN3O4,349.77
MOXALACTAM,,CO[C@@]1(NC(=O)C(C(=O)O)c2ccc(O)cc2)C(=O)N2C(C(=O)O)=C(CSc3nnnn3C)CO[C@@H]21,,CHEMBL74632,C20H20N6O9S,520.48
XYLOMETAZOLINE,,Cc1cc(C(C)(C)C)cc(C)c1CC1=NCCN1,,CHEMBL312448,C16H24N2,244.38
CANDESARTAN CILEXETIL,,CCOc1nc2cccc(C(=O)OC(C)OC(=O)OC3CCCCC3)c2n1Cc1ccc(-c2ccccc2-c2nn[nH]n2)cc1,,CHEMBL1014,C33H34N6O6,610.67
EVANS BLUE FREE ACID,,Cc1cc(-c2ccc(/N=N/c3ccc4c(S(=O)(=O)O)cc(S(=O)(=O)O)c(N)c4c3O)c(C)c2)ccc1/N=N/c1ccc2c(S(=O)(=O)O)cc(S(=O)(=O)O)c(N)c2c1O,,CHEMBL1015,C34H28N6O14S4,872.89
TELMISARTAN,,CCCc1nc2c(C)cc(-c3nc4ccccc4n3C)cc2n1Cc1ccc(-c2ccccc2C(=O)O)cc1,,CHEMBL1017,C33H30N4O2,514.63
DIENESTROL,,C/C=C(C(=C/C)/c1ccc(O)cc1)\c1ccc(O)cc1,,CHEMBL1018,C18H18O2,266.34
DEXKETOPROFEN,,C[C@H](C(=O)O)c1cccc(C(=O)c2ccccc2)c1,,CHEMBL75435,C16H14O3,254.29
CARBETAPENTANE,,CCN(CC)CCOCCOC(=O)C1(c2ccccc2)CCCC1,,CHEMBL73234,C20H31NO3,333.47
TOLMETIN,,Cc1ccc(C(=O)c2ccc(CC(=O)O)n2C)cc1,,CHEMBL1020,C15H15NO3,257.29
NEPAFENAC,,NC(=O)Cc1cccc(C(=O)c2ccccc2)c1N,,CHEMBL1021,C15H14N2O2,254.29
PERHEXILINE,,C1CCC(C(CC2CCCCN2)C2CCCCC2)CC1,,CHEMBL75880,C19H35N,277.50
BEXAROTENE,,C=C(c1ccc(C(=O)O)cc1)c1cc2c(cc1C)C(C)(C)CCC2(C)C,,CHEMBL1023,C24H28O2,348.49
IFOSFAMIDE,,O=P1(NCCCl)OCCCN1CCCl,,CHEMBL1024,C7H15Cl2N2O2P,261.09
ISOFLUROPHATE,,CC(C)OP(=O)(F)OC(C)C,,CHEMBL1025,C6H14FO3P,184.15
ARTENIMOL,,C[C@H]1[C@@H](O)O[C@@H]2O[C@@]3(C)CC[C@H]4[C@H](C)CC[C@@H]1[C@@]24OO3,,CHEMBL307261,C15H24O5,284.35
FENOLDOPAM MESYLATE,,CS(=O)(=O)O.Oc1ccc(C2CNCCc3c2cc(O)c(O)c3Cl)cc1,,CHEMBL1026,C17H20ClNO6S,401.87
TIAGABINE,,Cc1ccsc1C(=CCCN1CCC[C@@H](C(=O)O)C1)c1sccc1C,,CHEMBL1027,C20H25NO2S2,375.56
TEGASEROD,,CCCCCNC(=N)N/N=C/c1c[nH]c2ccc(OC)cc12,,CHEMBL76370,C16H23N5O,301.39
ISTRADEFYLLINE,,CCn1c(=O)c2c(nc(/C=C/c3ccc(OC)c(OC)c3)n2C)n(CC)c1=O,,CHEMBL431770,C20H24N4O4,384.44
MIGLUSTAT,,CCCCN1C[C@H](O)[C@@H](O)[C@H](O)[C@H]1CO,,CHEMBL1029,C10H21NO4,219.28
DICLOFENAC SODIUM,,O=C([O-])Cc1ccccc1Nc1c(Cl)cccc1Cl.[Na+],,CHEMBL1034,C14H10Cl2NNaO2,318.14
GUANADREL,,N=C(N)NCC1COC2(CCCCC2)O1,,CHEMBL1037,C10H19N3O2,213.28
CALCIFEDIOL ANHYDROUS,,C=C1CC[C@H](O)C/C1=C/C=C1\CCC[C@]2(C)[C@@H]([C@H](C)CCCC(C)(C)O)CC[C@@H]12,,CHEMBL1040,C27H44O2,400.65
CHOLECALCIFEROL,,C=C1CC[C@H](O)C/C1=C/C=C1\CCC[C@]2(C)[C@@H]([C@H](C)CCCC(C)C)CC[C@@H]12,,CHEMBL1042,C27H44O,384.65
DAPSONE,,Nc1ccc(S(=O)(=O)c2ccc(N)cc2)cc1,,CHEMBL1043,C12H12N2O2S,248.31
AMINOCAPROIC ACID,,NCCCCCC(=O)O,,CHEMBL1046,C6H13NO2,131.18
DITHIAZANINE IODIDE,,CCN1/C(=C/C=C/C=C/c2sc3ccccc3[n+]2CC)Sc2ccccc21.[I-],,CHEMBL421701,C23H23IN2S2,518.49
CIANIDANOL,,Oc1cc(O)c2c(c1)O[C@H](c1ccc(O)c(O)c1)[C@@H](O)C2,,CHEMBL311498,C15H14O6,290.27
MOZAVAPTAN,,Cc1ccccc1C(=O)Nc1ccc(C(=O)N2CCCC(N(C)C)c3ccccc32)cc1,,CHEMBL420762,C27H29N3O2,427.55
LATANOPROST,,CC(C)OC(=O)CCC/C=C\C[C@@H]1[C@@H](CC[C@@H](O)CCc2ccccc2)[C@H](O)C[C@@H]1O,,CHEMBL1051,C26H40O5,432.60
TRICHLORMETHIAZIDE,,NS(=O)(=O)c1cc2c(cc1Cl)NC(C(Cl)Cl)NS2(=O)=O,,CHEMBL1054,C8H8Cl3N3O4S2,380.66
CHLORTHALIDONE,,NS(=O)(=O)c1cc(C2(O)NC(=O)c3ccccc32)ccc1Cl,,CHEMBL1055,C14H11ClN2O4S,338.77
CEPHALORIDINE,,O=C(Cc1cccs1)N[C@@H]1C(=O)N2C(C(=O)[O-])=C(C[n+]3ccccc3)CS[C@H]12,,CHEMBL316157,C19H17N3O4S2,415.50
FLUORESCEIN,,O=C1OC2(c3ccc(O)cc3Oc3cc(O)ccc32)c2ccccc21,,CHEMBL1057,C20H12O5,332.31
PREGABALIN,,CC(C)C[C@H](CN)CC(=O)O,,CHEMBL1059,C8H17NO2,159.23
"SODIUM PHOSPHATE, DIBASIC, ANHYDROUS",,O=P([O-])([O-])O.[Na+].[Na+],,CHEMBL1060,HNa2O4P,141.96
SIMVASTATIN,,CCC(C)(C)C(=O)O[C@H]1C[C@@H](C)C=C2C=C[C@H](C)[C@H](CC[C@@H]3C[C@@H](O)CC(=O)O3)[C@H]21,,CHEMBL1064,C25H38O5,418.57
RITODRINE,,CC(NCCc1ccc(O)cc1)C(O)c1ccc(O)cc1,,CHEMBL83063,C17H21NO3,287.36
METHYSERGIDE,,CC[C@@H](CO)NC(=O)[C@@H]1C=C2c3cccc4c3c(cn4C)C[C@H]2N(C)C1,,CHEMBL1065,C21H27N3O2,353.47
OXCARBAZEPINE,,NC(=O)N1c2ccccc2CC(=O)c2ccccc21,,CHEMBL1068,C15H12N2O2,252.27
VALSARTAN,,CCCCC(=O)N(Cc1ccc(-c2ccccc2-c2nnn[nH]2)cc1)[C@H](C(=O)O)C(C)C,,CHEMBL1069,C24H29N5O3,435.53
ENCAINIDE,,COc1ccc(C(=O)Nc2ccccc2CCC2CCCCN2C)cc1,,CHEMBL315838,C22H28N2O2,352.48
MOCLOBEMIDE,,O=C(NCCN1CCOCC1)c1ccc(Cl)cc1,,CHEMBL86304,C13H17ClN2O2,268.74
MEDIFOXAMINE,,CN(C)CC(Oc1ccccc1)Oc1ccccc1,,CHEMBL85231,C16H19NO2,257.33
NABUMETONE,,COc1ccc2cc(CCC(C)=O)ccc2c1,,CHEMBL1070,C15H16O2,228.29
OXAPROZIN,,O=C(O)CCc1nc(-c2ccccc2)c(-c2ccccc2)o1,,CHEMBL1071,C18H15NO3,293.32
MEPTAZINOL,,CCC1(c2cccc(O)c2)CCCCN(C)C1,,CHEMBL314437,C15H23NO,233.35
PROCYCLIDINE,,OC(CCN1CCCC1)(c1ccccc1)C1CCCCC1,,CHEMBL86715,C19H29NO,287.45
BUMETANIDE,,CCCCNc1cc(C(=O)O)cc(S(N)(=O)=O)c1Oc1ccccc1,,CHEMBL1072,C17H20N2O5S,364.42
GLIPIZIDE,,Cc1cnc(C(=O)NCCc2ccc(S(=O)(=O)NC(=O)NC3CCCCC3)cc2)cn1,,CHEMBL1073,C21H27N5O4S,445.55
LOFEPRAMINE,,CN(CCCN1c2ccccc2CCc2ccccc21)CC(=O)c1ccc(Cl)cc1,,CHEMBL87708,C26H27ClN2O,418.97
FENFLURAMINE,,CCNC(C)Cc1cccc(C(F)(F)F)c1,,CHEMBL87493,C12H16F3N,231.26
CLOMETHIAZOLE,,Cc1ncsc1CCCl,,CHEMBL315795,C6H8ClNS,161.66
ESLICARBAZEPINE,,NC(=O)N1c2ccccc2C[C@H](O)c2ccccc21,,CHEMBL315985,C15H14N2O2,254.29
MORICIZINE,,CCOC(=O)Nc1ccc2c(c1)N(C(=O)CCN1CCOCC1)c1ccccc1S2,,CHEMBL1075,C22H25N3O4S,427.53
ESLICARBAZEPINE ACETATE,,CC(=O)O[C@H]1Cc2ccccc2N(C(N)=O)c2ccccc21,,CHEMBL87992,C17H16N2O3,296.33
BROMFENAC,,Nc1c(CC(=O)O)cccc1C(=O)c1ccc(Br)cc1,,CHEMBL1077,C15H12BrNO3,334.17
TIZANIDINE,,Clc1ccc2nsnc2c1NC1=NCCN1,,CHEMBL1079,C9H8ClN5S,253.72
VIGABATRIN,,C=CC(N)CCC(=O)O,,CHEMBL89598,C6H11NO2,129.16
VINCRISTINE,,CC[C@]1(O)C[C@H]2CN(CCc3c([nH]c4ccccc34)[C@@](C(=O)OC)(c3cc4c(cc3OC)N(C=O)[C@H]3[C@@](O)(C(=O)OC)[C@H](OC(C)=O)[C@]5(CC)C=CCN6CC[C@]43[C@@H]65)C2)C1,,CHEMBL90555,C46H56N4O10,824.97
AMOXICILLIN,,CC1(C)S[C@@H]2[C@H](NC(=O)[C@H](N)c3ccc(O)cc3)C(=O)N2[C@H]1C(=O)O,,CHEMBL1082,C16H19N3O5S,365.41
MASOPROCOL,,C[C@H](Cc1ccc(O)c(O)c1)[C@@H](C)Cc1ccc(O)c(O)c1,,CHEMBL313972,C18H22O4,302.37
FINGOLIMOD,,CCCCCCCCc1ccc(CCC(N)(CO)CO)cc1,,CHEMBL314854,C19H33NO2,307.48
RUPATADINE,,Cc1cncc(CN2CCC(=C3c4ccc(Cl)cc4CCc4cccnc43)CC2)c1,,CHEMBL91397,C26H26ClN3,415.97
ACETOPHENAZINE,,CC(=O)c1ccc2c(c1)N(CCCN1CCN(CCO)CC1)c1ccccc1S2,,CHEMBL1085,C23H29N3O2S,411.57
DIBUCAINE,,CCCCOc1cc(C(=O)NCCN(CC)CC)c2ccccc2n1,,CHEMBL1086,C20H29N3O2,343.47
MEPIVACAINE,,Cc1cccc(C)c1NC(=O)C1CCCCN1C,,CHEMBL1087,C15H22N2O,246.35
MESORIDAZINE,,CN1CCCCC1CCN1c2ccccc2Sc2ccc([S+](C)[O-])cc21,,CHEMBL1088,C21H26N2OS2,386.59
PHENELZINE,,NNCCc1ccccc1,,CHEMBL1089,C8H12N2,136.20
VIDARABINE,,Nc1ncnc2c1ncn2[C@@H]1O[C@H](CO)[C@@H](O)[C@@H]1O,,CHEMBL1090,C10H13N5O4,267.25
PRASTERONE,,C[C@]12CC[C@H](O)CC1=CC[C@@H]1[C@@H]2CC[C@]2(C)C(=O)CC[C@@H]12,,CHEMBL90593,C19H28O2,288.43
HYDROCORTISONE ACETATE,,CC(=O)OCC(=O)[C@@]1(O)CC[C@H]2[C@@H]3CCC4=CC(=O)CC[C@]4(C)[C@H]3[C@@H](O)C[C@@]21C,,CHEMBL1091,C23H32O6,404.50
TRIHEXYPHENIDYL HYDROCHLORIDE,,Cl.OC(CCN1CCCCC1)(c1ccccc1)C1CCCCC1,,CHEMBL1092,C20H32ClNO,337.94
ARTICAINE,,CCCNC(C)C(=O)Nc1c(C)csc1C(=O)OC,,CHEMBL1093,C13H20N2O3S,284.38
FELBAMATE,,NC(=O)OCC(COC(N)=O)c1ccccc1,,CHEMBL1094,C11H14N2O4,238.24
ETHOTOIN,,CCN1C(=O)NC(c2ccccc2)C1=O,,CHEMBL1095,C11H12N2O2,204.23
AMLEXANOX,,CC(C)c1ccc2oc3nc(N)c(C(=O)O)cc3c(=O)c2c1,,CHEMBL1096,C16H14N2O4,298.30
ALCLOFENAC,,C=CCOc1ccc(CC(=O)O)cc1Cl,,CHEMBL94081,C11H11ClO3,226.66
IPRONIAZID,,CC(C)NNC(=O)c1ccncc1,,CHEMBL92401,C9H13N3O,179.22
BUPIVACAINE,,CCCCN1CCCCC1C(=O)Nc1c(C)cccc1C,,CHEMBL1098,C18H28N2O,288.44
SODIUM NITRITE,,O=N[O-].[Na+],,CHEMBL93268,NNaO2,69.00
PARAMETHADIONE,,CCC1(C)OC(=O)N(C)C1=O,,CHEMBL1100,C7H11NO3,157.17
BIPERIDEN,,OC(CCN1CCCCC1)(c1ccccc1)C1CC2C=CC1C2,,CHEMBL1101,C21H29NO,311.47
SULTHIAME,,NS(=O)(=O)c1ccc(N2CCCCS2(=O)=O)cc1,,CHEMBL328560,C10H14N2O4S2,290.37
GLUTETHIMIDE,,CCC1(c2ccccc2)CCC(=O)NC1=O,,CHEMBL1102,C13H15NO2,217.27
FURAZOLIDONE,,O=C1OCCN1/N=C/c1ccc([N+](=O)[O-])o1,,CHEMBL1103,C8H7N3O5,225.16
EDROPHONIUM,,CC[N+](C)(C)c1cccc(O)c1,,CHEMBL1104,C10H16NO+,166.24
FELBINAC,,O=C(O)Cc1ccc(-c2ccccc2)cc1,,CHEMBL413965,C14H12O2,212.25
EPINASTINE,,NC1=NCC2c3ccccc3Cc3ccccc3N12,,CHEMBL1106,C16H15N3,249.32
HALOFANTRINE,,CCCCN(CCCC)CCC(O)c1cc2c(Cl)cc(Cl)cc2c2cc(C(F)(F)F)ccc12,,CHEMBL1107,C26H30Cl2F3NO,500.43
DROPERIDOL,,O=C(CCCN1CC=C(n2c(=O)[nH]c3ccccc32)CC1)c1ccc(F)cc1,,CHEMBL1108,C22H22FN3O2,379.44
MIZOLASTINE,,CN(c1nccc(=O)[nH]1)C1CCN(c2nc3ccccc3n2Cc2ccc(F)cc2)CC1,,CHEMBL94454,C24H25FN6O,432.50
SULFAPHENAZOLE,,Nc1ccc(S(=O)(=O)Nc2ccnn2-c2ccccc2)cc1,,CHEMBL1109,C15H14N4O2S,314.37
ALOSETRON,,Cc1[nH]cnc1CN1CCc2c(c3ccccc3n2C)C1=O,,CHEMBL1110,C17H18N4O,294.36
BUFEXAMAC,,CCCCOc1ccc(CC(=O)NO)cc1,,CHEMBL94394,C12H17NO3,223.27
PROGLUMIDE,,CCCN(CCC)C(=O)C(CCC(=O)O)NC(=O)c1ccccc1,,CHEMBL316561,C18H26N2O4,334.42
AMBRISENTAN,,COC(c1ccccc1)(c1ccccc1)[C@H](Oc1nc(C)cc(C)n1)C(=O)O,,CHEMBL1111,C22H22N2O4,378.43
ARIPIPRAZOLE,,O=C1CCc2ccc(OCCCCN3CCN(c4cccc(Cl)c4Cl)CC3)cc2N1,,CHEMBL1112,C23H27Cl2N3O2,448.39
AMOXAPINE,,Clc1ccc2c(c1)C(N1CCNCC1)=Nc1ccccc1O2,,CHEMBL1113,C17H16ClN3O,313.79
PYRIDOSTIGMINE,,CN(C)C(=O)Oc1ccc[n+](C)c1,,CHEMBL1115,C9H13N2O2+,181.22
RALOXIFENE HYDROCHLORIDE,,Cl.O=C(c1ccc(OCCN2CCCCC2)cc1)c1c(-c2ccc(O)cc2)sc2cc(O)ccc12,,CHEMBL1116,C28H28ClNO4S,510.06
IDARUBICIN,,CC(=O)[C@]1(O)Cc2c(O)c3c(c(O)c2[C@@H](O[C@H]2C[C@H](N)[C@H](O)[C@H](C)O2)C1)C(=O)c1ccccc1C3=O,,CHEMBL1117,C26H27NO9,497.50
BETAINE,,C[N+](C)(C)CC(=O)O,,CHEMBL95889,C5H12NO2+,118.16
DESVENLAFAXINE,,CN(C)CC(c1ccc(O)cc1)C1(O)CCCCC1,,CHEMBL1118,C16H25NO2,263.38
MINODRONIC ACID,,O=P(O)(O)C(O)(Cc1cnc2ccccn12)P(=O)(O)O,,CHEMBL319144,C9H12N2O7P2,322.15
LASOFOXIFENE,,Oc1ccc2c(c1)CC[C@H](c1ccccc1)[C@@H]2c1ccc(OCCN2CCCC2)cc1,,CHEMBL328190,C28H31NO2,413.56
REGADENOSON ANHYDROUS,,CNC(=O)c1cnn(-c2nc(N)c3ncn([C@@H]4O[C@H](CO)[C@@H](O)[C@H]4O)c3n2)c1,,CHEMBL317052,C15H18N8O5,390.36
EXIFONE,,O=C(c1cc(O)c(O)c(O)c1)c1ccc(O)c(O)c1O,,CHEMBL329522,C13H10O7,278.22
LEVOMILNACIPRAN,,CCN(CC)C(=O)[C@@]1(c2ccccc2)C[C@H]1CN,,CHEMBL99946,C15H22N2O,246.35
SINCALIDE,,CSCC[C@H](NC(=O)[C@H](Cc1ccc(OS(=O)(=O)O)cc1)NC(=O)[C@@H](N)CC(=O)O)C(=O)NCC(=O)N[C@@H](Cc1c[nH]c2ccccc12)C(=O)N[C@@H](CCSC)C(=O)N[C@@H](CC(=O)O)C(=O)N[C@@H](Cc1ccccc1)C(N)=O,,CHEMBL1121,C49H62N10O16S3,1143.29
IMIDAPRIL,,CCOC(=O)[C@H](CCc1ccccc1)N[C@@H](C)C(=O)N1C(=O)N(C)C[C@H]1C(=O)O,,CHEMBL317094,C20H27N3O6,405.45
PENTAZOCINE,,CC(C)=CCN1CCC2(C)c3cc(O)ccc3CC1C2C,,CHEMBL100116,C19H27NO,285.43
DICYCLOMINE,,CCN(CC)CCOC(=O)C1(C2CCCCC2)CCCCC1,,CHEMBL1123,C19H35NO2,309.49
PENICILLIN G SODIUM,,CC1(C)S[C@@H]2[C@H](NC(=O)Cc3ccccc3)C(=O)N2[C@H]1C(=O)[O-].[Na+],,CHEMBL1126,C16H17N2NaO4S,356.38
EDROPHONIUM CHLORIDE,,CC[N+](C)(C)c1cccc(O)c1.[Cl-],,CHEMBL1128,C10H16ClNO,201.70
TRIFLURIDINE,,O=c1[nH]c(=O)n([C@H]2C[C@H](O)[C@@H](CO)O2)cc1C(F)(F)F,,CHEMBL1129,C10H11F3N2O5,296.20
ACITRETIN,,COc1cc(C)c(/C=C/C(C)=C/C=C/C(C)=C/C(=O)O)c(C)c1C,,CHEMBL1131,C21H26O3,326.44
OXYBUTYNIN CHLORIDE,,CCN(CC)CC#CCOC(=O)C(O)(c1ccccc1)C1CCCCC1.Cl,,CHEMBL1133,C22H32ClNO3,393.96
DECAMETHONIUM BROMIDE,,C[N+](C)(C)CCCCCCCCCC[N+](C)(C)C.[Br-].[Br-],,CHEMBL1134,C16H38Br2N2,418.30
TELITHROMYCIN,,CC[C@H]1OC(=O)[C@H](C)C(=O)[C@H](C)[C@@H](O[C@@H]2O[C@H](C)C[C@H](N(C)C)[C@H]2O)[C@](C)(OC)C[C@@H](C)C(=O)[C@H](C)[C@H]2N(CCCCn3cnc(-c4cccnc4)c3)C(=O)O[C@]12C,,CHEMBL1136,C43H65N5O10,812.02
EZETIMIBE,,O=C1[C@H](CC[C@H](O)c2ccc(F)cc2)[C@@H](c2ccc(O)cc2)N1c1ccc(F)cc1,,CHEMBL1138,C24H21F2NO3,409.43
EPOPROSTENOL,,CCCCC[C@H](O)/C=C/[C@@H]1[C@H]2C/C(=C/CCCC(=O)O)O[C@H]2C[C@H]1O,,CHEMBL1139,C20H32O5,352.47
NIACINAMIDE,,NC(=O)c1cccnc1,,CHEMBL1140,C6H6N2O,122.13
AMINEPTINE,,O=C(O)CCCCCCNC1c2ccccc2CCc2ccccc21,,CHEMBL418995,C22H27NO2,337.46
AMINOREX,,NC1=NCC(c2ccccc2)O1,,CHEMBL106258,C9H10N2O,162.19
MIGALASTAT,,OC[C@H]1NC[C@H](O)[C@@H](O)[C@H]1O,,CHEMBL110458,C6H13NO4,163.17
METHYL SALICYLATE,,COC(=O)c1ccccc1O,,CHEMBL108545,C8H8O3,152.15
POTASSIUM IODIDE,,[I-].[K+],,CHEMBL1141,IK,166.00
PRAVASTATIN,,CC[C@H](C)C(=O)O[C@H]1C[C@H](O)C=C2C=C[C@H](C)[C@H](CC[C@@H](O)C[C@@H](O)CC(=O)O)[C@H]21,,CHEMBL1144,C23H36O7,424.53
CEFAMANDOLE,,Cn1nnnc1SCC1=C(C(=O)O)N2C(=O)[C@@H](NC(=O)[C@H](O)c3ccccc3)[C@H]2SC1,,CHEMBL1146,C18H18N6O5S2,462.51
TORSEMIDE,,Cc1cccc(Nc2ccncc2S(=O)(=O)NC(=O)NC(C)C)c1,,CHEMBL1148,C16H20N4O3S,348.43
LEVOCARNITINE,,C[N+](C)(C)C[C@H](O)CC(=O)[O-],,CHEMBL1149,C7H15NO3,161.20
PREDNISOLONE ACETATE,,CC(=O)OCC(=O)[C@@]1(O)CC[C@H]2[C@@H]3CCC4=CC(=O)C=C[C@]4(C)[C@H]3[C@@H](O)C[C@@]21C,,CHEMBL1152,C23H30O6,402.49
CHLORMADINONE ACETATE,,CC(=O)O[C@]1(C(C)=O)CC[C@H]2[C@@H]3C=C(Cl)C4=CC(=O)CC[C@]4(C)[C@H]3CC[C@@]21C,,CHEMBL110691,C23H29ClO4,404.93
SELENOMETHIONINE,,C[Se]CC[C@H](N)C(=O)O,,CHEMBL113178,C5H11NO2Se,196.11
BORTEZOMIB,,CC(C)C[C@H](NC(=O)[C@H](Cc1ccccc1)NC(=O)c1cnccn1)B(O)O,,CHEMBL325041,C19H25BN4O4,384.25
PINACIDIL ANHYDROUS,,CC(N/C(=N\C#N)Nc1ccncc1)C(C)(C)C,,CHEMBL1159,C13H19N5,245.33
MOMETASONE FUROATE,,C[C@@H]1C[C@H]2[C@@H]3CCC4=CC(=O)C=C[C@]4(C)[C@@]3(Cl)[C@@H](O)C[C@]2(C)[C@@]1(OC(=O)c1ccco1)C(=O)CCl,,CHEMBL1161,C27H30Cl2O6,521.44
NORETHINDRONE,,C#C[C@]1(O)CC[C@H]2[C@@H]3CCC4=CC(=O)CC[C@@H]4[C@H]3CC[C@@]21C,,CHEMBL1162,C20H26O2,298.43
ATAZANAVIR,,COC(=O)N[C@H](C(=O)N[C@@H](Cc1ccccc1)[C@@H](O)CN(Cc1ccc(-c2ccccn2)cc1)NC(=O)[C@@H](NC(=O)OC)C(C)(C)C)C(C)(C)C,,CHEMBL1163,C38H52N6O7,704.87
MOEXIPRIL,,CCOC(=O)[C@H](CCc1ccccc1)N[C@@H](C)C(=O)N1Cc2cc(OC)c(OC)cc2C[C@H]1C(=O)O,,CHEMBL1165,C27H34N2O7,498.58
ARGATROBAN,,CC1CNc2c(cccc2S(=O)(=O)N[C@@H](CCCNC(=N)N)C(=O)N2CC[C@@H](C)C[C@@H]2C(=O)O)C1,,CHEMBL1166,C23H36N6O5S,508.65
SPECTINOMYCIN,,CN[C@@H]1[C@H](O)[C@H](NC)[C@H]2O[C@@]3(O)C(=O)C[C@@H](C)O[C@H]3O[C@@H]2[C@H]1O,,CHEMBL1167,C14H24N2O7,332.35
RAMIPRIL,,CCOC(=O)[C@H](CCc1ccccc1)N[C@@H](C)C(=O)N1[C@H](C(=O)O)C[C@@H]2CCC[C@@H]21,,CHEMBL1168,C23H32N2O5,416.52
LISINOPRIL,,NCCCC[C@H](N[C@@H](CCc1ccccc1)C(=O)O)C(=O)N1CCC[C@H]1C(=O)O.O.O,,CHEMBL419213,C21H35N3O7,441.53
AMINOSALICYLIC ACID,,Nc1ccc(C(=O)O)c(O)c1,,CHEMBL1169,C7H7NO3,153.14
TESTOSTERONE PROPIONATE,,CCC(=O)O[C@H]1CC[C@H]2[C@@H]3CCC4=CC(=O)CC[C@]4(C)[C@H]3CC[C@]12C,,CHEMBL1170,C22H32O3,344.50
PRUCALOPRIDE,,COCCCN1CCC(NC(=O)c2cc(Cl)c(N)c3c2OCC3)CC1,,CHEMBL117287,C18H26ClN3O3,367.88
DESLORATADINE,,Clc1ccc2c(c1)CCc1cccnc1C2=C1CCNCC1,,CHEMBL1172,C19H19ClN2,310.83
EPTIFIBATIDE,,N=C(N)NCCCC[C@@H]1NC(=O)CCSSC[C@@H](C(N)=O)NC(=O)[C@@H]2CCCN2C(=O)[C@H](Cc2c[nH]c3ccccc23)NC(=O)[C@H](CC(=O)O)NC(=O)CNC1=O,,CHEMBL1174,C35H49N11O9S2,831.98
DEQUALINIUM,,Cc1cc(N)c2ccccc2[n+]1CCCCCCCCCC[n+]1c(C)cc(N)c2ccccc21,,CHEMBL333826,C30H40N4+2,456.68
DULOXETINE,,CNCC[C@H](Oc1cccc2ccccc12)c1cccs1,,CHEMBL1175,C18H19NOS,297.42
PEMOLINE,,NC1=NC(=O)C(c2ccccc2)O1,,CHEMBL1177,C9H8N2O2,176.18
TISOPURINE,,Sc1ncnc2[nH]ncc12,,CHEMBL119423,C5H4N4S,152.18
TETRABENAZINE,,COc1cc2c(cc1OC)C1CC(=O)C(CC(C)C)CN1CC2,,CHEMBL117785,C19H27NO3,317.43
HYDROGEN PEROXIDE,,OO,,CHEMBL71595,H2O2,34.01
ACETYLCHOLINE CHLORIDE,,CC(=O)OCC[N+](C)(C)C.[Cl-],,CHEMBL1184,C7H16ClNO2,181.66
ZOLMITRIPTAN,,CN(C)CCc1c[nH]c2ccc(C[C@H]3COC(=O)N3)cc12,,CHEMBL1185,C16H21N3O2,287.36
PHOSPHORIC ACID,,O=P(O)(O)O,,CHEMBL1187,H3O4P,97.99
PHYSOSTIGMINE SALICYLATE,,CNC(=O)Oc1ccc2c(c1)[C@]1(C)CCN(C)[C@@H]1N2C.O=C(O)c1ccccc1O,,CHEMBL338975,C22H27N3O5,413.47
DEQUALINIUM CHLORIDE,,Cc1cc(N)c2ccccc2[n+]1CCCCCCCCCC[n+]1c(C)cc(N)c2ccccc21.[Cl-].[Cl-],,CHEMBL121663,C30H40Cl2N4,527.58
DECAMETHONIUM,,C[N+](C)(C)CCCCCCCCCC[N+](C)(C)C,,CHEMBL1190,C16H38N2+2,258.49
TUBOCURARINE,,COc1cc2c3cc1Oc1cc(ccc1O)C[C@@H]1c4c(cc(OC)c(O)c4Oc4ccc(cc4)C[C@@H]3N(C)CC2)CC[N+]1(C)C,,CHEMBL339427,C37H41N2O6+,609.74
SULFAGUANIDINE,,N=C(N)NS(=O)(=O)c1ccc(N)cc1,,CHEMBL338802,C7H10N4O2S,214.25
SULFAMETHIZOLE,,Cc1nnc(NS(=O)(=O)c2ccc(N)cc2)s1,,CHEMBL1191,C9H10N4O2S2,270.34
PHENIRAMINE,,CN(C)CCC(c1ccccc1)c1ccccn1,,CHEMBL1193,C16H20N2,240.35
PRILOCAINE,,CCCNC(C)C(=O)Nc1ccccc1C,,CHEMBL1194,C13H20N2O,220.32
PROPOXYCAINE,,CCCOc1cc(N)ccc1C(=O)OCCN(CC)CC,,CHEMBL1195,C16H26N2O3,294.39
PROPARACAINE,,CCCOc1ccc(C(=O)OCCN(CC)CC)cc1N,,CHEMBL1196,C16H26N2O3,294.39
HEXYLCAINE,,CC(CNC1CCCCC1)OC(=O)c1ccccc1,,CHEMBL1197,C16H23NO2,261.36
PRAMOXINE,,CCCCOc1ccc(OCCCN2CCOCC2)cc1,,CHEMBL1198,C17H27NO3,293.41
BENOXINATE,,CCCCOc1cc(C(=O)OCCN(CC)CC)ccc1N,,CHEMBL1200,C17H28N2O3,308.42
THIOTHIXENE,,CN1CCN(CC/C=C2/c3ccccc3Sc3ccc(S(=O)(=O)N(C)C)cc32)CC1,,CHEMBL1201,C23H29N3O2S2,443.64
IPRINDOLE,,CN(C)CCCn1c2c(c3ccccc31)CCCCCC2,,CHEMBL126224,C19H28N2,284.45
BUTAMBEN,,CCCCOC(=O)c1ccc(N)cc1,,CHEMBL127516,C11H15NO2,193.25
CIPROFLOXACIN HYDROCHLORIDE,,Cl.O=C(O)c1cn(C2CC2)c2cc(N3CCNCC3)c(F)cc2c1=O,,CHEMBL1202,C17H19ClFN3O3,367.81
NELFINAVIR MESYLATE,,CS(=O)(=O)O.Cc1c(O)cccc1C(=O)N[C@@H](CSc1ccccc1)[C@H](O)CN1C[C@H]2CCCC[C@H]2C[C@H]1C(=O)NC(C)(C)C,,CHEMBL1205,C33H49N3O7S2,663.90
ETHOPROPAZINE,,CCN(CC)C(C)CN1c2ccccc2Sc2ccccc21,,CHEMBL1206,C19H24N2S,312.48
CINOXACIN,,CCn1nc(C(=O)O)c(=O)c2cc3c(cc21)OCO3,,CHEMBL1208,C12H10N2O5,262.22
CANGRELOR,,CSCCNc1nc(SCCC(F)(F)F)nc2c1ncn2[C@@H]1O[C@H](COP(=O)(O)OP(=O)(O)C(Cl)(Cl)P(=O)(O)O)[C@@H](O)[C@H]1O,,CHEMBL334966,C17H25Cl2F3N5O12P3S2,776.37
CARBENICILLIN,,CC1(C)S[C@@H]2[C@H](NC(=O)C(C(=O)O)c3ccccc3)C(=O)N2[C@H]1C(=O)O,,CHEMBL1214,C17H18N2O6S,378.41
BENOXAPROFEN,,CC(C(=O)O)c1ccc2oc(-c3ccc(Cl)cc3)nc2c1,,CHEMBL340978,C16H12ClNO3,301.73
PHENYLEPHRINE,,CNC[C@H](O)c1cccc(O)c1,,CHEMBL1215,C9H13NO2,167.21
RAMELTEON,,CCC(=O)NCC[C@@H]1CCc2ccc3c(c21)CCO3,,CHEMBL1218,C16H21NO2,259.35
RABEPRAZOLE,,COCCCOc1ccnc(C[S+]([O-])c2nc3ccccc3[nH]2)c1C,,CHEMBL1219,C18H21N3O3S,359.45
TINIDAZOLE,,CCS(=O)(=O)CCn1c([N+](=O)[O-])cnc1C,,CHEMBL1220,C8H13N3O4S,247.28
SULCONAZOLE,,Clc1ccc(CSC(Cn2ccnc2)c2ccc(Cl)cc2Cl)cc1,,CHEMBL1221,C18H15Cl3N2S,397.76
ZOPICLONE,,CN1CCN(C(=O)OC2c3nccnc3C(=O)N2c2ccc(Cl)cn2)CC1,,CHEMBL135400,C17H17ClN6O3,388.82
PENICILLIN G POTASSIUM,,CC1(C)S[C@@H]2[C@H](NC(=O)Cc3ccccc3)C(=O)N2[C@H]1C(=O)[O-].[K+],,CHEMBL1223,C16H17KN2O4S,372.49
ACRIVASTINE,,Cc1ccc(/C(=C\CN2CCCC2)c2cccc(/C=C/C(=O)O)n2)cc1,,CHEMBL1224,C22H24N2O2,348.45
TOLVAPTAN,,Cc1ccccc1C(=O)Nc1ccc(C(=O)N2CCCC(O)c3cc(Cl)ccc32)c(C)c1,,CHEMBL344159,C26H25ClN2O3,448.95
OXYPHENBUTAZONE ANHYDROUS,,CCCCC1C(=O)N(c2ccccc2)N(c2ccc(O)cc2)C1=O,,CHEMBL1228,C19H20N2O3,324.38
OSELTAMIVIR,,CCOC(=O)C1=C[C@@H](OC(CC)CC)[C@H](NC(C)=O)[C@@H](N)C1,,CHEMBL1229,C16H28N2O4,312.41
PERAMIVIR ANHYDROUS,,CCC(CC)[C@H](NC(C)=O)[C@@H]1[C@H](O)[C@@H](C(=O)O)C[C@H]1NC(=N)N,,CHEMBL139367,C15H28N4O4,328.41
IBUFENAC,,CC(C)Cc1ccc(CC(=O)O)cc1,,CHEMBL341812,C12H16O2,192.26
OXYBUTYNIN,,CCN(CC)CC#CCOC(=O)C(O)(c1ccccc1)C1CCCCC1,,CHEMBL1231,C22H31NO3,357.49
ERTAPENEM SODIUM,,C[C@@H](O)[C@H]1C(=O)N2C(C(=O)[O-])=C(S[C@@H]3CN[C@H](C(=O)Nc4cccc(C(=O)O)c4)C3)[C@H](C)[C@H]12.[Na+],,CHEMBL1232,C22H24N3NaO7S,497.51
CARISOPRODOL,,CCCC(C)(COC(N)=O)COC(=O)NC(C)C,,CHEMBL1233,C12H24N2O4,260.33
DEFEROXAMINE MESYLATE,,CC(=O)N(O)CCCCCNC(=O)CCC(=O)N(O)CCCCCNC(=O)CCC(=O)N(O)CCCCCN.CS(=O)(=O)O,,CHEMBL1234,C26H52N6O11S,656.80
LISINOPRIL ANHYDROUS,,NCCCC[C@H](N[C@@H](CCc1ccccc1)C(=O)O)C(=O)N1CCC[C@H]1C(=O)O,,CHEMBL1237,C21H31N3O5,405.50
AZELAIC ACID,,O=C(O)CCCCCCCC(=O)O,,CHEMBL1238,C9H16O4,188.22
BENZYL BENZOATE,,O=C(OCc1ccccc1)c1ccccc1,,CHEMBL1239,C14H12O2,212.25
PROPANTHELINE BROMIDE,,CC(C)[N+](C)(CCOC(=O)C1c2ccccc2Oc2ccccc21)C(C)C.[Br-],,CHEMBL1240,C23H30BrNO3,448.40
TRIPELENNAMINE,,CN(C)CCN(Cc1ccccc1)c1ccccn1,,CHEMBL1241,C16H21N3,255.37
PHENAZOPYRIDINE,,Nc1ccc(/N=N/c2ccccc2)c(N)n1,,CHEMBL1242,C11H11N5,213.24
CYCLOFENIL,,CC(=O)Oc1ccc(C(=C2CCCCC2)c2ccc(OC(C)=O)cc2)cc1,,CHEMBL141305,C23H24O4,364.44
SULFACARBAMIDE,,NC(=O)NS(=O)(=O)c1ccc(N)cc1,,CHEMBL139877,C7H9N3O3S,215.23
SULFABENZAMIDE,,Nc1ccc(S(=O)(=O)NC(=O)c2ccccc2)cc1,,CHEMBL1243,C13H12N2O3S,276.32
VILDAGLIPTIN,,N#C[C@@H]1CCCN1C(=O)CNC12CC3CC(CC(O)(C3)C1)C2,,CHEMBL142703,C17H25N3O2,303.41
TRIMETHAPHAN CAMSYLATE,,CC1(C)C2CCC1(CS(=O)(=O)[O-])C(=O)C2.O=C1N(Cc2ccccc2)C2C[S+]3CCCC3C2N1Cc1ccccc1,,CHEMBL1245,C32H40N2O5S2,596.82
GANIRELIX,,CC/N=C(\NCC)NCCCC[C@H](NC(=O)[C@H](CC(C)C)NC(=O)[C@@H](CCCCN/C(=N/CC)NCC)NC(=O)[C@H](Cc1ccc(O)cc1)NC(=O)[C@H](CO)NC(=O)[C@@H](Cc1cccnc1)NC(=O)[C@@H](Cc1ccc(Cl)cc1)NC(=O)[C@@H](Cc1ccc2ccccc2c1)NC(C)=O)C(=O)N1CCC[C@H]1C(=O)N[C@H](C)C(N)=O,,CHEMBL1251,C80H113ClN18O13,1570.35
NAFTOPIDIL,,COc1ccccc1N1CCN(CC(O)COc2cccc3ccccc23)CC1,,CHEMBL142635,C24H28N2O3,392.50
DEGARELIX,,CC(=O)N[C@H](Cc1ccc2ccccc2c1)C(=O)N[C@H](Cc1ccc(Cl)cc1)C(=O)N[C@H](Cc1cccnc1)C(=O)N[C@@H](CO)C(=O)N[C@@H](Cc1ccc(NC(=O)[C@@H]2CC(=O)NC(=O)N2)cc1)C(=O)N[C@H](Cc1ccc(NC(N)=O)cc1)C(=O)N[C@@H](CC(C)C)C(=O)N[C@@H](CCCCNC(C)C)C(=O)N1CCC[C@H]1C(=O)N[C@H](C)C(N)=O,,CHEMBL415606,C82H103ClN18O16,1632.29
ABARELIX,,CC(=O)N[C@H](Cc1ccc2ccccc2c1)C(=O)N[C@H](Cc1ccc(Cl)cc1)C(=O)N[C@H](Cc1cccnc1)C(=O)N[C@@H](CO)C(=O)N(C)[C@@H](Cc1ccc(O)cc1)C(=O)N[C@H](CC(N)=O)C(=O)N[C@@H](CC(C)C)C(=O)N[C@@H](CCCCNC(C)C)C(=O)N1CCC[C@H]1C(=O)N[C@H](C)C(N)=O,,CHEMBL1252,C72H95ClN14O14,1416.09
ISOFLURANE,,FC(F)OC(Cl)C(F)(F)F,,CHEMBL1256,C3H2ClF5O,184.49
NITROGEN,,N#N,,CHEMBL142438,N2,28.01
ENFLURANE,,FC(F)OC(F)(F)C(F)Cl,,CHEMBL1257,C3H2ClF5O,184.49
METOCURINE,,COc1ccc2cc1Oc1cc3c(cc1OC)CC[N+](C)(C)[C@H]3Cc1ccc(cc1)Oc1c(OC)c(OC)cc3c1[C@@H](C2)[N+](C)(C)CC3,,CHEMBL1259,C40H48N2O6+2,652.83
CITRIC ACID,,O=C(O)CC(O)(CC(=O)O)C(=O)O,,CHEMBL1261,C6H8O7,192.12
HEXETIDINE,,CCCCC(CC)CN1CN(CC(CC)CCCC)CC(C)(N)C1,,CHEMBL144673,C21H45N3,339.61
OXICONAZOLE,,Clc1ccc(CO/N=C(\Cn2ccnc2)c2ccc(Cl)cc2Cl)c(Cl)c1,,CHEMBL1262,C18H13Cl4N3O,429.13
SALMETEROL,,OCc1cc(C(O)CNCCCCCCOCCCCc2ccccc2)ccc1O,,CHEMBL1263,C25H37NO4,415.57
ADAPALENE,,COc1ccc(-c2ccc3cc(C(=O)O)ccc3c2)cc1C12CC3CC(CC(C3)C1)C2,,CHEMBL1265,C28H28O3,412.53
GLAFENINE,,O=C(OCC(O)CO)c1ccccc1Nc1ccnc2cc(Cl)ccc12,,CHEMBL146095,C19H17ClN2O4,372.81
TETRAHYDROZOLINE,,c1ccc2c(c1)CCCC2C1=NCCN1,,CHEMBL1266,C13H16N2,200.28
ROMIDEPSIN,,C/C=C1\NC(=O)[C@H]2CSSCC/C=C/[C@H](CC(=O)N[C@H](C(C)C)C(=O)N2)OC(=O)[C@H](C(C)C)NC1=O,,CHEMBL343448,C24H36N4O6S2,540.71
PENTOLINIUM,,C[N+]1(CCCCC[N+]2(C)CCCC2)CCCC1,,CHEMBL1271,C15H32N2+2,240.44
REPAGLINIDE,,CCOc1cc(CC(=O)N[C@@H](CC(C)C)c2ccccc2N2CCCCC2)ccc1C(=O)O,,CHEMBL1272,C27H36N2O4,452.60
NILUTAMIDE,,CC1(C)NC(=O)N(c2ccc([N+](=O)[O-])c(C(F)(F)F)c2)C1=O,,CHEMBL1274,C12H10F3N3O4,317.22
PERGOLIDE MESYLATE,,CCCN1C[C@H](CSC)C[C@@H]2c3cccc4[nH]cc(c34)C[C@H]21.CS(=O)(=O)O,,CHEMBL1275,C20H30N2O3S2,410.61
NARATRIPTAN,,CNS(=O)(=O)CCc1ccc2[nH]cc(C3CCN(C)CC3)c2c1,,CHEMBL1278,C17H25N3O2S,335.47
FROVATRIPTAN,,CN[C@@H]1CCc2[nH]c3ccc(C(N)=O)cc3c2C1,,CHEMBL1279,C14H17N3O,243.31
VERAPAMIL HYDROCHLORIDE,,COc1ccc(CCN(C)CCCC(C#N)(c2ccc(OC)c(OC)c2)C(C)C)cc1OC.Cl,,CHEMBL1280,C27H39ClN2O4,491.07
PHENOBARBITAL SODIUM,,CCC1(c2ccccc2)C(=O)N=C([O-])NC1=O.[Na+],,CHEMBL149972,C12H11N2NaO3,254.22
IMIQUIMOD,,CC(C)Cn1cnc2c(N)nc3ccccc3c21,,CHEMBL1282,C14H16N4,240.31
CINCHOPHEN,,O=C(O)c1cc(-c2ccccc2)nc2ccccc12,,CHEMBL348000,C16H11NO2,249.27
LEVETIRACETAM,,CC[C@@H](C(N)=O)N1CCCC1=O,,CHEMBL1286,C8H14N2O2,170.21
HALOPROGIN,,Clc1cc(Cl)c(OCC#CI)cc1Cl,,CHEMBL1289,C9H4Cl3IO,361.39
PENBUTOLOL,,CC(C)(C)NC[C@H](O)COc1ccccc1C1CCCC1,,CHEMBL1290,C18H29NO2,291.44
ANTRAFENINE,,O=C(OCCN1CCN(c2cccc(C(F)(F)F)c2)CC1)c1ccccc1Nc1ccnc2cc(C(F)(F)F)ccc12,,CHEMBL345524,C30H26F6N4O2,588.55
BECLOBRATE,,CCOC(=O)C(C)(CC)Oc1ccc(Cc2ccc(Cl)cc2)cc1,,CHEMBL152684,C20H23ClO3,346.85
METIPRANOLOL,,CC(=O)Oc1c(C)cc(OCC(O)CNC(C)C)c(C)c1C,,CHEMBL1291,C17H27NO4,309.41
CLOFAZIMINE,,CC(C)/N=c1\cc2n(-c3ccc(Cl)cc3)c3ccccc3nc-2cc1Nc1ccc(Cl)cc1,,CHEMBL1292,C27H22Cl2N4,473.41
BETA CAROTENE,,CC1=C(/C=C/C(C)=C/C=C/C(C)=C/C=C/C=C(C)/C=C/C=C(C)/C=C/C2=C(C)CCCC2(C)C)C(C)(C)CCC1,,CHEMBL1293,C40H56,536.89
QUINIDINE,,C=C[C@H]1CN2CC[C@H]1C[C@@H]2[C@@H](O)c1ccnc2ccc(OC)cc12,,CHEMBL1294,C20H24N2O2,324.42
BUTOCONAZOLE,,Clc1ccc(CCC(Cn2ccnc2)Sc2c(Cl)cccc2Cl)cc1,,CHEMBL1295,C19H17Cl3N2S,411.79
CEFOTIAM,,CN(C)CCn1nnnc1SCC1=C(C(=O)O)N2C(=O)[C@@H](NC(=O)Cc3csc(N)n3)[C@H]2SC1,,CHEMBL1296,C18H23N9O4S3,525.64
FENOPROFEN,,CC(C(=O)O)c1cccc(Oc2ccccc2)c1,,CHEMBL1297,C15H14O3,242.27
ACIPIMOX,,Cc1cnc(C(=O)O)c[n+]1[O-],,CHEMBL345714,C6H6N2O3,154.12
KETOCONAZOLE,,CC(=O)N1CCN(c2ccc(OCC3COC(Cn4ccnc4)(c4ccc(Cl)cc4Cl)O3)cc2)CC1,,CHEMBL157101,C26H28Cl2N4O4,531.44
QUININE,,C=C[C@H]1CN2CC[C@H]1C[C@H]2[C@H](O)c1ccnc2ccc(OC)cc12,,CHEMBL170,C20H24N2O2,324.42
DIAMTHAZOLE DIHYDROCHLORIDE,,CCN(CC)CCOc1ccc2nc(N(C)C)sc2c1.Cl.Cl,,CHEMBL346235,C15H25Cl2N3OS,366.36
HYDROXYSTILBAMIDINE,,N=C(N)c1ccc(/C=C/c2ccc(C(=N)N)cc2O)cc1,,CHEMBL1301,C16H16N4O,280.33
ROTIGOTINE,,CCCN(CCc1cccs1)[C@H]1CCc2c(O)cccc2C1,,CHEMBL1303,C19H25NOS,315.48
PIRETANIDE,,NS(=O)(=O)c1cc(C(=O)O)cc(N2CCCC2)c1Oc1ccccc1,,CHEMBL349803,C17H18N2O5S,362.41
ANTAZOLINE,,c1ccc(CN(CC2=NCCN2)c2ccccc2)cc1,,CHEMBL1305,C17H19N3,265.36
FOMEPIZOLE,,Cc1cn[nH]c1,,CHEMBL1308,C4H6N2,82.11
ISOSORBIDE MONONITRATE,,O=[N+]([O-])O[C@@H]1CO[C@H]2[C@@H]1OC[C@@H]2O,,CHEMBL1311,C6H9NO6,191.14
TIOPRONIN,,CC(S)C(=O)NCC(=O)O,,CHEMBL1314,C5H9NO3S,163.20
CARPROFEN,,CC(C(=O)O)c1ccc2c(c1)[nH]c1ccc(Cl)cc12,,CHEMBL1316,C15H12ClNO2,273.72
MOXISYLYTE,,CC(=O)Oc1cc(C(C)C)c(OCCN(C)C)cc1C,,CHEMBL159226,C16H25NO3,279.38
PROCARBAZINE,,CNNCc1ccc(C(=O)NC(C)C)cc1,,CHEMBL1321,C12H19N3O,221.30
DARUNAVIR,,CC(C)CN(C[C@@H](O)[C@H](Cc1ccccc1)NC(=O)O[C@H]1CO[C@H]2OCC[C@H]21)S(=O)(=O)c1ccc(N)cc1,,CHEMBL1323,C27H37N3O7S,547.67
TOLCAPONE,,Cc1ccc(C(=O)c2cc(O)c(O)c([N+](=O)[O-])c2)cc1,,CHEMBL1324,C14H11NO5,273.24
BENORILATE,,CC(=O)Nc1ccc(OC(=O)c2ccccc2OC(C)=O)cc1,,CHEMBL162036,C17H15NO5,313.31
PENTAGASTRIN,,CSCC[C@H](NC(=O)[C@H](Cc1c[nH]c2ccccc12)NC(=O)CCNC(=O)OC(C)(C)C)C(=O)N[C@@H](CC(=O)O)C(=O)N[C@@H](Cc1ccccc1)C(N)=O,,CHEMBL1328,C37H49N7O9S,767.91
SORAFENIB,,CNC(=O)c1cc(Oc2ccc(NC(=O)Nc3ccc(Cl)c(C(F)(F)F)c3)cc2)ccn1,,CHEMBL1336,C21H16ClF3N4O3,464.83
CEVIMELINE,,CC1OC2(CS1)CN1CCC2CC1,,CHEMBL168815,C10H17NOS,199.32
PIXANTRONE,,NCCNc1ccc(NCCN)c2c1C(=O)c1ccncc1C2=O,,CHEMBL167731,C17H19N5O2,325.37
NITISINONE,,O=C1CCCC(=O)C1C(=O)c1ccc(C(F)(F)F)cc1[N+](=O)[O-],,CHEMBL1337,C14H10F3NO5,329.23
PHENFORMIN,,N=C(N)NC(=N)NCCc1ccccc1,,CHEMBL170988,C10H15N5,205.26
DEBRISOQUIN,,N=C(N)N1CCc2ccccc2C1,,CHEMBL169901,C10H13N3,175.24
AMIFAMPRIDINE,,Nc1ccncc1N,,CHEMBL354077,C5H7N3,109.13
LOMITAPIDE,,O=C(NC1CCN(CCCCC2(C(=O)NCC(F)(F)F)c3ccccc3-c3ccccc32)CC1)c1ccccc1-c1ccc(C(F)(F)F)cc1,,CHEMBL354541,C39H37F6N3O2,693.73
VARDENAFIL HYDROCHLORIDE,,CCCc1nc(C)c2c(O)nc(-c3cc(S(=O)(=O)N4CCN(CC)CC4)ccc3OCC)nn12.Cl,,CHEMBL1339,C23H33ClN6O4S,525.08
METHOXYFLURANE,,COC(F)(F)C(Cl)Cl,,CHEMBL1341,C3H4Cl2F2O,164.97
OXYBATE,,O=C(O)CCCO,,CHEMBL1342,C4H8O3,104.11
GUANETHIDINE MONOSULFATE,,N=C(N)NCCN1CCCCCCC1.O=S(=O)(O)O,,CHEMBL1345,C10H24N4O4S,296.39
DARIFENACIN,,NC(=O)C(c1ccccc1)(c1ccccc1)[C@@H]1CCN(CCc2ccc3c(c2)CCO3)C1,,CHEMBL1346,C28H30N2O2,426.56
ORLISTAT,,CCCCCCCCCCC[C@@H](C[C@@H]1OC(=O)[C@H]1CCCCCC)OC(=O)[C@H](CC(C)C)NC=O,,CHEMBL175247,C29H53NO5,495.75
SILVER NITRATE,,O=[N+]([O-])[O-].[Ag+],,CHEMBL177367,AgNO3,169.87
RILPIVIRINE,,Cc1cc(/C=C/C#N)cc(C)c1Nc1ccnc(Nc2ccc(C#N)cc2)n1,,CHEMBL175691,C22H18N6,366.43
VALACYCLOVIR,,CC(C)[C@H](N)C(=O)OCCOCn1cnc2c(=O)nc(N)[nH]c21,,CHEMBL1349,C13H20N6O4,324.34
SPARSENTAN,,CCCCC1=NC2(CCCC2)C(=O)N1Cc1ccc(-c2ccccc2S(=O)(=O)Nc2noc(C)c2C)c(COCC)c1,,CHEMBL539423,C32H40N4O5S,592.76
NERATINIB,,CCOc1cc2ncc(C#N)c(Nc3ccc(OCc4ccccn4)c(Cl)c3)c2cc1NC(=O)/C=C/CN(C)C,,CHEMBL180022,C30H29ClN6O3,557.05
TILUDRONIC ACID,,O=P(O)(O)C(Sc1ccc(Cl)cc1)P(=O)(O)O,,CHEMBL1350,C7H9ClO6P2S,318.61
BLONANSERIN,,CCN1CCN(c2cc(-c3ccc(F)cc3)c3c(n2)CCCCCC3)CC1,,CHEMBL178803,C23H30FN3,367.51
LORCASERIN,,C[C@H]1CNCCc2ccc(Cl)cc21,,CHEMBL360328,C11H14ClN,195.69
RAMATROBAN,,O=C(O)CCn1c2c(c3ccccc31)C[C@H](NS(=O)(=O)c1ccc(F)cc1)CC2,,CHEMBL361812,C21H21FN2O4S,416.47
SODIUM BICARBONATE,,O=C([O-])O.[Na+],,CHEMBL1353,CHNaO3,84.01
SODIUM ACETATE,,CC(=O)[O-].[Na+],,CHEMBL1354,C2H3NaO2,82.03
SODIUM CITRATE,,O=C([O-])CC(O)(CC(=O)[O-])C(=O)[O-].[Na+].[Na+].[Na+],,CHEMBL1355,C6H5Na3O7,258.07
SODIUM BENZOATE,,O=C([O-])c1ccccc1.[Na+],,CHEMBL1356,C7H5NaO2,144.10
SODIUM LACTATE,,CC(O)C(=O)[O-].[Na+],,CHEMBL1357,C3H5NaO3,112.06
FULVESTRANT,,C[C@]12CC[C@@H]3c4ccc(O)cc4C[C@@H](CCCCCCCCC[S+]([O-])CCCC(F)(F)C(F)(F)F)[C@H]3[C@@H]1CC[C@@H]2O,,CHEMBL1358,C32H47F5O3S,606.78
ERTAPENEM,,C[C@@H](O)[C@H]1C(=O)N2C(C(=O)O)=C(S[C@@H]3CN[C@H](C(=O)Nc4cccc(C(=O)O)c4)C3)[C@H](C)[C@H]12,,CHEMBL1359,C22H25N3O7S,475.52
AMPICILLIN,,CC1(C)S[C@@H]2[C@H](NC(=O)[C@H](N)c3ccccc3)C(=O)N2[C@H]1C(=O)O,,CHEMBL174,C16H19N3O4S,349.41
GALLAMINE,,CC[N+](CC)(CC)CCOc1cccc(OCC[N+](CC)(CC)CC)c1OCC[N+](CC)(CC)CC,,CHEMBL360055,C30H60N3O3+3,510.83
ATRACURIUM,,COc1ccc(CC2c3cc(OC)c(OC)cc3CC[N+]2(C)CCC(=O)OCCCCCOC(=O)CC[N+]2(C)CCc3cc(OC)c(OC)cc3C2Cc2ccc(OC)c(OC)c2)cc1OC,,CHEMBL1360,C53H72N2O12+2,929.16
PANCURONIUM,,CC(=O)O[C@H]1C[C@@H]2CC[C@@H]3[C@H](CC[C@@]4(C)[C@H]3C[C@H]([N+]3(C)CCCCC3)[C@@H]4OC(C)=O)[C@@]2(C)C[C@@H]1[N+]1(C)CCCCC1,,CHEMBL185073,C35H60N2O4+2,572.88
ARFORMOTEROL,,COc1ccc(C[C@@H](C)NC[C@H](O)c2ccc(O)c(NC=O)c2)cc1,,CHEMBL1363,C19H24N2O4,344.41
PYRIDOXINE,,Cc1ncc(CO)c(CO)c1O,,CHEMBL1364,C8H11NO3,169.18
DRONEDARONE,,CCCCc1oc2ccc(NS(C)(=O)=O)cc2c1C(=O)c1ccc(OCCCN(CCCC)CCCC)cc1,,CHEMBL184412,C31H44N2O5S,556.77
TERODILINE,,CC(CC(c1ccccc1)c1ccccc1)NC(C)(C)C,,CHEMBL363295,C20H27N,281.44
"SODIUM PHOSPHATE, MONOBASIC",,O=P([O-])(O)O.[Na+],,CHEMBL1368,H2NaO4P,119.98
SODIUM CARBONATE,,O=C([O-])[O-].[Na+].[Na+],,CHEMBL186314,CNa2O3,105.99
VILAZODONE,,N#Cc1ccc2[nH]cc(CCCCN3CCN(c4ccc5oc(C(N)=O)cc5c4)CC3)c2c1,,CHEMBL439849,C26H27N5O2,441.54
BUDESONIDE,,CCCC1O[C@@H]2C[C@H]3[C@@H]4CCC5=CC(=O)C=C[C@]5(C)[C@H]4[C@@H](O)C[C@]3(C)[C@]2(C(=O)CO)O1,,CHEMBL1370,C25H34O6,430.54
PENTAMIDINE ISETHIONATE,,N=C(N)c1ccc(OCCCCCOc2ccc(C(=N)N)cc2)cc1.O=S(=O)(O)CCO.O=S(=O)(O)CCO,,CHEMBL361506,C23H36N4O10S2,592.69
ACEMETACIN,,COc1ccc2c(c1)c(CC(=O)OCC(=O)O)c(C)n2C(=O)c1ccc(Cl)cc1,,CHEMBL189171,C21H18ClNO6,415.83
PIRPROFEN,,CC(C(=O)O)c1ccc(N2CC=CC2)c(Cl)c1,,CHEMBL188952,C13H14ClNO2,251.71
CHLORZOXAZONE,,O=c1[nH]c2cc(Cl)ccc2o1,,CHEMBL1371,C7H4ClNO2,169.57
ARTESUNATE,,C[C@H]1[C@H](OC(=O)CCC(=O)O)O[C@@H]2O[C@@]3(C)CC[C@H]4[C@H](C)CC[C@@H]1[C@@]24OO3,,CHEMBL361497,C19H28O8,384.43
BUFLOMEDIL,,COc1cc(OC)c(C(=O)CCCN2CCCC2)c(OC)c1,,CHEMBL188921,C17H25NO4,307.39
TRIPARANOL,,CCN(CC)CCOc1ccc(C(O)(Cc2ccc(Cl)cc2)c2ccc(C)cc2)cc1,,CHEMBL187709,C27H32ClNO2,438.01
METHYLENE BLUE CATION,,CN(C)c1ccc2nc3ccc(=[N+](C)C)cc-3sc2c1,,CHEMBL191083,C16H18N3S+,284.41
OXIGLUTATIONE,,N[C@@H](CCC(=O)N[C@@H](CSSC[C@H](NC(=O)CC[C@H](N)C(=O)O)C(=O)NCC(=O)O)C(=O)NCC(=O)O)C(=O)O,,CHEMBL1372,C20H32N6O12S2,612.64
MODAFINIL,,NC(=O)C[S+]([O-])C(c1ccccc1)c1ccccc1,,CHEMBL1373,C15H15NO2S,273.36
TIAPROFENIC ACID,,CC(C(=O)O)c1ccc(C(=O)c2ccccc2)s1,,CHEMBL365795,C14H12O3S,260.31
ESFLURBIPROFEN,,C[C@H](C(=O)O)c1ccc(-c2ccccc2)c(F)c1,,CHEMBL435298,C15H13FO2,244.26
DEXIBUPROFEN,,CC(C)Cc1ccc([C@H](C)C(=O)O)cc1,,CHEMBL175,C13H18O2,206.28
CANNABIDIOL,,C=C(C)[C@@H]1CCC(C)=C[C@H]1c1c(O)cc(CCCCC)cc1O,,CHEMBL190461,C21H30O2,314.47
PALBOCICLIB,,CC(=O)c1c(C)c2cnc(Nc3ccc(N4CCNCC4)cn3)nc2n(C2CCCC2)c1=O,,CHEMBL189963,C24H29N7O2,447.54
NOSCAPINE,,COc1ccc2c(c1OC)C(=O)O[C@@H]2[C@H]1c2c(cc3c(c2OC)OCO3)CCN1C,,CHEMBL364713,C22H23NO7,413.43
PROGUANIL,,CC(C)NC(=N)NC(=N)Nc1ccc(Cl)cc1,,CHEMBL1377,C11H16ClN5,253.74
THIETHYLPERAZINE,,CCSc1ccc2c(c1)N(CCCN1CCN(C)CC1)c1ccccc1S2,,CHEMBL1378,C22H29N3S2,399.63
ROFLUMILAST,,O=C(Nc1c(Cl)cncc1Cl)c1ccc(OC(F)F)c(OCC2CC2)c1,,CHEMBL193240,C17H14Cl2F2N2O3,403.21
ABACAVIR,,Nc1nc(NC2CC2)c2ncn([C@H]3C=C[C@@H](CO)C3)c2n1,,CHEMBL1380,C14H18N6O,286.34
TOLTERODINE,,Cc1ccc(O)c([C@H](CCN(C(C)C)C(C)C)c2ccccc2)c1,,CHEMBL1382,C22H31NO,325.50
SAMIDORPHAN,,NC(=O)c1ccc2c(c1O)[C@]13CCN(CC4CC4)[C@H](C2)[C@]1(O)CCC(=O)C3,,CHEMBL426084,C21H26N2O4,370.45
PAROMOMYCIN,,NC[C@@H]1O[C@H](O[C@H]2[C@@H](O)[C@H](O[C@@H]3[C@@H](O)[C@H](N)C[C@H](N)[C@H]3O[C@H]3O[C@H](CO)[C@@H](O)[C@H](O)[C@H]3N)O[C@@H]2CO)[C@H](N)[C@@H](O)[C@@H]1O,,CHEMBL370143,C23H45N5O14,615.63
KANAMYCIN,,NC[C@H]1O[C@H](O[C@H]2[C@H](O)[C@@H](O[C@H]3O[C@H](CO)[C@@H](O)[C@H](N)[C@H]3O)[C@H](N)C[C@@H]2N)[C@H](O)[C@@H](O)[C@@H]1O,,CHEMBL1384,C18H36N4O11,484.50
TROFINETIDE,,C[C@@]1(C(=O)N[C@@H](CCC(=O)O)C(=O)O)CCCN1C(=O)CN,,CHEMBL197084,C13H21N3O6,315.33
ESTRIOL,,C[C@]12CC[C@@H]3c4ccc(O)cc4CC[C@H]3[C@@H]1C[C@@H](O)[C@@H]2O,,CHEMBL193482,C18H24O3,288.39
NORETHYNODREL,,C#C[C@]1(O)CC[C@H]2[C@@H]3CCC4=C(CCC(=O)C4)[C@H]3CC[C@@]21C,,CHEMBL1387,C20H26O2,298.43
MONOBENZONE,,Oc1ccc(OCc2ccccc2)cc1,,CHEMBL1388,C13H12O2,200.24
LEVONORGESTREL,,C#C[C@]1(O)CC[C@H]2[C@@H]3CCC4=CC(=O)CC[C@@H]4[C@H]3CC[C@@]21CC,,CHEMBL1389,C21H28O2,312.45
SPIRONOLACTONE,,CC(=O)S[C@@H]1CC2=CC(=O)CC[C@]2(C)[C@H]2CC[C@@]3(C)[C@@H](CC[C@@]34CCC(=O)O4)[C@H]12,,CHEMBL1393,C24H32O4S,416.58
MARALIXIBAT,,CCCCC1(CCCC)CS(=O)(=O)c2ccc(N(C)C)cc2[C@@H](c2ccc(OCc3ccc(C[N+]45CCN(CC4)CC5)cc3)cc2)[C@H]1O,,CHEMBL363392,C40H56N3O4S+,674.97
METHYLTESTOSTERONE,,C[C@]12CCC(=O)C=C1CC[C@@H]1[C@@H]2CC[C@@]2(C)[C@H]1CC[C@]2(C)O,,CHEMBL1395,C20H30O2,302.46
RIVAROXABAN,,O=C(NC[C@H]1CN(c2ccc(N3CCOCC3=O)cc2)C(=O)O1)c1ccc(Cl)s1,,CHEMBL198362,C19H18ClN3O5S,435.89
ATOSIBAN,,CCOc1ccc(C[C@H]2NC(=O)CCSSC[C@@H](C(=O)N3CCC[C@H]3C(=O)N[C@@H](CCCN)C(=O)NCC(N)=O)NC(=O)[C@H](CC(N)=O)NC(=O)[C@H]([C@@H](C)O)NC(=O)[C@H]([C@@H](C)CC)NC2=O)cc1,,CHEMBL382301,C43H67N11O12S2,994.21
AMIKACIN,,NCC[C@H](O)C(=O)N[C@@H]1C[C@H](N)[C@@H](O[C@H]2O[C@H](CN)[C@@H](O)[C@H](O)[C@H]2O)[C@H](O)[C@H]1O[C@H]1O[C@H](CO)[C@@H](O)[C@H](N)[C@H]1O,,CHEMBL177,C22H43N5O13,585.61
COCAINE,,COC(=O)[C@H]1[C@@H](OC(=O)c2ccccc2)C[C@@H]2CC[C@H]1N2C,,CHEMBL370805,C17H21NO4,303.36
POSACONAZOLE,,CC[C@@H]([C@H](C)O)n1ncn(-c2ccc(N3CCN(c4ccc(OC[C@@H]5CO[C@@](Cn6cncn6)(c6ccc(F)cc6F)C5)cc4)CC3)cc2)c1=O,,CHEMBL1397,C37H42F2N8O4,700.79
STREPTOMYCIN,,CN[C@@H]1[C@H](O[C@H]2[C@H](O[C@H]3[C@H](O)[C@@H](O)[C@H](N=C(N)N)[C@@H](O)[C@@H]3N=C(N)N)O[C@@H](C)[C@]2(O)C=O)O[C@@H](CO)[C@H](O)[C@H]1O,,CHEMBL372795,C21H39N7O12,581.58
DAUNORUBICIN,,COc1cccc2c1C(=O)c1c(O)c3c(c(O)c1C2=O)C[C@@](O)(C(C)=O)C[C@@H]3O[C@H]1C[C@H](N)[C@H](O)[C@H](C)O1,,CHEMBL178,C27H29NO10,527.53
ANASTROZOLE,,CC(C)(C#N)c1cc(Cn2cncn2)cc(C(C)(C)C#N)c1,,CHEMBL1399,C17H19N5,293.37
NITAZOXANIDE,,CC(=O)Oc1ccccc1C(=O)Nc1ncc([N+](=O)[O-])s1,,CHEMBL1401,C12H9N3O5S,307.29
PYROVALERONE,,CCCC(C(=O)c1ccc(C)cc1)N1CCCC1,,CHEMBL201960,C16H23NO,245.37
ELVITEGRAVIR,,COc1cc2c(cc1Cc1cccc(Cl)c1F)c(=O)c(C(=O)O)cn2[C@H](CO)C(C)C,,CHEMBL204656,C23H23ClFNO5,447.89
BRINCIDOFOVIR,,CCCCCCCCCCCCCCCCOCCCOP(=O)(O)CO[C@H](CO)Cn1ccc(N)nc1=O,,CHEMBL203321,C27H52N3O7P,561.70
RANOLAZINE,,COc1ccccc1OCC(O)CN1CCN(CC(=O)Nc2c(C)cccc2C)CC1,,CHEMBL1404,C24H33N3O4,427.55
TRIMETAZIDINE,,COc1ccc(CN2CCNCC2)c(OC)c1OC,,CHEMBL203266,C14H22N2O3,266.34
NETUPITANT,,Cc1ccccc1-c1cc(N2CCN(C)CC2)ncc1N(C)C(=O)C(C)(C)c1cc(C(F)(F)F)cc(C(F)(F)F)c1,,CHEMBL206253,C30H32F6N4O,578.60
ESTRONE,,C[C@]12CC[C@@H]3c4ccc(O)cc4CC[C@H]3[C@@H]1CCC2=O,,CHEMBL1405,C18H22O2,270.37
CHOLIC ACID,,C[C@H](CCC(=O)O)[C@H]1CC[C@H]2[C@@H]3[C@H](O)C[C@@H]4C[C@H](O)CC[C@]4(C)[C@H]3C[C@H](O)[C@]12C,,CHEMBL205596,C24H40O5,408.58
FLUVOXAMINE MALEATE,,COCCCC/C(=N\OCCN)c1ccc(C(F)(F)F)cc1.O=C(O)/C=C\C(=O)O,,CHEMBL1409,C19H25F3N2O6,434.41
NONOXYNOL 9,,CCCCCCCCCc1ccc(OCCOCCOCCOCCOCCOCCOCCOCCOCCO)cc1,,CHEMBL1410,C33H60O10,616.83
GLICLAZIDE,,Cc1ccc(S(=O)(=O)NC(=O)NN2CC3CCCC3C2)cc1,,CHEMBL427216,C15H21N3O3S,323.42
BREXANOLONE,,CC(=O)[C@H]1CC[C@H]2[C@@H]3CC[C@H]4C[C@H](O)CC[C@]4(C)[C@H]3CC[C@]12C,,CHEMBL207538,C21H34O2,318.50
EPHEDRINE,,CN[C@@H](C)[C@H](O)c1ccccc1,,CHEMBL211456,C10H15NO,165.24
PIPERAZINE,,C1CNCCN1,,CHEMBL1412,C4H10N2,86.14
CICLOPIROX,,Cc1cc(C2CCCCC2)n(O)c(=O)c1,,CHEMBL1413,C12H17NO2,207.27
TAVABOROLE,,OB1OCc2cc(F)ccc21,,CHEMBL443052,C7H6BFO2,151.93
NEOSTIGMINE METHYLSULFATE,,CN(C)C(=O)Oc1cccc([N+](C)(C)C)c1.COS(=O)(=O)[O-],,CHEMBL211471,C13H22N2O6S,334.39
VINBLASTINE SULFATE,,CC[C@]1(O)C[C@@H]2CN(CCc3c([nH]c4ccccc34)[C@@](C(=O)OC)(c3cc4c(cc3OC)N(C)[C@H]3[C@@](O)(C(=O)OC)[C@H](OC(C)=O)[C@]5(CC)C=CCN6CC[C@]43[C@@H]65)C2)C1.O=S(=O)(O)O,,CHEMBL378544,C46H60N4O13S,909.07
SIBUTRAMINE,,CC(C)CC(N(C)C)C1(c2ccc(Cl)cc2)CCC1,,CHEMBL1419,C17H26ClN,279.86
PRALIDOXIME,,C[n+]1ccccc1C=NO,,CHEMBL1420,C7H9N2O+,137.16
FORODESINE,,O=c1[nH]cnc2c([C@@H]3N[C@H](CO)[C@@H](O)[C@H]3O)c[nH]c12,,CHEMBL218291,C11H14N4O4,266.26
GARENOXACIN,,C[C@H]1NCc2cc(-c3ccc4c(=O)c(C(=O)O)cn(C5CC5)c4c3OC(F)F)ccc21,,CHEMBL215303,C23H20F2N2O4,426.42
BOCEPREVIR,,CC(C)(C)NC(=O)N[C@H](C(=O)N1C[C@H]2[C@@H]([C@H]1C(=O)NC(CC1CCC1)C(=O)C(N)=O)C2(C)C)C(C)(C)C,,CHEMBL218394,C27H45N5O5,519.69
SAXAGLIPTIN ANHYDROUS,,N#C[C@@H]1C[C@@H]2C[C@@H]2N1C(=O)[C@@H](N)C12CC3CC(CC(O)(C3)C1)C2,,CHEMBL385517,C18H25N3O2,315.42
DASATINIB ANHYDROUS,,Cc1nc(Nc2ncc(C(=O)Nc3c(C)cccc3Cl)s2)cc(N2CCN(CCO)CC2)n1,,CHEMBL1421,C22H26ClN7O2S,488.02
SITAGLIPTIN,,N[C@@H](CC(=O)N1CCn2c(nnc2C(F)(F)F)C1)Cc1cc(F)c(F)cc1F,,CHEMBL1422,C16H15F6N5O,407.32
PIMOZIDE,,O=c1[nH]c2ccccc2n1C1CCN(CCCC(c2ccc(F)cc2)c2ccc(F)cc2)CC1,,CHEMBL1423,C28H29F2N3O,461.56
TESTOSTERONE,,C[C@]12CC[C@H]3[C@@H](CCC4=CC(=O)CC[C@@]43C)[C@@H]1CC[C@@H]2O,,CHEMBL386630,C19H28O2,288.43
MERCAPTOPURINE ANHYDROUS,,Sc1ncnc2nc[nH]c12,,CHEMBL1425,C5H4N4S,152.18
DOMPERIDONE,,O=c1[nH]c2ccccc2n1CCCN1CCC(n2c(=O)[nH]c3cc(Cl)ccc32)CC1,,CHEMBL219916,C22H24ClN5O2,425.92
DIAZOXIDE,,CC1=Nc2ccc(Cl)cc2S(=O)(=O)N1,,CHEMBL181,C8H7ClN2O2S,230.68
RIFAMPIN,,CO[C@H]1/C=C/O[C@@]2(C)Oc3c(C)c(O)c4c(O)c(c(/C=N/N5CCN(C)CC5)c(O)c4c3C2=O)NC(=O)/C(C)=C\C=C\[C@H](C)[C@H](O)[C@@H](C)[C@@H](O)[C@@H](C)[C@H](OC(C)=O)[C@@H]1C,,CHEMBL374478,C43H58N4O12,822.95
DELAMANID,,C[C@]1(COc2ccc(N3CCC(Oc4ccc(OC(F)(F)F)cc4)CC3)cc2)Cn2cc([N+](=O)[O-])nc2O1,,CHEMBL218650,C25H25F3N4O6,534.49
NIMODIPINE,,COCCOC(=O)C1=C(C)NC(C)=C(C(=O)OC(C)C)C1c1cccc([N+](=O)[O-])c1,,CHEMBL1428,C21H26N2O7,418.45
DEXAMETHASONE,,C[C@@H]1C[C@H]2[C@@H]3CCC4=CC(=O)C=C[C@]4(C)[C@@]3(F)[C@@H](O)C[C@]2(C)[C@@]1(O)C(=O)CO,,CHEMBL384467,C22H29FO5,392.47
GANCICLOVIR,,Nc1nc2c(ncn2COC(CO)CO)c(=O)[nH]1,,CHEMBL182,C9H13N5O4,255.23
ACYCLOVIR,,Nc1nc2c(ncn2COCCO)c(=O)[nH]1,,CHEMBL184,C8H11N5O3,225.21
TELBIVUDINE,,Cc1cn([C@@H]2C[C@@H](O)[C@H](CO)O2)c(=O)[nH]c1=O,,CHEMBL374731,C10H14N2O5,242.23
DORZOLAMIDE,,CCN[C@H]1C[C@H](C)S(=O)(=O)c2sc(S(N)(=O)=O)cc21,,CHEMBL218490,C10H16N2O4S3,324.45
BRINZOLAMIDE,,CCN[C@H]1CN(CCCOC)S(=O)(=O)c2sc(S(N)(=O)=O)cc21,,CHEMBL220491,C12H21N3O5S3,383.52
TOPIRAMATE,,CC1(C)O[C@@H]2[C@@H](CO[C@@]3(COS(N)(=O)=O)OC(C)(C)O[C@@H]23)O1,,CHEMBL220492,C12H21NO8S,339.37
VASOPRESSIN,,N=C(N)NCCC[C@H](NC(=O)[C@@H]1CCCN1C(=O)[C@@H]1CSSC[C@H](N)C(=O)N[C@@H](Cc2ccc(O)cc2)C(=O)N[C@@H](Cc2ccccc2)C(=O)N[C@@H](CCC(N)=O)C(=O)N[C@@H](CC(N)=O)C(=O)N1)C(=O)NCC(N)=O,,CHEMBL373742,C46H65N15O12S2,1084.25
DESMOPRESSIN,,N=C(N)NCCC[C@@H](NC(=O)[C@@H]1CCCN1C(=O)[C@@H]1CSSCCC(=O)N[C@@H](Cc2ccc(O)cc2)C(=O)N[C@@H](Cc2ccccc2)C(=O)N[C@@H](CCC(N)=O)C(=O)N[C@@H](CC(N)=O)C(=O)N1)C(=O)NCC(N)=O,,CHEMBL1429,C46H64N14O12S2,1069.24
LAROPIPRANT,,CS(=O)(=O)c1cc(F)cc2c3c(n(Cc4ccc(Cl)cc4)c12)[C@@H](CC(=O)O)CC3,,CHEMBL426559,C21H19ClFNO4S,435.90
TOFACITINIB,,C[C@@H]1CCN(C(=O)CC#N)C[C@@H]1N(C)c1ncnc2[nH]ccc12,,CHEMBL221959,C16H20N6O,312.38
FLUOROURACIL,,O=c1[nH]cc(F)c(=O)[nH]1,,CHEMBL185,C4H3FN2O2,130.08
PENICILLAMINE,,CC(C)(S)[C@@H](N)C(=O)O,,CHEMBL1430,C5H11NO2S,149.21
METFORMIN,,CN(C)C(=N)NC(=N)N,,CHEMBL1431,C4H11N5,129.17
DIQUAFOSOL,,O=c1ccn([C@@H]2O[C@H](COP(=O)(O)OP(=O)(O)OP(=O)(O)OP(=O)(O)OC[C@H]3O[C@@H](n4ccc(=O)[nH]c4=O)[C@H](O)[C@@H]3O)[C@@H](O)[C@H]2O)c(=O)[nH]1,,CHEMBL221326,C18H26N4O23P4,790.31
METHSCOPOLAMINE,,C[N+]1(C)[C@@H]2C[C@@H](OC(=O)[C@H](CO)c3ccccc3)C[C@H]1[C@@H]1O[C@@H]12,,CHEMBL376897,C18H24NO4+,318.39
DOXYCYCLINE ANHYDROUS,,C[C@H]1c2cccc(O)c2C(=O)C2=C(O)[C@]3(O)C(=O)C(C(N)=O)=C(O)[C@@H](N(C)C)[C@@H]3[C@@H](O)[C@@H]21,,CHEMBL1433,C22H24N2O8,444.44
MINOCYCLINE,,CN(C)c1ccc(O)c2c1C[C@H]1C[C@H]3[C@H](N(C)C)C(O)=C(C(N)=O)C(=O)[C@@]3(O)C(O)=C1C2=O,,CHEMBL1434,C23H27N3O7,457.48
CEFAZOLIN,,Cc1nnc(SCC2=C(C(=O)O)N3C(=O)[C@@H](NC(=O)Cn4cnnn4)[C@H]3SC2)s1,,CHEMBL1435,C14H14N8O4S3,454.52
CEFUROXIME,,CO/N=C(\C(=O)N[C@@H]1C(=O)N2C(C(=O)O)=C(COC(N)=O)CS[C@H]12)c1ccco1,,CHEMBL1436,C16H16N4O8S,424.39
CEFEPIME,,CO/N=C(\C(=O)N[C@@H]1C(=O)N2C(C(=O)[O-])=C(C[N+]3(C)CCCC3)CS[C@H]12)c1csc(N)n1,,CHEMBL186,C19H24N6O5S2,480.57
FUSIDIC ACID,,CC(=O)O[C@H]1C[C@@]2(C)[C@@H](C[C@@H](O)[C@H]3[C@@]4(C)CC[C@@H](O)[C@@H](C)[C@@H]4CC[C@@]32C)/C1=C(\CCC=C(C)C)C(=O)O,,CHEMBL374975,C31H48O6,516.72
TIPRANAVIR,,CCC[C@@]1(CCc2ccccc2)CC(O)=C([C@H](CC)c2cccc(NS(=O)(=O)c3ccc(C(F)(F)F)cn3)c2)C(=O)O1,,CHEMBL222559,C31H33F3N2O5S,602.68
NOREPINEPHRINE,,NC[C@H](O)c1ccc(O)c(O)c1,,CHEMBL1437,C8H11NO3,169.18
FAVIPIRAVIR,,NC(=O)c1nc(F)cnc1O,,CHEMBL221722,C5H4FN3O2,157.10
ZANAMIVIR,,CC(=O)N[C@H]1[C@H]([C@H](O)[C@H](O)CO)OC(C(=O)O)=C[C@@H]1NC(=N)N,,CHEMBL222813,C12H20N4O7,332.31
TAZOBACTAM SODIUM,,C[C@]1(Cn2ccnn2)[C@H](C(=O)[O-])N2C(=O)C[C@H]2S1(=O)=O.[Na+],,CHEMBL1439,C10H11N4NaO5S,322.28
TIGECYCLINE,,CN(C)c1cc(NC(=O)CNC(C)(C)C)c(O)c2c1C[C@H]1C[C@H]3[C@H](N(C)C)C(O)=C(C(N)=O)C(=O)[C@@]3(O)C(O)=C1C2=O,,CHEMBL376140,C29H39N5O8,585.66
BROXYQUINOLINE,,Oc1c(Br)cc(Br)c2cccnc12,,CHEMBL223448,C9H5Br2NO,302.95
BEDAQUILINE,,COc1nc2ccc(Br)cc2cc1[C@@H](c1ccccc1)[C@@](O)(CCN(C)C)c1cccc2ccccc12,,CHEMBL376488,C32H31BrN2O2,555.52
TETRACYCLINE,,CN(C)[C@@H]1C(O)=C(C(N)=O)C(=O)[C@@]2(O)C(O)=C3C(=O)c4c(O)cccc4[C@@](C)(O)[C@H]3C[C@@H]12,,CHEMBL1440,C22H24N2O8,444.44
ETHIONAMIDE,,CCc1cc(C(N)=S)ccn1,,CHEMBL1441,C8H10N2S,166.25
RALTITREXED,,Cc1nc(=O)c2cc(CN(C)c3ccc(C(=O)N[C@@H](CCC(=O)O)C(=O)O)s3)ccc2[nH]1,,CHEMBL225071,C21H22N4O6S,458.50
PEMETREXED,,Nc1nc2[nH]cc(CCc3ccc(C(=O)N[C@@H](CCC(=O)O)C(=O)O)cc3)c2c(=O)[nH]1,,CHEMBL225072,C20H21N5O6,427.42
DAPTOMYCIN,,CCCCCCCCCC(=O)N[C@@H](Cc1c[nH]c2ccccc12)C(=O)N[C@@H](CC(N)=O)C(=O)N[C@@H](CC(=O)O)C(=O)N[C@@H]1C(=O)NCC(=O)N[C@@H](CCCN)C(=O)N[C@@H](CC(=O)O)C(=O)N[C@H](C)C(=O)N[C@@H](CC(=O)O)C(=O)NCC(=O)N[C@H](CO)C(=O)N[C@@H]([C@H](C)CC(=O)O)C(=O)N[C@@H](CC(=O)c2ccccc2N)C(=O)O[C@@H]1C,,CHEMBL387675,C72H101N17O26,1620.69
HYDROCORTISONE,,C[C@]12CCC(=O)C=C1CC[C@@H]1[C@@H]2[C@@H](O)C[C@@]2(C)[C@H]1CC[C@]2(O)C(=O)CO,,CHEMBL389621,C21H30O5,362.47
NAFCILLIN,,CCOc1ccc2ccccc2c1C(=O)N[C@@H]1C(=O)N2[C@@H]1SC(C)(C)[C@@H]2C(=O)O,,CHEMBL1443,C21H22N2O5S,414.48
BENZBROMARONE,,CCc1oc2ccccc2c1C(=O)c1cc(Br)c(O)c(Br)c1,,CHEMBL388590,C17H12Br2O3,424.09
LETROZOLE,,N#Cc1ccc(C(c2ccc(C#N)cc2)n2cncn2)cc1,,CHEMBL1444,C17H11N5,285.31
EFAVIRENZ,,O=C1Nc2ccc(Cl)cc2[C@@](C#CC2CC2)(C(F)(F)F)O1,,CHEMBL223228,C14H9ClF3NO2,315.68
ALOGLIPTIN BENZOATE,,Cn1c(=O)cc(N2CCC[C@@H](N)C2)n(Cc2ccccc2C#N)c1=O.O=C(O)c1ccccc1,,CHEMBL227529,C25H27N5O4,461.52
FLUOXYMESTERONE,,C[C@]1(O)CC[C@H]2[C@@H]3CCC4=CC(=O)CC[C@]4(C)[C@@]3(F)[C@@H](O)C[C@@]21C,,CHEMBL1445,C20H29FO3,336.45
ALOGLIPTIN,,Cn1c(=O)cc(N2CCC[C@@H](N)C2)n(Cc2ccccc2C#N)c1=O,,CHEMBL376359,C18H21N5O2,339.40
KANAMYCIN SULFATE,,NC[C@H]1O[C@H](O[C@H]2[C@H](O)[C@@H](O[C@H]3O[C@H](CO)[C@@H](O)[C@H](N)[C@H]3O)[C@H](N)C[C@@H]2N)[C@H](O)[C@@H](O)[C@@H]1O.O=S(=O)(O)O,,CHEMBL1446,C18H38N4O15S,582.58
LINCOMYCIN,,CCC[C@@H]1C[C@@H](C(=O)N[C@@H]([C@H]2O[C@H](SC)[C@H](O)[C@@H](O)[C@H]2O)[C@@H](C)O)N(C)C1,,CHEMBL1447,C18H34N2O6S,406.55
PRETOMANID,,O=[N+]([O-])c1cn2c(n1)OC[C@@H](OCc1ccc(OC(F)(F)F)cc1)C2,,CHEMBL227875,C14H12F3N3O5,359.26
NICLOSAMIDE,,O=C(Nc1ccc([N+](=O)[O-])cc1Cl)c1cc(Cl)ccc1O,,CHEMBL1448,C13H8Cl2N2O4,327.12
TICARCILLIN,,CC1(C)S[C@@H]2[C@H](NC(=O)[C@H](C(=O)O)c3ccsc3)C(=O)N2[C@H]1C(=O)O,,CHEMBL1449,C15H16N2O6S2,384.44
ATOVAQUONE,,O=C1C(O)=C([C@H]2CC[C@H](c3ccc(Cl)cc3)CC2)C(=O)c2ccccc21,,CHEMBL1450,C22H19ClO3,366.84
MEPHENESIN,,Cc1ccccc1OCC(O)CO,,CHEMBL229128,C10H14O3,182.22
MILRINONE,,Cc1[nH]c(=O)c(C#N)cc1-c1ccncc1,,CHEMBL189,C12H9N3O,211.22
TRIAMCINOLONE,,C[C@]12C=CC(=O)C=C1CC[C@H]1[C@@H]3C[C@@H](O)[C@](O)(C(=O)CO)[C@@]3(C)C[C@H](O)[C@@]12F,,CHEMBL1451,C21H27FO6,394.44
THEOPHYLLINE ANHYDROUS,,Cn1c(=O)c2[nH]cnc2n(C)c1=O,,CHEMBL190,C7H8N4O2,180.17
SELADELPAR,,CCO[C@H](COc1ccc(C(F)(F)F)cc1)CSc1ccc(OCC(=O)O)c(C)c1,,CHEMBL230158,C21H23F3O5S,444.47
LEVAMISOLE,,c1ccc([C@H]2CN3CCSC3=N2)cc1,,CHEMBL1454,C11H12N2S,204.30
ALTRETAMINE,,CN(C)c1nc(N(C)C)nc(N(C)C)n1,,CHEMBL1455,C9H18N6,210.28
MYCOPHENOLATE MOFETIL,,COc1c(C)c2c(c(O)c1C/C=C(\C)CCC(=O)OCCN1CCOCC1)C(=O)OC2,,CHEMBL1456,C23H31NO7,433.50
HYDROCODONE,,COc1ccc2c3c1O[C@H]1C(=O)CC[C@H]4[C@@H](C2)N(C)CC[C@]314,,CHEMBL1457,C18H21NO3,299.37
SAFINAMIDE,,C[C@H](NCc1ccc(OCc2cccc(F)c2)cc1)C(N)=O,,CHEMBL396778,C17H19FN2O2,302.35
FLIBANSERIN,,O=c1[nH]c2ccccc2n1CCN1CCN(c2cccc(C(F)(F)F)c2)CC1,,CHEMBL231068,C20H21F3N4O,390.41
AMISULPRIDE,,CCN1CCCC1CNC(=O)c1cc(S(=O)(=O)CC)c(N)cc1OC,,CHEMBL243712,C17H27N3O4S,369.49
ESKETAMINE,,CN[C@]1(c2ccccc2Cl)CCCCC1=O,,CHEMBL395091,C13H16ClNO,237.73
DIDANOSINE,,O=c1[nH]cnc2c1ncn2[C@H]1CC[C@@H](CO)O1,,CHEMBL1460,C10H12N4O3,236.23
EXENATIDE,,CC[C@H](C)[C@H](NC(=O)[C@H](Cc1ccccc1)NC(=O)[C@H](CC(C)C)NC(=O)[C@H](CCCNC(=N)N)NC(=O)[C@@H](NC(=O)[C@H](C)NC(=O)[C@H](CCC(=O)O)NC(=O)[C@H](CCC(=O)O)NC(=O)[C@H](CCC(=O)O)NC(=O)[C@H](CCSC)NC(=O)[C@H](CCC(N)=O)NC(=O)[C@H](CCCCN)NC(=O)[C@H](CO)NC(=O)[C@H](CC(C)C)NC(=O)[C@H](CC(=O)O)NC(=O)[C@H](CO)NC(=O)[C@@H](NC(=O)[C@H](Cc1ccccc1)NC(=O)[C@@H](NC(=O)CNC(=O)[C@H](CCC(=O)O)NC(=O)CNC(=O)[C@@H](N)Cc1cnc[nH]1)[C@@H](C)O)[C@@H](C)O)C(C)C)C(=O)N[C@@H](CCC(=O)O)C(=O)N[C@@H](Cc1c[nH]c2ccccc12)C(=O)N[C@@H](CC(C)C)C(=O)N[C@@H](CCCCN)C(=O)N[C@@H](CC(N)=O)C(=O)NCC(=O)NCC(=O)N1CCC[C@H]1C(=O)N[C@@H](CO)C(=O)N[C@@H](CO)C(=O)NCC(=O)N[C@@H](C)C(=O)N1CCC[C@H]1C(=O)N1CCC[C@H]1C(=O)N1CCC[C@H]1C(=O)N[C@@H](CO)C(N)=O,,CHEMBL414357,C184H282N50O60S,4186.64
OXYTOCIN,,CC[C@H](C)[C@@H]1NC(=O)[C@H](Cc2ccc(O)cc2)NC(=O)[C@@H](N)CSSC[C@@H](C(=O)N2CCC[C@H]2C(=O)N[C@@H](CC(C)C)C(=O)NCC(N)=O)NC(=O)[C@H](CC(N)=O)NC(=O)[C@H](CCC(N)=O)NC1=O,,CHEMBL395429,C43H66N12O12S2,1007.21
DIOSMIN,,COc1ccc(-c2cc(=O)c3c(O)cc(O[C@@H]4O[C@H](CO[C@@H]5O[C@@H](C)[C@H](O)[C@@H](O)[C@H]5O)[C@@H](O)[C@H](O)[C@H]4O)cc3o2)cc1O,,CHEMBL231884,C28H32O15,608.55
FLUCYTOSINE,,Nc1nc(=O)[nH]cc1F,,CHEMBL1463,C4H4FN3O,129.09
WARFARIN,,CC(=O)CC(c1ccccc1)c1c(O)c2ccccc2oc1=O,,CHEMBL1464,C19H16O4,308.33
ACENOCOUMAROL,,CC(=O)CC(c1ccc([N+](=O)[O-])cc1)c1c(O)c2ccccc2oc1=O,,CHEMBL397420,C19H15NO6,353.33
PHENPROCOUMON,,CCC(c1ccccc1)c1c(O)c2ccccc2oc1=O,,CHEMBL1465,C18H16O3,280.32
DICUMAROL,,O=c1oc2ccccc2c(O)c1Cc1c(O)c2ccccc2oc1=O,,CHEMBL1466,C19H12O6,336.30
SODIUM SULFATE ANHYDROUS,,O=S(=O)([O-])[O-].[Na+].[Na+],,CHEMBL233406,Na2O4S,142.04
TELAPREVIR,,CCC[C@H](NC(=O)[C@@H]1[C@H]2CCC[C@H]2CN1C(=O)[C@@H](NC(=O)[C@@H](NC(=O)c1cnccn1)C1CCCCC1)C(C)(C)C)C(=O)C(=O)NC1CC1,,CHEMBL231813,C36H53N7O6,679.86
ALLOPURINOL,,Oc1ncnc2[nH]ncc12,,CHEMBL1467,C5H4N4O,136.11
BENZIODARONE,,CCc1oc2ccccc2c1C(=O)c1cc(I)c(O)c(I)c1,,CHEMBL232201,C17H12I2O3,518.09
MEPAZINE,,CN1CCCC(CN2c3ccccc3Sc3ccccc32)C1,,CHEMBL395110,C19H22N2S,310.47
RIFABUTIN,,CO[C@H]1/C=C/O[C@@]2(C)Oc3c(C)c(O)c4c(c3C2=O)C2=NC3(CCN(CC(C)C)CC3)NC2=C(NC(=O)/C(C)=C\C=C\[C@H](C)[C@H](O)[C@@H](C)[C@@H](O)[C@@H](C)[C@H](OC(C)=O)[C@@H]1C)C4=O,,CHEMBL444633,C46H62N4O11,847.02
APIXABAN,,COc1ccc(-n2nc(C(N)=O)c3c2C(=O)N(c2ccc(N4CCCCC4=O)cc2)CC3)cc1,,CHEMBL231779,C25H25N5O4,459.51
PHENYLBUTANOIC ACID,,O=C(O)CCCc1ccccc1,,CHEMBL1469,C10H12O2,164.20
RIFAMYCIN,,CO[C@H]1/C=C/O[C@@]2(C)Oc3c(C)c(O)c4c(O)c(cc(O)c4c3C2=O)NC(=O)/C(C)=C\C=C\[C@H](C)[C@H](O)[C@@H](C)[C@@H](O)[C@@H](C)[C@H](OC(C)=O)[C@@H]1C,,CHEMBL437765,C37H47NO12,697.78
TIPIRACIL,,N=C1CCCN1Cc1[nH]c(=O)[nH]c(=O)c1Cl,,CHEMBL235668,C9H11ClN4O2,242.67
APREPITANT,,C[C@@H](O[C@H]1OCCN(Cc2n[nH]c(=O)[nH]2)[C@H]1c1ccc(F)cc1)c1cc(C(F)(F)F)cc(C(F)(F)F)c1,,CHEMBL1471,C23H21F7N4O3,534.43
LINAGLIPTIN,,CC#CCn1c(N2CCC[C@@H](N)C2)nc2c1c(=O)n(Cc1nc(C)c3ccccc3n1)c(=O)n2C,,CHEMBL237500,C25H28N8O2,472.55
PROTIRELIN,,NC(=O)[C@@H]1CCCN1C(=O)[C@H](Cc1c[nH]cn1)NC(=O)[C@@H]1CCC(=O)N1,,CHEMBL1472,C16H22N6O4,362.39
FLUTICASONE PROPIONATE,,CCC(=O)O[C@]1(C(=O)SCF)[C@H](C)C[C@H]2[C@@H]3C[C@H](F)C4=CC(=O)C=C[C@]4(C)[C@@]3(F)[C@@H](O)C[C@@]21C,,CHEMBL1473,C25H31F3O5S,500.58
VINDESINE,,CC[C@]1(O)C[C@@H]2CN(CCc3c([nH]c4ccccc34)[C@@](C(=O)OC)(c3cc4c(cc3OC)N(C)[C@H]3[C@@](O)(C(N)=O)[C@H](O)[C@]5(CC)C=CCN6CC[C@]43[C@@H]65)C2)C1,,CHEMBL238071,C43H55N5O7,753.94
TRIOXSALEN,,Cc1cc2cc3c(C)cc(=O)oc3c(C)c2o1,,CHEMBL1475,C14H12O3,228.25
CERIVASTATIN,,COCc1c(C(C)C)nc(C(C)C)c(/C=C/[C@@H](O)C[C@@H](O)CC(=O)O)c1-c1ccc(F)cc1,,CHEMBL1477,C26H34FNO5,459.56
CHENODIOL,,C[C@H](CCC(=O)O)[C@H]1CC[C@H]2[C@@H]3[C@H](O)C[C@@H]4C[C@H](O)CC[C@]4(C)[C@H]3CC[C@]12C,,CHEMBL240597,C24H40O4,392.58
DANAZOL,,C#C[C@]1(O)CC[C@H]2[C@@H]3CCC4=Cc5oncc5C[C@]4(C)[C@H]3CC[C@@]21C,,CHEMBL1479,C22H27NO2,337.46
FELODIPINE,,CCOC(=O)C1=C(C)NC(C)=C(C(=O)OC)C1c1cccc(Cl)c1Cl,,CHEMBL1480,C18H19Cl2NO4,384.26
GLIMEPIRIDE,,CCC1=C(C)CN(C(=O)NCCc2ccc(S(=O)(=O)NC(=O)N[C@H]3CC[C@H](C)CC3)cc2)C1=O,,CHEMBL1481,C24H34N4O5S,490.63
SELEXIPAG,,CC(C)N(CCCCOCC(=O)NS(C)(=O)=O)c1cnc(-c2ccccc2)c(-c2ccccc2)n1,,CHEMBL238804,C26H32N4O4S,496.63
BETHANECHOL,,CC(C[N+](C)(C)C)OC(N)=O,,CHEMBL1482,C7H17N2O2+,161.22
ALBENDAZOLE,,CCCSc1ccc2[nH]c(NC(=O)OC)nc2c1,,CHEMBL1483,C12H15N3O2S,265.34
ATORVASTATIN CALCIUM,,CC(C)c1c(C(=O)Nc2ccccc2)c(-c2ccccc2)c(-c2ccc(F)cc2)n1CC[C@@H](O)C[C@@H](O)CC(=O)[O-].CC(C)c1c(C(=O)Nc2ccccc2)c(-c2ccccc2)c(-c2ccc(F)cc2)n1CC[C@@H](O)C[C@@H](O)CC(=O)[O-].[Ca+2],,CHEMBL393220,C66H68CaF2N4O10,1155.36
NICARDIPINE,,COC(=O)C1=C(C)NC(C)=C(C(=O)OCCN(C)Cc2ccccc2)C1c1cccc([N+](=O)[O-])c1,,CHEMBL1484,C26H29N3O6,479.53
OXYPHENISATINE,,O=C1Nc2ccccc2C1(c1ccc(O)cc1)c1ccc(O)cc1,,CHEMBL245807,C20H15NO3,317.34
LOSARTAN,,CCCCc1nc(Cl)c(CO)n1Cc1ccc(-c2ccccc2-c2nnn[nH]2)cc1,,CHEMBL191,C22H23ClN6O,422.92
SILDENAFIL,,CCCc1nn(C)c2c(=O)[nH]c(-c3cc(S(=O)(=O)N4CCN(C)CC4)ccc3OCC)nc12,,CHEMBL192,C22H30N6O4S,474.59
PEMAFIBRATE,,CC[C@@H](Oc1cccc(CN(CCCOc2ccc(OC)cc2)c2nc3ccccc3o2)c1)C(=O)O,,CHEMBL247951,C28H30N2O6,490.56
TICAGRELOR,,CCCSc1nc(N[C@@H]2C[C@H]2c2ccc(F)c(F)c2)c2nnn([C@@H]3C[C@H](OCCO)[C@@H](O)[C@H]3O)c2n1,,CHEMBL398435,C23H28F2N6O4S,522.58
TENOFOVIR DISOPROXIL FUMARATE,,CC(C)OC(=O)OCOP(=O)(CO[C@H](C)Cn1cnc2c(N)ncnc21)OCOC(=O)OC(C)C.O=C(O)/C=C/C(=O)O,,CHEMBL1486,C23H34N5O14P,635.52
ATORVASTATIN,,CC(C)c1c(C(=O)Nc2ccccc2)c(-c2ccccc2)c(-c2ccc(F)cc2)n1CC[C@@H](O)C[C@@H](O)CC(=O)O,,CHEMBL1487,C33H35FN2O5,558.65
URACIL MUSTARD,,Oc1ncc(N(CCCl)CCCl)c(O)n1,,CHEMBL1488,C8H11Cl2N3O2,252.10
AZACITIDINE,,Nc1ncn([C@@H]2O[C@H](CO)[C@@H](O)[C@H]2O)c(=O)n1,,CHEMBL1489,C8H12N4O5,244.21
PERICIAZINE,,N#Cc1ccc2c(c1)N(CCCN1CCC(O)CC1)c1ccccc1S2,,CHEMBL251940,C21H23N3OS,365.50
TRIHEXYPHENIDYL,,OC(CCN1CCCCC1)(c1ccccc1)C1CCCCC1,,CHEMBL1490,C20H31NO,301.47
AMLODIPINE,,CCOC(=O)C1=C(COCCN)NC(C)=C(C(=O)OC)C1c1ccccc1Cl,,CHEMBL1491,C20H25ClN2O5,408.88
BENFLUOREX,,CC(Cc1cccc(C(F)(F)F)c1)NCCOC(=O)c1ccccc1,,CHEMBL400599,C19H20F3NO2,351.37
BROMHEXINE,,CN(Cc1cc(Br)cc(Br)c1N)C1CCCCC1,,CHEMBL253376,C14H20Br2N2,376.14
FIPEXIDE,,O=C(COc1ccc(Cl)cc1)N1CCN(Cc2ccc3c(c2)OCO3)CC1,,CHEMBL254857,C20H21ClN2O4,388.85
DIPHENYLPYRALINE,,CN1CCC(OC(c2ccccc2)c2ccccc2)CC1,,CHEMBL1492,C19H23NO,281.40
FLAVOXATE,,Cc1c(-c2ccccc2)oc2c(C(=O)OCCN3CCCCC3)cccc2c1=O,,CHEMBL1493,C24H25NO4,391.47
FLUPIRTINE,,CCOC(=O)Nc1ccc(NCc2ccc(F)cc2)nc1N,,CHEMBL255044,C15H17FN4O2,304.32
OXYPHENCYCLIMINE,,CN1CCCN=C1COC(=O)C(O)(c1ccccc1)C1CCCCC1,,CHEMBL1495,C20H28N2O3,344.46
SULOCTIDIL,,CCCCCCCCNC(C)C(O)c1ccc(SC(C)C)cc1,,CHEMBL404849,C20H35NOS,337.57
IDEBENONE,,COC1=C(OC)C(=O)C(CCCCCCCCCCO)=C(C)C1=O,,CHEMBL252556,C19H30O5,338.44
ROSUVASTATIN,,CC(C)c1nc(N(C)S(C)(=O)=O)nc(-c2ccc(F)cc2)c1/C=C/[C@@H](O)C[C@@H](O)CC(=O)O,,CHEMBL1496,C22H28FN3O6S,481.55
BETAMETHASONE VALERATE,,CCCCC(=O)O[C@]1(C(=O)CO)[C@@H](C)C[C@H]2[C@@H]3CCC4=CC(=O)C=C[C@]4(C)[C@@]3(F)[C@@H](O)C[C@@]21C,,CHEMBL1497,C27H37FO6,476.59
DIGITOXIN,,C[C@H]1O[C@@H](O[C@H]2[C@@H](O)C[C@H](O[C@H]3[C@@H](O)C[C@H](O[C@H]4CC[C@@]5(C)[C@H](CC[C@@H]6[C@@H]5CC[C@]5(C)[C@@H](C7=CC(=O)OC7)CC[C@]65O)C4)O[C@@H]3C)O[C@@H]2C)C[C@H](O)[C@@H]1O,,CHEMBL254219,C41H64O13,764.95
FLUOCINONIDE,,CC(=O)OCC(=O)[C@@]12OC(C)(C)O[C@@H]1C[C@H]1[C@@H]3C[C@H](F)C4=CC(=O)C=C[C@]4(C)[C@@]3(F)[C@@H](O)C[C@@]12C,,CHEMBL1501,C26H32F2O7,494.53
HYDROMORPHONE,,CN1CC[C@]23c4c5ccc(O)c4O[C@H]2C(=O)CC[C@H]3[C@H]1C5,,CHEMBL398707,C17H19NO3,285.34
NIFEDIPINE,,COC(=O)C1=C(C)NC(C)=C(C(=O)OC)C1c1ccccc1[N+](=O)[O-],,CHEMBL193,C17H18N2O6,346.34
PANTOPRAZOLE,,COc1ccnc(C[S+]([O-])c2nc3cc(OC(F)F)ccc3[nH]2)c1OC,,CHEMBL1502,C16H15F2N3O4S,383.38
OMEPRAZOLE,,COc1ccc2[nH]c([S+]([O-])Cc3ncc(C)c(OC)c3C)nc2c1,,CHEMBL1503,C17H19N3O3S,345.42
TRIAMCINOLONE ACETONIDE,,CC1(C)O[C@@H]2C[C@H]3[C@@H]4CCC5=CC(=O)C=C[C@]5(C)[C@@]4(F)[C@@H](O)C[C@]3(C)[C@]2(C(=O)CO)O1,,CHEMBL1504,C24H31FO6,434.50
ALMOTRIPTAN,,CN(C)CCc1c[nH]c2ccc(CS(=O)(=O)N3CCCC3)cc12,,CHEMBL1505,C17H25N3O2S,335.47
ESCITALOPRAM,,CN(C)CCC[C@@]1(c2ccc(F)cc2)OCc2cc(C#N)ccc21,,CHEMBL1508,C20H21FN2O,324.40
DROSPIRENONE,,C[C@]12CCC(=O)C=C1[C@@H]1C[C@@H]1[C@H]1[C@@H]3[C@@H]4C[C@@H]4[C@@]4(CCC(=O)O4)[C@@]3(C)CC[C@@H]12,,CHEMBL1509,C24H30O3,366.50
ELETRIPTAN,,CN1CCC[C@@H]1Cc1c[nH]c2ccc(CCS(=O)(=O)c3ccccc3)cc12,,CHEMBL1510,C22H26N2O2S,382.53
ESTRADIOL VALERATE,,CCCCC(=O)O[C@H]1CC[C@H]2[C@@H]3CCc4cc(O)ccc4[C@H]3CC[C@]12C,,CHEMBL1511,C23H32O3,356.51
FLUNISOLIDE,,CC1(C)O[C@@H]2C[C@H]3[C@@H]4C[C@H](F)C5=CC(=O)C=C[C@]5(C)[C@H]4[C@@H](O)C[C@]3(C)[C@]2(C(=O)CO)O1,,CHEMBL1512,C24H31FO6,434.50
FLUOCORTOLONE,,C[C@@H]1C[C@H]2[C@@H]3C[C@H](F)C4=CC(=O)C=C[C@]4(C)[C@H]3[C@@H](O)C[C@]2(C)[C@H]1C(=O)CO,,CHEMBL251634,C22H29FO4,376.47
IRBESARTAN,,CCCCC1=NC2(CCCC2)C(=O)N1Cc1ccc(-c2ccccc2-c2nnn[nH]2)cc1,,CHEMBL1513,C25H28N6O,428.54
LEVOMETHADYL ACETATE,,CC[C@H](OC(C)=O)C(C[C@H](C)N(C)C)(c1ccccc1)c1ccccc1,,CHEMBL1514,C23H31NO2,353.51
METHACYCLINE,,C=C1c2cccc(O)c2C(=O)C2=C(O)[C@]3(O)C(=O)C(C(N)=O)=C(O)[C@@H](N(C)C)[C@@H]3[C@@H](O)[C@H]12,,CHEMBL249837,C22H22N2O8,442.42
METHIMAZOLE,,Cn1ccnc1S,,CHEMBL1515,C4H6N2S,114.17
OXYTETRACYCLINE,,CN(C)[C@@H]1C(O)=C(C(N)=O)C(=O)[C@@]2(O)C(O)=C3C(=O)c4c(O)cccc4[C@@](C)(O)[C@H]3[C@H](O)[C@@H]12,,CHEMBL1517,C22H24N2O9,460.44
PROPYLTHIOURACIL,,CCCc1cc(=O)[nH]c(=S)[nH]1,,CHEMBL1518,C7H10N2OS,170.24
TRANDOLAPRIL,,CCOC(=O)[C@H](CCc1ccccc1)N[C@@H](C)C(=O)N1[C@H](C(=O)O)C[C@H]2CCCC[C@@H]21,,CHEMBL1519,C24H34N2O5,430.55
VARDENAFIL,,CCCc1nc(C)c2c(=O)nc(-c3cc(S(=O)(=O)N4CCN(CC)CC4)ccc3OCC)[nH]n12,,CHEMBL1520,C23H32N6O4S,488.61
ZALEPLON,,CCN(C(C)=O)c1cccc(-c2ccnc3c(C#N)cnn23)c1,,CHEMBL1521,C17H15N5O,305.34
ESZOPICLONE,,CN1CCN(C(=O)O[C@H]2c3nccnc3C(=O)N2c2ccc(Cl)cn2)CC1,,CHEMBL1522,C17H17ClN6O3,388.82
DEXFENFLURAMINE,,CCN[C@@H](C)Cc1cccc(C(F)(F)F)c1,,CHEMBL248702,C12H16F3N,231.26
ENOXIMONE,,CSc1ccc(C(=O)c2[nH]c(=O)[nH]c2C)cc1,,CHEMBL249856,C12H12N2O2S,248.31
PERMETHRIN,,CC1(C)C(C=C(Cl)Cl)C1C(=O)OCc1cccc(Oc2ccccc2)c1,,CHEMBL1525,C21H20Cl2O3,391.29
ABIRATERONE,,C[C@]12CC[C@H](O)CC1=CC[C@@H]1[C@@H]2CC[C@]2(C)C(c3cccnc3)=CC[C@@H]12,,CHEMBL254328,C24H31NO,349.52
RALTEGRAVIR,,Cc1nnc(C(=O)NC(C)(C)c2nc(C(=O)NCc3ccc(F)cc3)c(O)c(=O)n2C)o1,,CHEMBL254316,C20H21FN6O5,444.42
FLUCICLOVINE F18,,N[C@]1(C(=O)O)C[C@@H]([18F])C1,,CHEMBL254468,C5H8FNO2,132.12
LUMIRACOXIB,,Cc1ccc(Nc2c(F)cccc2Cl)c(CC(=O)O)c1,,CHEMBL404108,C15H13ClFNO2,293.73
MENTHOL,,CC1CCC(C(C)C)C(O)C1,,CHEMBL256087,C10H20O,156.27
SODIUM FLUORIDE,,[F-].[Na+],,CHEMBL1528,FNa,41.99
DIPHENIDOL HYDROCHLORIDE,,Cl.OC(CCCN1CCCCC1)(c1ccccc1)c1ccccc1,,CHEMBL1529,C21H28ClNO,345.91
ATALUREN,,O=C(O)c1cccc(-c2noc(-c3ccccc3F)n2)c1,,CHEMBL256997,C15H9FN2O3,284.25
MONENSIN,,CC[C@@]1([C@@H]2O[C@@H]([C@H]3O[C@@](O)(CO)[C@H](C)C[C@@H]3C)C[C@@H]2C)CC[C@H]([C@]2(C)CC[C@]3(C[C@H](O)[C@@H](C)[C@@H]([C@@H](C)[C@@H](OC)[C@H](C)C(=O)O)O3)O2)O1,,CHEMBL256105,C36H62O11,670.88
NILOTINIB,,Cc1cn(-c2cc(NC(=O)c3ccc(C)c(Nc4nccc(-c5cccnc5)n4)c3)cc(C(F)(F)F)c2)cn1,,CHEMBL255863,C28H22F3N7O,529.53
MILNACIPRAN,,CCN(CC)C(=O)C1(c2ccccc2)CC1CN,,CHEMBL259209,C15H22N2O,246.35
TAPINAROF,,CC(C)c1c(O)cc(/C=C/c2ccccc2)cc1O,,CHEMBL259571,C17H18O2,254.33
ETONOGESTREL,,C#C[C@]1(O)CC[C@H]2[C@@H]3CCC4=CC(=O)CC[C@@H]4[C@H]3C(=C)C[C@@]21CC,,CHEMBL1531,C22H28O2,324.46
QUINETHAZONE,,CCC1NC(=O)c2cc(S(N)(=O)=O)c(Cl)cc2N1,,CHEMBL1532,C10H12ClN3O3S,289.74
ANGIOTENSIN II,,CC[C@H](C)[C@H](NC(=O)[C@H](Cc1ccc(O)cc1)NC(=O)[C@@H](NC(=O)[C@H](CCCNC(=N)N)NC(=O)[C@@H](N)CC(=O)O)C(C)C)C(=O)N[C@@H](Cc1cnc[nH]1)C(=O)N1CCC[C@H]1C(=O)N[C@@H](Cc1ccccc1)C(=O)O,,CHEMBL408403,C50H71N13O12,1046.20
DESOGESTREL,,C#C[C@]1(O)CC[C@H]2[C@@H]3CCC4=CCCC[C@@H]4[C@H]3C(=C)C[C@@]21CC,,CHEMBL1533,C22H30O,310.48
RIBOFLAVIN,,Cc1cc2nc3c(=O)[nH]c(=O)nc-3n(C[C@H](O)[C@H](O)[C@H](O)CO)c2cc1C,,CHEMBL1534,C17H20N4O6,376.37
MESTEROLONE,,C[C@H]1CC(=O)C[C@@H]2CC[C@H]3[C@@H]4CC[C@H](O)[C@@]4(C)CC[C@@H]3[C@]21C,,CHEMBL258918,C20H32O2,304.47
MOFEZOLAC,,COc1ccc(-c2noc(CC(=O)O)c2-c2ccc(OC)cc2)cc1,,CHEMBL259972,C19H17NO5,339.35
HYDROXYCHLOROQUINE,,CCN(CCO)CCCC(C)Nc1ccnc2cc(Cl)ccc12,,CHEMBL1535,C18H26ClN3O,335.88
ERGOCALCIFEROL,,C=C1CC[C@H](O)C/C1=C/C=C1\CCC[C@]2(C)[C@@H]([C@H](C)/C=C/[C@H](C)C(C)C)CC[C@@H]12,,CHEMBL1536,C28H44O,396.66
MECLOCYCLINE SULFOSALICYLATE,,C=C1c2c(Cl)ccc(O)c2C(=O)C2=C(O)[C@]3(O)C(=O)C(C(N)=O)=C(O)[C@@H](N(C)C)[C@@H]3[C@@H](O)[C@H]12.O=C(O)c1cc(S(=O)(=O)O)ccc1O,,CHEMBL261772,C29H27ClN2O14S,695.06
AZLOCILLIN,,CC1(C)S[C@@H]2[C@H](NC(=O)[C@H](NC(=O)N3CCNC3=O)c3ccccc3)C(=O)N2[C@H]1C(=O)O,,CHEMBL1537,C20H23N5O6S,461.50
TENOFOVIR DISOPROXIL,,CC(C)OC(=O)OCOP(=O)(CO[C@H](C)Cn1cnc2c(N)ncnc21)OCOC(=O)OC(C)C,,CHEMBL1538,C19H30N5O10P,519.45
SULFADOXINE,,COc1ncnc(NS(=O)(=O)c2ccc(N)cc2)c1OC,,CHEMBL1539,C12H14N4O4S,310.34
PENCICLOVIR,,Nc1nc(O)c2ncn(CCC(CO)CO)c2n1,,CHEMBL1540,C10H15N5O3,253.26
CEFIXIME,,C=CC1=C(C(=O)O)N2C(=O)[C@@H](NC(=O)/C(=N\OCC(=O)O)c3csc(N)n3)[C@H]2SC1,,CHEMBL1541,C16H15N5O7S2,453.46
AZATHIOPRINE,,Cn1cnc([N+](=O)[O-])c1Sc1ncnc2[nH]cnc12,,CHEMBL1542,C9H7N7O2S,277.27
ULIPRISTAL ACETATE,,CC(=O)O[C@]1(C(C)=O)CC[C@H]2[C@@H]3CCC4=CC(=O)CCC4=C3[C@@H](c3ccc(N(C)C)cc3)C[C@@]21C,,CHEMBL260538,C30H37NO4,475.63
METHYLENE BLUE ANHYDROUS,,CN(C)c1ccc2nc3ccc(N(C)C)cc3[s+]c2c1.[Cl-],,CHEMBL405110,C16H18ClN3S,319.86
LIOTHYRONINE,,N[C@@H](Cc1cc(I)c(Oc2ccc(O)c(I)c2)c(I)c1)C(=O)O,,CHEMBL1544,C15H12I3NO4,650.98
BELINOSTAT,,O=C(/C=C/c1cccc(S(=O)(=O)Nc2ccccc2)c1)NO,,CHEMBL408513,C15H14N2O4S,318.35
ALVIMOPAN,,C[C@H]1CN(C[C@H](Cc2ccccc2)C(=O)NCC(=O)O)CC[C@@]1(C)c1cccc(O)c1,,CHEMBL270190,C25H32N2O4,424.54
HYDROXYAMPHETAMINE,,CC(N)Cc1ccc(O)cc1,,CHEMBL1546,C9H13NO,151.21
ACARBOSE,,C[C@H]1O[C@H](O[C@H]2[C@H](O)[C@@H](O)[C@@H](O[C@H]3[C@H](O)[C@@H](O)C(O)O[C@@H]3CO)O[C@@H]2CO)[C@H](O)[C@@H](O)[C@@H]1N[C@H]1C=C(CO)[C@@H](O)[C@H](O)[C@H]1O,,CHEMBL404271,C25H43NO18,645.61
THIAMINE ION,,Cc1ncc(C[n+]2csc(CCO)c2C)c(N)n1,,CHEMBL1547,C12H17N4OS+,265.36
MARAVIROC,,Cc1nnc(C(C)C)n1[C@H]1C[C@H]2CC[C@@H](C1)N2CC[C@H](NC(=O)C1CCC(F)(F)CC1)c1ccccc1,,CHEMBL256907,C29H41F2N5O,513.68
ABIRATERONE ACETATE,,CC(=O)O[C@H]1CC[C@@]2(C)C(=CC[C@@H]3[C@@H]2CC[C@]2(C)C(c4cccnc4)=CC[C@@H]32)C1,,CHEMBL271227,C26H33NO2,391.56
CHLORTETRACYCLINE,,CN(C)[C@@H]1C(O)=C(C(N)=O)C(=O)[C@@]2(O)C(O)=C3C(=O)c4c(O)ccc(Cl)c4[C@@](C)(O)[C@H]3C[C@@H]12,,CHEMBL404520,C22H23ClN2O8,478.89
NALFURAFINE,,CN(C(=O)/C=C/c1ccoc1)[C@@H]1CC[C@@]2(O)[C@H]3Cc4ccc(O)c5c4[C@@]2(CCN3CC2CC2)[C@H]1O5,,CHEMBL267495,C28H32N2O5,476.57
HYDROCORTISONE CYPIONATE,,C[C@]12CCC(=O)C=C1CC[C@@H]1[C@@H]2[C@@H](O)C[C@@]2(C)[C@H]1CC[C@]2(O)C(=O)COC(=O)CCC1CCCC1,,CHEMBL1549,C29H42O6,486.65
PHYTONADIONE,,CC1=C(C/C=C(\C)CCC[C@H](C)CCC[C@H](C)CCCC(C)C)C(=O)c2ccccc2C1=O,,CHEMBL1550,C31H46O2,450.71
DAPAGLIFLOZIN,,CCOc1ccc(Cc2cc([C@@H]3O[C@H](CO)[C@@H](O)[C@H](O)[C@H]3O)ccc2Cl)cc1,,CHEMBL429910,C21H25ClO6,408.88
URSODIOL,,C[C@H](CCC(=O)O)[C@H]1CC[C@H]2[C@@H]3[C@@H](O)C[C@@H]4C[C@H](O)CC[C@]4(C)[C@H]3CC[C@]12C,,CHEMBL1551,C24H40O4,392.58
DEOXYCHOLIC ACID,,C[C@H](CCC(=O)O)[C@H]1CC[C@H]2[C@@H]3CC[C@@H]4C[C@H](O)CC[C@]4(C)[C@H]3C[C@H](O)[C@]12C,,CHEMBL406393,C24H40O4,392.58
TAURURSODIOL,,C[C@H](CCC(=O)NCCS(=O)(=O)O)[C@H]1CC[C@H]2[C@@H]3[C@@H](O)C[C@@H]4C[C@H](O)CC[C@]4(C)[C@H]3CC[C@]12C,,CHEMBL272427,C26H45NO6S,499.71
DACTINOMYCIN,,Cc1c2oc3c(C)ccc(C(=O)N[C@@H]4C(=O)N[C@H](C(C)C)C(=O)N5CCC[C@H]5C(=O)N(C)CC(=O)N(C)[C@@H](C(C)C)C(=O)O[C@@H]4C)c3nc-2c(C(=O)N[C@@H]2C(=O)N[C@H](C(C)C)C(=O)N3CCC[C@H]3C(=O)N(C)CC(=O)N(C)[C@@H](C(C)C)C(=O)O[C@@H]2C)c(N)c1=O,,CHEMBL1554,C62H86N12O16,1255.44
GALANTAMINE HYDROBROMIDE,,Br.COc1ccc2c3c1O[C@H]1C[C@@H](O)C=C[C@@]31CCN(C)C2,,CHEMBL1555,C17H22BrNO3,368.27
ASCORBIC ACID,,O=C1O[C@H]([C@@H](O)CO)C(O)=C1O,,CHEMBL196,C6H8O6,176.12
DOPAMINE HYDROCHLORIDE,,Cl.NCCc1ccc(O)c(O)c1,,CHEMBL1557,C8H12ClNO2,189.64
PRAZOSIN HYDROCHLORIDE,,COc1cc2nc(N3CCN(C(=O)c4ccco4)CC3)nc(N)c2cc1OC.Cl,,CHEMBL1558,C19H22ClN5O4,419.87
MICONAZOLE NITRATE,,Clc1ccc(COC(Cn2ccnc2)c2ccc(Cl)cc2Cl)c(Cl)c1.O=[N+]([O-])O,,CHEMBL1559,C18H15Cl4N3O4,479.15
CAPTOPRIL,,C[C@H](CS)C(=O)N1CCC[C@H]1C(=O)O,,CHEMBL1560,C9H15NO3S,217.29
ATROPINE,,CN1[C@@H]2CC[C@H]1C[C@@H](OC(=O)C(CO)c1ccccc1)C2,,CHEMBL517712,C17H23NO3,289.38
MIGLITOL,,OCCN1C[C@H](O)[C@@H](O)[C@H](O)[C@H]1CO,,CHEMBL1561,C8H17NO5,207.23
DAUNORUBICIN HYDROCHLORIDE,,COc1cccc2c1C(=O)c1c(O)c3c(c(O)c1C2=O)C[C@@](O)(C(C)=O)C[C@@H]3O[C@H]1C[C@H](N)[C@H](O)[C@H](C)O1.Cl,,CHEMBL1563,C27H30ClNO10,563.99
BUPRENORPHINE,,CO[C@@]12CC[C@@]3(C[C@@H]1[C@](C)(O)C(C)(C)C)[C@H]1Cc4ccc(O)c5c4[C@@]3(CCN1CC1CC1)[C@H]2O5,,CHEMBL511142,C29H41NO4,467.65
DIPHENYLPYRALINE HYDROCHLORIDE,,CN1CCC(OC(c2ccccc2)c2ccccc2)CC1.Cl,,CHEMBL1564,C19H24ClNO,317.86
COCAINE HYDROCHLORIDE,,COC(=O)[C@H]1[C@@H](OC(=O)c2ccccc2)C[C@@H]2CC[C@H]1N2C.Cl,,CHEMBL529437,C17H22ClNO4,339.82
IVABRADINE,,COc1cc2c(cc1OC)CC(=O)N(CCCN(C)C[C@H]1Cc3cc(OC)c(OC)cc31)CC2,,CHEMBL471737,C27H36N2O5,468.59
SUNITINIB MALATE,,CCN(CC)CCNC(=O)c1c(C)[nH]c(/C=C2\C(=O)Nc3ccc(F)cc32)c1C.O=C(O)C[C@H](O)C(=O)O,,CHEMBL1567,C26H33FN4O7,532.57
SIMEPREVIR,,COc1ccc2c(O[C@@H]3C[C@H]4C(=O)N[C@]5(C(=O)NS(=O)(=O)C6CC6)C[C@H]5/C=C\CCCCN(C)C(=O)[C@@H]4C3)cc(-c3nc(C(C)C)cs3)nc2c1C,,CHEMBL501849,C38H47N5O7S2,749.96
TREOSULFAN,,CS(=O)(=O)OC[C@H](O)[C@@H](O)COS(C)(=O)=O,,CHEMBL455186,C6H14O8S2,278.30
URETHANE,,CCOC(N)=O,,CHEMBL462547,C3H7NO2,89.09
AMANTADINE HYDROCHLORIDE,,Cl.NC12CC3CC(CC(C3)C1)C2,,CHEMBL1569,C10H18ClN,187.71
GLIBORNURIDE,,Cc1ccc(S(=O)(=O)NC(=O)N[C@H]2[C@H]3CC[C@@](C)([C@H]2O)C3(C)C)cc1,,CHEMBL529888,C18H26N2O4S,366.48
SULFOXONE,,O=S(O)CNc1ccc(S(=O)(=O)c2ccc(NCS(=O)O)cc2)cc1,,CHEMBL1570,C14H16N2O6S3,404.49
TENIPOSIDE,,COc1cc([C@@H]2c3cc4c(cc3[C@@H](O[C@@H]3O[C@@H]5CO[C@@H](c6cccs6)O[C@H]5[C@H](O)[C@H]3O)[C@H]3COC(=O)[C@H]23)OCO4)cc(OC)c1O,,CHEMBL452231,C32H32O13S,656.66
TESTOLACTONE,,C[C@]12C=CC(=O)C=C1CC[C@@H]1[C@@H]2CC[C@]2(C)OC(=O)CC[C@@H]12,,CHEMBL1571,C19H24O3,300.40
METAMIZOLE,,Cc1c(N(C)CS(=O)(=O)O)c(=O)n(-c2ccccc2)n1C,,CHEMBL461522,C13H17N3O4S,311.36
METRIZAMIDE,,CC(=O)Nc1c(I)c(C(=O)N[C@H]2C(O)O[C@H](CO)[C@@H](O)[C@@H]2O)c(I)c(N(C)C(C)=O)c1I,,CHEMBL462394,C18H22I3N3O8,789.10
NETILMICIN,,CCN[C@@H]1C[C@H](N)[C@@H](O[C@H]2OC(CN)=CC[C@H]2N)[C@H](O)[C@H]1O[C@H]1OC[C@](C)(O)[C@H](NC)[C@H]1O,,CHEMBL1572,C21H41N5O7,475.59
PHENTERMINE,,CC(C)(N)Cc1ccccc1,,CHEMBL1574,C10H15N,149.24
ETHINAMATE,,C#CC1(OC(N)=O)CCCCC1,,CHEMBL1576,C9H13NO2,167.21
METHYCLOTHIAZIDE,,CN1C(CCl)Nc2cc(Cl)c(S(N)(=O)=O)cc2S1(=O)=O,,CHEMBL1577,C9H11Cl2N3O4S2,360.24
ANISOTROPINE METHYLBROMIDE,,CCCC(CCC)C(=O)O[C@H]1C[C@H]2CC[C@@H](C1)[N+]2(C)C.[Br-],,CHEMBL1578,C17H32BrNO2,362.35
PENTOSTATIN,,OC[C@H]1O[C@@H](n2cnc3c2N=CNC[C@H]3O)C[C@@H]1O,,CHEMBL1580,C11H16N4O4,268.27
PERINDOPRIL,,CCC[C@H](N[C@@H](C)C(=O)N1[C@H](C(=O)O)C[C@@H]2CCCC[C@@H]21)C(=O)OCC,,CHEMBL1581,C19H32N2O5,368.47
AZARIBINE,,CC(=O)OC[C@H]1O[C@@H](n2ncc(=O)[nH]c2=O)[C@H](OC(C)=O)[C@@H]1OC(C)=O,,CHEMBL515914,C14H17N3O9,371.30
CHLORAL HYDRATE,,OC(O)C(Cl)(Cl)Cl,,CHEMBL455917,C2H3Cl3O2,165.40
CILAZAPRIL,,CCOC(=O)[C@H](CCc1ccccc1)N[C@H]1CCCN2CCC[C@@H](C(=O)O)N2C1=O,,CHEMBL515606,C22H31N3O5,417.51
BACAMPICILLIN,,CCOC(=O)OC(C)OC(=O)[C@@H]1N2C(=O)[C@@H](NC(=O)[C@H](N)c3ccccc3)[C@H]2SC1(C)C,,CHEMBL1583,C21H27N3O7S,465.53
PIPERACETAZINE,,CC(=O)c1ccc2c(c1)N(CCCN1CCC(CCO)CC1)c1ccccc1S2,,CHEMBL1584,C24H30N2O2S,410.58
PIPOBROMAN,,O=C(CCBr)N1CCN(C(=O)CCBr)CC1,,CHEMBL1585,C10H16Br2N2O2,356.06
PYRITINOL,,Cc1ncc(CSSCc2cnc(C)c(O)c2CO)c(CO)c1O,,CHEMBL488093,C16H20N2O4S2,368.48
POLYTHIAZIDE,,CN1C(CSCC(F)(F)F)Nc2cc(Cl)c(S(N)(=O)=O)cc2S1(=O)=O,,CHEMBL1587,C11H13ClF3N3O4S3,439.89
BENDAMUSTINE,,Cn1c(CCCC(=O)O)nc2cc(N(CCCl)CCCl)ccc21,,CHEMBL487253,C16H21Cl2N3O2,358.27
THIAMINE,,Cc1ncc(C[n+]2csc(CCO)c2C)c(N)n1.[Cl-],,CHEMBL1588,C12H17ClN4OS,300.81
ACETOHEXAMIDE,,CC(=O)c1ccc(S(=O)(=O)NC(=O)NC2CCCCC2)cc1,,CHEMBL1589,C15H20N2O4S,324.40
PSEUDOEPHEDRINE,,CN[C@@H](C)[C@@H](O)c1ccccc1,,CHEMBL1590,C10H15NO,165.24
DEMECLOCYCLINE,,CN(C)[C@@H]1C(O)=C(C(N)=O)C(=O)[C@@]2(O)C(O)=C3C(=O)c4c(O)ccc(Cl)c4[C@@H](O)[C@H]3C[C@@H]12,,CHEMBL1591,C21H21ClN2O8,464.86
QUINAPRIL,,CCOC(=O)[C@H](CCc1ccccc1)N[C@@H](C)C(=O)N1Cc2ccccc2C[C@H]1C(=O)O,,CHEMBL1592,C25H30N2O5,438.52
PANTOTHENIC ACID,,CC(C)(CO)[C@@H](O)C(=O)NCCC(=O)O,,CHEMBL1594,C9H17NO5,219.24
CARBENOXOLONE,,CC1(C)[C@@H](OC(=O)CCC(=O)O)CC[C@]2(C)[C@H]3C(=O)C=C4[C@@H]5C[C@@](C)(C(=O)O)CC[C@]5(C)CC[C@@]4(C)[C@]3(C)CC[C@@H]12,,CHEMBL499915,C34H50O7,570.77
DIHYDROCODEINE,,COc1ccc2c3c1O[C@H]1[C@@H](O)CC[C@H]4[C@@H](C2)N(C)CC[C@@]341,,CHEMBL1595,C18H23NO3,301.39
PITOLISANT,,Clc1ccc(CCCOCCCN2CCCCC2)cc1,,CHEMBL462605,C17H26ClNO,295.85
CARBENICILLIN INDANYL,,CC1(C)S[C@@H]2[C@H](NC(=O)C(C(=O)Oc3ccc4c(c3)CCC4)c3ccccc3)C(=O)N2[C@H]1C(=O)O,,CHEMBL1596,C26H26N2O6S,494.57
DIMERCAPROL,,OCC(S)CS,,CHEMBL1597,C3H8OS2,124.23
CEPHAPIRIN,,CC(=O)OCC1=C(C(=O)O)N2C(=O)[C@@H](NC(=O)CSc3ccncc3)[C@H]2SC1,,CHEMBL1599,C17H17N3O6S2,423.47
CEFONICID,,O=C(O)C1=C(CSc2nnnn2CS(=O)(=O)O)CS[C@@H]2[C@H](NC(=O)[C@H](O)c3ccccc3)C(=O)N12,,CHEMBL1601,C18H18N6O8S3,542.58
CEPHRADINE,,CC1=C(C(=O)O)N2C(=O)[C@@H](NC(=O)[C@H](N)C3=CCC=CC3)[C@H]2SC1,,CHEMBL1604,C16H19N3O4S,349.41
CEFTIBUTEN,,Nc1nc(/C(=C/CC(=O)O)C(=O)N[C@@H]2C(=O)N3C(C(=O)O)=CCS[C@H]23)cs1,,CHEMBL1605,C15H14N4O6S2,410.43
TETRACYCLINE HYDROCHLORIDE,,CN(C)[C@@H]1C(O)=C(C(N)=O)C(=O)[C@@]2(O)C(O)=C3C(=O)c4c(O)cccc4[C@@](C)(O)[C@H]3C[C@@H]12.Cl,,CHEMBL454950,C22H25ClN2O8,480.90
MIPOMERSEN SODIUM,,COCCO[C@@H]1[C@H](SP(=O)([O-])OC[C@H]2O[C@@H](n3cc(C)c(=O)[nH]c3=O)[C@H](OCCOC)[C@@H]2SP(=O)([O-])OC[C@H]2O[C@@H](n3cc(C)c(N)nc3=O)[C@H](OCCOC)[C@@H]2SP(=O)([O-])OC[C@H]2O[C@@H](n3cnc4c(N)ncnc43)C[C@@H]2SP(=O)([O-])OC[C@H]2O[C@@H](n3cnc4c(=O)[nH]c(N)nc43)C[C@@H]2SP(=O)([O-])OC[C@H]2O[C@@H](n3cc(C)c(=O)[nH]c3=O)C[C@@H]2SP(=O)([O-])OC[C@H]2O[C@@H](n3cc(C)c(N)nc3=O)C[C@@H]2SP(=O)([O-])OC[C@H]2O[C@@H](n3cc(C)c(=O)[nH]c3=O)C[C@@H]2SP(=O)([O-])OC[C@H]2O[C@@H](n3cnc4c(=O)[nH]c(N)nc43)C[C@@H]2SP(=O)([O-])OC[C@H]2O[C@@H](n3cc(C)c(N)nc3=O)C[C@@H]2SP(=O)([O-])OC[C@H]2O[C@@H](n3cc(C)c(=O)[nH]c3=O)C[C@@H]2SP(=O)([O-])OC[C@H]2O[C@@H](n3cc(C)c(=O)[nH]c3=O)C[C@@H]2SP(=O)([O-])OC[C@H]2O[C@@H](n3cc(C)c(N)nc3=O)C[C@@H]2SP(=O)([O-])OC[C@H]2O[C@@H](n3cnc4c(=O)[nH]c(N)nc43)[C@H](OCCOC)[C@@H]2SP(=O)([O-])OC[C@@H]2O[C@H](n3cc(C)c(N)nc3=O)[C@@H](OCCOC)[C@H]2SP(=O)([O-])OC[C@@H]2O[C@H](n3cnc4c(N)ncnc43)[C@@H](OCCOC)[C@H]2SP(=O)([O-])OC[C@@H]2O[C@H](n3cc(C)c(N)nc3=O)[C@@H](OCCOC)[C@H]2SP(=O)([O-])OC[C@@H]2O[C@H](n3cc(C)c(N)nc3=O)[C@@H](OCCOC)[C@H]2O)[C@@H](COP(=O)([O-])S[C@H]2[C@@H](OCCOC)[C@H](n3cc(C)c(N)nc3=O)O[C@@H]2COP(=O)([O-])S[C@H]2[C@@H](OCCOC)[C@H](n3cnc4c(=O)[nH]c(N)nc43)O[C@@H]2CO)O[C@H]1n1cc(C)c(N)nc1=O.[Na+].[Na+].[Na+].[Na+].[Na+].[Na+].[Na+].[Na+].[Na+].[Na+].[Na+].[Na+].[Na+].[Na+].[Na+].[Na+].[Na+].[Na+].[Na+],,CHEMBL502097,C230H305N67Na19O122P19S19,7594.91
TOPOTECAN HYDROCHLORIDE,,CC[C@@]1(O)C(=O)OCc2c1cc1n(c2=O)Cc2cc3c(CN(C)C)c(O)ccc3nc2-1.Cl,,CHEMBL1607,C23H24ClN3O5,457.91
ELTROMBOPAG,,CC1=NN(c2ccc(C)c(C)c2)C(=O)/C1=N\Nc1cccc(-c2cccc(C(=O)O)c2)c1O,,CHEMBL461101,C25H22N4O4,442.48
NEFOPAM,,CN1CCOC(c2ccccc2)c2ccccc2C1,,CHEMBL465026,C17H19NO,253.35
CEFOTETAN,,CO[C@@]1(NC(=O)C2SC(=C(C(N)=O)C(=O)O)S2)C(=O)N2C(C(=O)O)=C(CSc3nnnn3C)CS[C@@H]21,,CHEMBL474579,C17H17N7O8S4,575.63
APREMILAST,,CCOc1cc([C@@H](CS(C)(=O)=O)N2C(=O)c3cccc(NC(C)=O)c3C2=O)ccc1OC,,CHEMBL514800,C22H24N2O7S,460.51
PHENYTOIN SODIUM,,O=C1N=C([O-])NC1(c1ccccc1)c1ccccc1.[Na+],,CHEMBL1611,C15H11N2NaO2,274.25
BETRIXABAN,,COc1ccc(NC(=O)c2ccc(C(=N)N(C)C)cc2)c(C(=O)Nc2ccc(Cl)cn2)c1,,CHEMBL512351,C23H22ClN5O3,451.91
GOSOGLIPTIN,,O=C([C@@H]1C[C@H](N2CCN(c3ncccn3)CC2)CN1)N1CCC(F)(F)C1,,CHEMBL515387,C17H24F2N6O,366.42
VISMODEGIB,,CS(=O)(=O)c1ccc(C(=O)Nc2ccc(Cl)c(-c3ccccn3)c2)c(Cl)c1,,CHEMBL473417,C19H14Cl2N2O3S,421.31
DORIPENEM,,C[C@@H](O)[C@H]1C(=O)N2C(C(=O)O)=C(S[C@@H]3CN[C@H](CNS(N)(=O)=O)C3)[C@H](C)[C@H]12,,CHEMBL491571,C15H24N4O6S2,420.51
NADOLOL,,CC(C)(C)NCC(O)COc1cccc2c1CC(O)C(O)C2,,CHEMBL521606,C17H27NO4,309.41
DOXORUBICIN HYDROCHLORIDE,,COc1cccc2c1C(=O)c1c(O)c3c(c(O)c1C2=O)C[C@@](O)(C(=O)CO)C[C@@H]3O[C@H]1C[C@H](N)[C@H](O)[C@H](C)O1.Cl,,CHEMBL359744,C27H30ClNO11,579.99
TANNIC ACID,,O=C(OC[C@H]1O[C@@H](OC(=O)c2cc(O)c(O)c(OC(=O)c3cc(O)c(O)c(O)c3)c2)[C@H](OC(=O)c2cc(O)c(O)c(OC(=O)c3cc(O)c(O)c(O)c3)c2)[C@@H](OC(=O)c2cc(O)c(O)c(OC(=O)c3cc(O)c(O)c(O)c3)c2)[C@@H]1OC(=O)c1cc(O)c(O)c(OC(=O)c2cc(O)c(O)c(O)c2)c1)c1cc(O)c(O)c(OC(=O)c2cc(O)c(O)c(O)c2)c1,,CHEMBL506247,C76H52O46,1701.21
DESLANOSIDE,,C[C@H]1O[C@@H](O[C@H]2CC[C@@]3(C)[C@H](CC[C@@H]4[C@@H]3C[C@@H](O)[C@]3(C)[C@@H](C5=CC(=O)OC5)CC[C@]43O)C2)C[C@H](O)[C@@H]1O[C@H]1C[C@H](O)[C@H](O[C@H]2C[C@H](O)[C@H](O[C@@H]3O[C@H](CO)[C@@H](O)[C@H](O)[C@H]3O)[C@@H](C)O2)[C@@H](C)O1,,CHEMBL1614,C47H74O19,943.09
RIFAXIMIN,,CO[C@H]1/C=C/O[C@@]2(C)Oc3c(C)c(O)c4c(O)c(c5c(nc6cc(C)ccn65)c4c3C2=O)NC(=O)/C(C)=C\C=C\[C@H](C)[C@H](O)[C@@H](C)[C@@H](O)[C@@H](C)[C@H](OC(C)=O)[C@@H]1C,,CHEMBL1617,C43H51N3O11,785.89
CEFAMANDOLE NAFATE,,Cn1nnnc1SCC1=C(C(=O)[O-])N2C(=O)[C@@H](NC(=O)[C@H](OC=O)c3ccccc3)[C@H]2SC1.[Na+],,CHEMBL1618,C19H17N6NaO6S2,512.51
CLADRIBINE,,Nc1nc(Cl)nc2c1ncn2[C@H]1C[C@H](O)[C@@H](CO)O1,,CHEMBL1619,C10H12ClN5O3,285.69
DIPHENHYDRAMINE HYDROCHLORIDE,,CN(C)CCOC(c1ccccc1)c1ccccc1.Cl,,CHEMBL1620,C17H22ClNO,291.82
PALIPERIDONE,,Cc1nc2n(c(=O)c1CCN1CCC(c3noc4cc(F)ccc34)CC1)CCCC2O,,CHEMBL1621,C23H27FN4O3,426.49
FOLIC ACID,,Nc1nc(=O)c2nc(CNc3ccc(C(=O)N[C@@H](CCC(=O)O)C(=O)O)cc3)cnc2[nH]1,,CHEMBL1622,C19H19N7O6,441.40
MEPENZOLATE,,C[N+]1(C)CCCC(OC(=O)C(O)(c2ccccc2)c2ccccc2)C1,,CHEMBL524004,C21H26NO3+,340.44
MECLIZINE,,Cc1cccc(CN2CCN(C(c3ccccc3)c3ccc(Cl)cc3)CC2)c1,,CHEMBL1623,C25H27ClN2,390.96
LEVOTHYROXINE,,N[C@@H](Cc1cc(I)c(Oc2cc(I)c(O)c(I)c2)c(I)c1)C(=O)O,,CHEMBL1624,C15H11I4NO4,776.87
TEMOPORFIN,,Oc1cccc(-c2c3nc(c(-c4cccc(O)c4)c4ccc([nH]4)c(-c4cccc(O)c4)c4nc(c(-c5cccc(O)c5)c5ccc2[nH]5)CC4)C=C3)c1,,CHEMBL500576,C44H32N4O4,680.76
OXYBENZONE,,COc1ccc(C(=O)c2ccccc2)c(O)c1,,CHEMBL1625,C14H12O3,228.25
CLEMASTINE,,CN1CCC[C@@H]1CCO[C@](C)(c1ccccc1)c1ccc(Cl)cc1,,CHEMBL1626,C21H26ClNO,343.90
OLAPARIB,,O=C(c1cc(Cc2n[nH]c(=O)c3ccccc23)ccc1F)N1CCN(C(=O)C2CC2)CC1,,CHEMBL521686,C24H23FN4O3,434.47
GLUCOSAMINE,,N[C@H]1C(O)O[C@H](CO)[C@@H](O)[C@@H]1O,,CHEMBL493287,C6H13NO5,179.17
RALTEGRAVIR POTASSIUM,,Cc1nnc(C(=O)NC(C)(C)c2nc(C(=O)NCc3ccc(F)cc3)c([O-])c(=O)n2C)o1.[K+],,CHEMBL518520,C20H20FKN6O5,482.51
HEXYLRESORCINOL,,CCCCCCc1ccc(O)cc1O,,CHEMBL443605,C12H18O2,194.27
XIMELAGATRAN,,CCOC(=O)CN[C@@H](C(=O)N1CC[C@H]1C(=O)NCc1ccc(/C(N)=N\O)cc1)C1CCCCC1,,CHEMBL522038,C24H35N5O5,473.57
CEPHALOTHIN SODIUM,,CC(=O)OCC1=C(C(=O)[O-])N2C(=O)[C@@H](NC(=O)Cc3cccs3)[C@H]2SC1.[Na+],,CHEMBL1632,C16H15N2NaO6S2,418.43
KETOTIFEN FUMARATE,,CN1CCC(=C2c3ccccc3CC(=O)c3sccc32)CC1.O=C(O)/C=C/C(=O)O,,CHEMBL1633,C23H23NO5S,425.51
LANINAMIVIR OCTANOATE,,CCCCCCCC(=O)OC[C@@H](O)[C@@H](OC)[C@@H]1OC(C(=O)O)=C[C@H](NC(=N)N)[C@H]1NC(C)=O,,CHEMBL467058,C21H36N4O8,472.54
GEMCITABINE HYDROCHLORIDE,,Cl.Nc1ccn([C@@H]2O[C@H](CO)[C@@H](O)C2(F)F)c(=O)n1,,CHEMBL1637,C9H12ClF2N3O4,299.66
ALISKIREN,,COCCCOc1cc(C[C@@H](C[C@H](N)[C@@H](O)C[C@H](C(=O)NCC(C)(C)C(N)=O)C(C)C)C(C)C)ccc1OC,,CHEMBL1639,C30H53N3O6,551.77
TRYPAN BLUE,,Cc1cc(-c2ccc(/N=N/c3c(S(=O)(=O)[O-])cc4cc(S(=O)(=O)[O-])cc(N)c4c3O)c(C)c2)ccc1/N=N/c1c(S(=O)(=O)[O-])cc2cc(S(=O)(=O)[O-])cc(N)c2c1O.[Na+].[Na+].[Na+].[Na+],,CHEMBL1640,C34H24N6Na4O14S4,960.82
HYDROCORTISONE PHOSPHORIC ACID,,C[C@]12CCC(=O)C=C1CC[C@@H]1[C@@H]2[C@@H](O)C[C@@]2(C)[C@H]1CC[C@]2(O)C(=O)COP(=O)(O)O,,CHEMBL1641,C21H31O8P,442.45
PLITIDEPSIN,,CC[C@H](C)[C@H]1NC(=O)[C@@H](NC(=O)[C@@H](CC(C)C)N(C)C(=O)[C@@H]2CCCN2C(=O)C(C)=O)[C@@H](C)OC(=O)[C@H](Cc2ccc(OC)cc2)N(C)C(=O)[C@@H]2CCCN2C(=O)[C@H](CC(C)C)NC(=O)[C@@H](C)C(=O)[C@H](C(C)C)OC(=O)C[C@@H]1O,,CHEMBL451930,C57H87N7O15,1110.36
IMATINIB MESYLATE,,CS(=O)(=O)O.Cc1ccc(NC(=O)c2ccc(CN3CCN(C)CC3)cc2)cc1Nc1nccc(-c2cccnc2)n1,,CHEMBL1642,C30H35N7O4S,589.72
RIBAVIRIN,,NC(=O)c1ncn([C@@H]2O[C@H](CO)[C@@H](O)[C@H]2O)n1,,CHEMBL1643,C8H12N4O5,244.21
CEFADROXIL,,CC1=C(C(=O)O)N2C(=O)[C@@H](NC(=O)[C@H](N)c3ccc(O)cc3)[C@H]2SC1,,CHEMBL1644,C16H17N3O5S,363.39
ESTRONE SULFURIC ACID,,C[C@]12CC[C@@H]3c4ccc(OS(=O)(=O)O)cc4CC[C@H]3[C@@H]1CCC2=O,,CHEMBL494753,C18H22O5S,350.44
FLURPIRIDAZ,,CC(C)(C)n1ncc(OCc2ccc(COCCF)cc2)c(Cl)c1=O,,CHEMBL494622,C18H22ClFN2O3,368.84
INDOCYANINE GREEN,,CC1(C)C(/C=C/C=C/C=C/C=C2\N(CCCCS(=O)(=O)[O-])c3ccc4ccccc4c3C2(C)C)=[N+](CCCCS(=O)(=O)[O-])c2ccc3ccccc3c21.[Na+],,CHEMBL1646,C43H47N2NaO6S2,774.98
ISRADIPINE,,COC(=O)C1=C(C)NC(C)=C(C(=O)OC(C)C)C1c1cccc2nonc12,,CHEMBL1648,C19H21N3O5,371.39
VORAPAXAR,,CCOC(=O)N[C@@H]1CC[C@@H]2[C@@H](C1)C[C@H]1C(=O)O[C@H](C)[C@H]1[C@H]2/C=C/c1ccc(-c2cccc(F)c2)cn1,,CHEMBL493982,C29H33FN2O4,492.59
CORTISONE ACETATE,,CC(=O)OCC(=O)[C@@]1(O)CC[C@H]2[C@@H]3CCC4=CC(=O)CC[C@]4(C)[C@H]3C(=O)C[C@@]21C,,CHEMBL1650,C23H30O6,402.49
VINBARBITAL,,CC/C=C(\C)C1(CC)C(=O)NC(=O)NC1=O,,CHEMBL503565,C11H16N2O3,224.26
HEPTABARBITAL,,CCC1(C2=CCCCCC2)C(=O)NC(=O)NC1=O,,CHEMBL468837,C13H18N2O3,250.30
PAZOPANIB,,Cc1ccc(Nc2nccc(N(C)c3ccc4c(C)n(C)nc4c3)n2)cc1S(N)(=O)=O,,CHEMBL477772,C21H23N7O2S,437.53
AMBENONIUM,,CC[N+](CC)(CCNC(=O)C(=O)NCC[N+](CC)(CC)Cc1ccccc1Cl)Cc1ccccc1Cl,,CHEMBL1652,C28H42Cl2N4O2+2,537.58
VOGLIBOSE,,OCC(CO)N[C@H]1C[C@](O)(CO)[C@@H](O)[C@H](O)[C@H]1O,,CHEMBL476960,C10H21NO7,267.28
VINCRISTINE SULFATE,,CC[C@]1(O)C[C@H]2CN(CCc3c([nH]c4ccccc34)[C@@](C(=O)OC)(c3cc4c(cc3OC)N(C=O)[C@H]3[C@@](O)(C(=O)OC)[C@H](OC(C)=O)[C@]5(CC)C=CCN6CC[C@]43[C@@H]65)C2)C1.O=S(=O)(O)O,,CHEMBL501867,C46H58N4O14S,923.05
PHENIRAMINE MALEATE,,CN(C)CCC(c1ccccc1)c1ccccn1.O=C(O)/C=C\C(=O)O,,CHEMBL1653,C20H24N2O4,356.42
TRABECTEDIN,,COc1cc2c(cc1O)CCN[C@]21CS[C@@H]2c3c(OC(C)=O)c(C)c4c(c3[C@H](COC1=O)N1[C@@H]2[C@H]2c3c(cc(C)c(OC)c3O)C[C@@H]([C@@H]1O)N2C)OCO4,,CHEMBL450449,C39H43N3O11S,761.85
RISEDRONATE SODIUM,,O=P([O-])(O)C(O)(Cc1cccnc1)P(=O)(O)O.[Na+],,CHEMBL1654,C7H10NNaO7P2,305.10
TOREMIFENE,,CN(C)CCOc1ccc(/C(=C(/CCCl)c2ccccc2)c2ccccc2)cc1,,CHEMBL1655,C26H28ClNO,405.97
TAZAROTENE,,CCOC(=O)c1ccc(C#Cc2ccc3c(c2)C(C)(C)CCS3)nc1,,CHEMBL1657,C21H21NO2S,351.47
RETAPAMULIN,,C=C[C@]1(C)C[C@@H](OC(=O)CS[C@@H]2C[C@H]3CC[C@@H](C2)N3C)[C@]2(C)[C@H](C)CC[C@]3(CCC(=O)[C@H]32)[C@@H](C)[C@@H]1O,,CHEMBL1658,C30H47NO4S,517.78
CHLORPHENIRAMINE MALEATE,,CN(C)CCC(c1ccc(Cl)cc1)c1ccccn1.O=C(O)/C=C\C(=O)O,,CHEMBL1659,C20H23ClN2O4,390.87
TELAVANCIN,,CCCCCCCCCCNCCN[C@@]1(C)C[C@H](O[C@H]2[C@H](Oc3c4cc5cc3Oc3ccc(cc3Cl)[C@@H](O)[C@@H](NC(=O)[C@@H](CC(C)C)NC)C(=O)N[C@@H](CC(N)=O)C(=O)N[C@H]5C(=O)N[C@H]3C(=O)N[C@H](C(=O)N[C@H](C(=O)O)c5cc(O)c(CNCP(=O)(O)O)c(O)c5-c5cc3ccc5O)[C@H](O)c3ccc(c(Cl)c3)O4)O[C@H](CO)[C@@H](O)[C@@H]2O)O[C@@H](C)[C@H]1O,,CHEMBL507870,C80H106Cl2N11O27P,1755.66
CEFTAROLINE FOSAMIL,,CCO/N=C(\C(=O)N[C@@H]1C(=O)N2C(C(=O)[O-])=C(Sc3nc(-c4cc[n+](C)cc4)cs3)CS[C@H]12)c1nsc(NP(=O)(O)O)n1,,CHEMBL501122,C22H21N8O8PS4,684.70
RIFAPENTINE,,CO[C@H]1/C=C/O[C@@]2(C)Oc3c(C)c(O)c4c(O)c(c(/C=N/N5CCN(C6CCCC6)CC5)c(O)c4c3C2=O)NC(=O)/C(C)=C\C=C\[C@H](C)[C@H](O)[C@@H](C)[C@@H](O)[C@@H](C)[C@H](OC(C)=O)[C@@H]1C,,CHEMBL1660,C47H64N4O12,877.04
LACTITOL,,OC[C@@H](O)[C@@H](O[C@@H]1O[C@H](CO)[C@H](O)[C@H](O)[C@H]1O)[C@H](O)[C@@H](O)CO,,CHEMBL1661,C12H24O11,344.31
SECNIDAZOLE,,Cc1ncc([N+](=O)[O-])n1CC(C)O,,CHEMBL498847,C7H11N3O3,185.18
PERFLUTREN,,FC(F)(F)C(F)(F)C(F)(F)F,,CHEMBL1663,C3F8,188.02
UMECLIDINIUM BROMIDE,,OC(c1ccccc1)(c1ccccc1)C12CC[N+](CCOCc3ccccc3)(CC1)CC2.[Br-],,CHEMBL523299,C29H34BrNO2,508.50
PANOBINOSTAT,,Cc1[nH]c2ccccc2c1CCNCc1ccc(/C=C/C(=O)NO)cc1,,CHEMBL483254,C21H23N3O2,349.43
AMOROLFINE,,CCC(C)(C)c1ccc(CC(C)CN2C[C@@H](C)O[C@@H](C)C2)cc1,,CHEMBL489411,C21H35NO,317.52
FOSAMPRENAVIR,,CC(C)CN(C[C@@H](OP(=O)(O)O)[C@H](Cc1ccccc1)NC(=O)O[C@H]1CCOC1)S(=O)(=O)c1ccc(N)cc1,,CHEMBL1664,C25H36N3O9PS,585.62
TERIPARATIDE,,CC[C@H](C)[C@H](NC(=O)[C@H](CCC(=O)O)NC(=O)[C@H](CO)NC(=O)[C@@H](NC(=O)[C@@H](N)CO)C(C)C)C(=O)N[C@@H](CCC(N)=O)C(=O)N[C@@H](CC(C)C)C(=O)N[C@@H](CCSC)C(=O)N[C@@H](Cc1cnc[nH]1)C(=O)N[C@@H](CC(N)=O)C(=O)N[C@@H](CC(C)C)C(=O)NCC(=O)N[C@@H](CCCCN)C(=O)N[C@@H](Cc1cnc[nH]1)C(=O)N[C@@H](CC(C)C)C(=O)N[C@@H](CC(N)=O)C(=O)N[C@@H](CO)C(=O)N[C@@H](CCSC)C(=O)N[C@@H](CCC(=O)O)C(=O)N[C@@H](CCCNC(=N)N)C(=O)N[C@H](C(=O)N[C@@H](CCC(=O)O)C(=O)N[C@@H](Cc1c[nH]c2ccccc12)C(=O)N[C@@H](CC(C)C)C(=O)N[C@@H](CCCNC(=N)N)C(=O)N[C@@H](CCCCN)C(=O)N[C@@H](CCCCN)C(=O)N[C@@H](CC(C)C)C(=O)N[C@@H](CCC(N)=O)C(=O)N[C@@H](CC(=O)O)C(=O)N[C@H](C(=O)N[C@@H](Cc1cnc[nH]1)C(=O)N[C@@H](CC(N)=O)C(=O)N[C@@H](Cc1ccccc1)C(=O)O)C(C)C)C(C)C,,CHEMBL525610,C181H291N55O51S2,4117.79
MICAFUNGIN,,CCCCCOc1ccc(-c2cc(-c3ccc(C(=O)N[C@H]4C[C@@H](O)[C@@H](O)NC(=O)[C@@H]5[C@@H](O)[C@@H](C)CN5C(=O)[C@H]([C@H](O)CC(N)=O)NC(=O)[C@H]([C@H](O)[C@@H](O)c5ccc(O)c(OS(=O)(=O)O)c5)NC(=O)[C@@H]5C[C@@H](O)CN5C(=O)[C@H]([C@@H](C)O)NC4=O)cc3)no2)cc1,,CHEMBL457547,C56H71N9O23S,1270.29
RESCINNAMINE,,COC(=O)[C@H]1[C@H]2C[C@@H]3c4[nH]c5cc(OC)ccc5c4CCN3C[C@H]2C[C@@H](OC(=O)/C=C/c2cc(OC)c(OC)c(OC)c2)[C@@H]1OC,,CHEMBL1668,C35H42N2O9,634.73
HEXAMETHYL PARAROSANILINE,,CN(C)c1ccc(C(=C2C=CC(=[N+](C)C)C=C2)c2ccc(N(C)C)cc2)cc1,,CHEMBL459265,C25H30N3+,372.54
MITOTANE,,Clc1ccc(C(c2ccccc2Cl)C(Cl)Cl)cc1,,CHEMBL1670,C14H10Cl4,320.05
PROPRANOLOL HYDROCHLORIDE,,CC(C)NCC(O)COc1cccc2ccccc12.Cl,,CHEMBL1671,C16H22ClNO2,295.81
CEFPODOXIME,,COCC1=C(C(=O)O)N2C(=O)[C@@H](NC(=O)/C(=N\OC)c3csc(N)n3)[C@H]2SC1,,CHEMBL1672,C15H17N5O6S2,427.46
CEFDITOREN PIVOXIL,,CO/N=C(\C(=O)N[C@@H]1C(=O)N2C(C(=O)OCOC(=O)C(C)(C)C)=C(/C=C\c3scnc3C)CS[C@H]12)c1csc(N)n1,,CHEMBL454446,C25H28N6O7S3,620.74
MAVORIXAFOR,,NCCCCN(Cc1nc2ccccc2[nH]1)[C@H]1CCCc2cccnc21,,CHEMBL518924,C21H27N5,349.48
VITAMIN A PALMITATE,,CCCCCCCCCCCCCCCC(=O)OC/C=C(C)/C=C/C=C(C)/C=C/C1=C(C)CCCC1(C)C,,CHEMBL1675,C36H60O2,524.87
FLUTICASONE FUROATE,,C[C@@H]1C[C@H]2[C@@H]3C[C@H](F)C4=CC(=O)C=C[C@]4(C)[C@@]3(F)[C@@H](O)C[C@]2(C)[C@@]1(OC(=O)c1ccco1)C(=O)SCF,,CHEMBL1676,C27H29F3O6S,538.58
TACRINE HYDROCHLORIDE,,Cl.Nc1c2c(nc3ccccc13)CCCC2,,CHEMBL1677,C13H15ClN2,234.73
DONEPEZIL HYDROCHLORIDE,,COc1cc2c(cc1OC)C(=O)C(CC1CCN(Cc3ccccc3)CC1)C2.Cl,,CHEMBL1678,C24H30ClNO3,415.96
CEFOPERAZONE,,CCN1CCN(C(=O)N[C@@H](C(=O)N[C@@H]2C(=O)N3C(C(=O)O)=C(CSc4nnnn4C)CS[C@H]23)c2ccc(O)cc2)C(=O)C1=O,,CHEMBL507674,C25H27N9O8S2,645.68
ENFUVIRTIDE,,CC[C@H](C)[C@H](NC(=O)[C@H](CC(C)C)NC(=O)[C@H](CO)NC(=O)[C@H](Cc1cnc[nH]1)NC(=O)[C@@H](NC(=O)[C@H](CC(C)C)NC(=O)[C@H](CO)NC(=O)[C@@H](NC(=O)[C@H](Cc1ccc(O)cc1)NC(C)=O)[C@@H](C)O)[C@@H](C)CC)C(=O)N[C@@H](CCC(=O)O)C(=O)N[C@@H](CCC(=O)O)C(=O)N[C@@H](CO)C(=O)N[C@@H](CCC(N)=O)C(=O)N[C@@H](CC(N)=O)C(=O)N[C@@H](CCC(N)=O)C(=O)N[C@@H](CCC(N)=O)C(=O)N[C@@H](CCC(=O)O)C(=O)N[C@@H](CCCCN)C(=O)N[C@@H](CC(N)=O)C(=O)N[C@@H](CCC(=O)O)C(=O)N[C@@H](CCC(N)=O)C(=O)N[C@@H](CCC(=O)O)C(=O)N[C@@H](CC(C)C)C(=O)N[C@@H](CC(C)C)C(=O)N[C@@H](CCC(=O)O)C(=O)N[C@@H](CC(C)C)C(=O)N[C@@H](CC(=O)O)C(=O)N[C@@H](CCCCN)C(=O)N[C@@H](Cc1c[nH]c2ccccc12)C(=O)N[C@@H](C)C(=O)N[C@@H](CO)C(=O)N[C@@H](CC(C)C)C(=O)N[C@@H](Cc1c[nH]c2ccccc12)C(=O)N[C@@H](CC(N)=O)C(=O)N[C@@H](Cc1c[nH]c2ccccc12)C(=O)N[C@@H](Cc1ccccc1)C(N)=O,,CHEMBL525076,C204H301N51O64,4491.94
LEUCOVORIN,,Nc1nc(=O)c2c([nH]1)NCC(CNc1ccc(C(=O)N[C@@H](CCC(=O)O)C(=O)O)cc1)N2C=O,,CHEMBL1679,C20H23N7O7,473.45
OCTREOTIDE,,C[C@@H](O)[C@@H]1NC(=O)[C@H](CCCCN)NC(=O)[C@@H](Cc2c[nH]c3ccccc23)NC(=O)[C@H](Cc2ccccc2)NC(=O)[C@@H](NC(=O)[C@H](N)Cc2ccccc2)CSSC[C@@H](C(=O)N[C@H](CO)[C@@H](C)O)NC1=O,,CHEMBL1680,C49H66N10O10S2,1019.26
IODOHIPPURATE,,O=C(O)CNC(=O)c1ccccc1I,,CHEMBL1681,C9H8INO3,305.07
SORBITOL,,OC[C@@H](O)[C@@H](O)[C@H](O)[C@@H](O)CO,,CHEMBL1682,C6H14O6,182.17
NALFURAFINE HYDROCHLORIDE,,CN(C(=O)/C=C/c1ccoc1)[C@@H]1CC[C@@]2(O)[C@H]3Cc4ccc(O)c5c4[C@@]2(CCN3CC2CC2)[C@H]1O5.Cl,,CHEMBL490665,C28H33ClN2O5,513.03
HYDROCORTISONE BUTYRATE,,CCCC(=O)O[C@]1(C(=O)CO)CC[C@H]2[C@@H]3CCC4=CC(=O)CC[C@]4(C)[C@H]3[C@@H](O)C[C@@]21C,,CHEMBL1683,C25H36O6,432.56
ELAGOLIX SODIUM,,COc1cccc(-c2c(C)n(Cc3c(F)cccc3C(F)(F)F)c(=O)n(C[C@H](NCCCC(=O)[O-])c3ccccc3)c2=O)c1F.[Na+],,CHEMBL502182,C32H29F5N3NaO5,653.58
BENDROFLUMETHIAZIDE,,NS(=O)(=O)c1cc2c(cc1C(F)(F)F)NC(Cc1ccccc1)NS2(=O)=O,,CHEMBL1684,C15H14F3N3O4S2,421.42
SULFISOMIDINE,,Cc1cc(NS(=O)(=O)c2ccc(N)cc2)nc(C)n1,,CHEMBL485696,C12H14N4O2S,278.34
CARBIMAZOLE,,CCOC(=O)n1ccn(C)c1=S,,CHEMBL508102,C7H10N2O2S,186.24
DEZOCINE,,C[C@@]12CCCCC[C@@H](Cc3ccc(O)cc31)[C@@H]2N,,CHEMBL1685,C16H23NO,245.37
MARIBAVIR,,CC(C)Nc1nc2cc(Cl)c(Cl)cc2n1[C@H]1O[C@@H](CO)[C@H](O)[C@@H]1O,,CHEMBL515408,C15H19Cl2N3O4,376.24
CRISABOROLE,,N#Cc1ccc(Oc2ccc3c(c2)COB3O)cc1,,CHEMBL484785,C14H10BNO3,251.05
CARFILZOMIB,,CC(C)C[C@H](NC(=O)[C@H](CCc1ccccc1)NC(=O)CN1CCOCC1)C(=O)N[C@@H](Cc1ccccc1)C(=O)N[C@@H](CC(C)C)C(=O)[C@@]1(C)CO1,,CHEMBL451887,C40H57N5O7,719.92
NINTEDANIB,,COC(=O)c1ccc2c(c1)NC(=O)/C2=C(\Nc1ccc(N(C)C(=O)CN2CCN(C)CC2)cc1)c1ccccc1,,CHEMBL502835,C31H33N5O4,539.64
TOLAZOLINE HYDROCHLORIDE,,Cl.c1ccc(CC2=NCCN2)cc1,,CHEMBL1689,C10H13ClN2,196.68
HYDROXYCHLOROQUINE SULFATE,,CCN(CCO)CCCC(C)Nc1ccnc2cc(Cl)ccc12.O=S(=O)(O)O,,CHEMBL1690,C18H28ClN3O5S,433.96
MEFLOQUINE HYDROCHLORIDE,,Cl.OC(c1cc(C(F)(F)F)nc2c(C(F)(F)F)cccc12)C1CCCCN1,,CHEMBL535650,C17H17ClF6N2O,414.78
BETAXOLOL HYDROCHLORIDE,,CC(C)NCC(O)COc1ccc(CCOCC2CC2)cc1.Cl,,CHEMBL1691,C18H30ClNO3,343.90
HYDRALAZINE HYDROCHLORIDE,,Cl.NNc1nncc2ccccc12,,CHEMBL542541,C8H9ClN4,196.64
FINGOLIMOD HYDROCHLORIDE,,CCCCCCCCc1ccc(CCC(N)(CO)CO)cc1.Cl,,CHEMBL544665,C19H34ClNO2,343.94
IMIPRAMINE HYDROCHLORIDE,,CN(C)CCCN1c2ccccc2CCc2ccccc21.Cl,,CHEMBL1692,C19H25ClN2,316.88
DIETHYLPROPION HYDROCHLORIDE,,CCN(CC)C(C)C(=O)c1ccccc1.Cl,,CHEMBL1693,C13H20ClNO,241.76
BENAZEPRIL HYDROCHLORIDE,,CCOC(=O)[C@H](CCc1ccccc1)N[C@H]1CCc2ccccc2N(CC(=O)O)C1=O.Cl,,CHEMBL1694,C24H29ClN2O5,460.96
TIAGABINE HYDROCHLORIDE,,Cc1ccsc1C(=CCCN1CCC[C@@H](C(=O)O)C1)c1sccc1C.Cl,,CHEMBL1695,C20H26ClNO2S2,412.02
DESIPRAMINE HYDROCHLORIDE,,CNCCCN1c2ccccc2CCc2ccccc21.Cl,,CHEMBL1696,C18H23ClN2,302.85
DILTIAZEM HYDROCHLORIDE,,COc1ccc([C@@H]2Sc3ccccc3N(CCN(C)C)C(=O)[C@@H]2OC(C)=O)cc1.Cl,,CHEMBL1697,C22H27ClN2O4S,450.99
BUPROPION HYDROCHLORIDE,,CC(NC(C)(C)C)C(=O)c1cccc(Cl)c1.Cl,,CHEMBL1698,C13H19Cl2NO,276.21
MEMANTINE HYDROCHLORIDE,,CC12CC3CC(C)(C1)CC(N)(C3)C2.Cl,,CHEMBL1699,C12H22ClN,215.77
SOTALOL HYDROCHLORIDE,,CC(C)NCC(O)c1ccc(NS(C)(=O)=O)cc1.Cl,,CHEMBL1700,C12H21ClN2O3S,308.83
MEPERIDINE HYDROCHLORIDE,,CCOC(=O)C1(c2ccccc2)CCN(C)CC1.Cl,,CHEMBL1701,C15H22ClNO2,283.80
ATOMOXETINE HYDROCHLORIDE,,CNCC[C@@H](Oc1ccccc1C)c1ccccc1.Cl,,CHEMBL1702,C17H22ClNO,291.82
METFORMIN HYDROCHLORIDE,,CN(C)C(=N)NC(=N)N.Cl,,CHEMBL1703,C4H12ClN5,165.63
CLONIDINE HYDROCHLORIDE,,Cl.Clc1cccc(Cl)c1NC1=NCCN1,,CHEMBL1705,C9H10Cl3N3,266.56
NAPHAZOLINE HYDROCHLORIDE,,Cl.c1ccc2c(CC3=NCCN3)cccc2c1,,CHEMBL1706,C14H15ClN2,246.74
LOPERAMIDE HYDROCHLORIDE,,CN(C)C(=O)C(CCN1CCC(O)(c2ccc(Cl)cc2)CC1)(c1ccccc1)c1ccccc1.Cl,,CHEMBL1707,C29H34Cl2N2O2,513.51
SERTRALINE HYDROCHLORIDE,,CN[C@H]1CC[C@@H](c2ccc(Cl)c(Cl)c2)c2ccccc21.Cl,,CHEMBL1709,C17H18Cl3N,342.70
RIMANTADINE HYDROCHLORIDE,,CC(N)C12CC3CC(CC(C3)C1)C2.Cl,,CHEMBL535396,C12H22ClN,215.77
ISOPROTERENOL HYDROCHLORIDE,,CC(C)NCC(O)c1ccc(O)c(O)c1.Cl,,CHEMBL1711,C11H18ClNO3,247.72
CHLORPROMAZINE HYDROCHLORIDE,,CN(C)CCCN1c2ccccc2Sc2ccc(Cl)cc21.Cl,,CHEMBL1713,C17H20Cl2N2S,355.33
KETAMINE HYDROCHLORIDE,,CNC1(c2ccccc2Cl)CCCCC1=O.Cl,,CHEMBL1714,C13H17Cl2NO,274.19
PIOGLITAZONE HYDROCHLORIDE,,CCc1ccc(CCOc2ccc(CC3SC(=O)NC3=O)cc2)nc1.Cl,,CHEMBL1715,C19H21ClN2O3S,392.91
CYPROHEPTADINE HYDROCHLORIDE,,CN1CCC(=C2c3ccccc3C=Cc3ccccc32)CC1.Cl,,CHEMBL1716,C21H22ClN,323.87
TICLOPIDINE HYDROCHLORIDE,,Cl.Clc1ccccc1CN1CCc2sccc2C1,,CHEMBL1717,C14H15Cl2NS,300.25
NALOXONE HYDROCHLORIDE,,C=CCN1CC[C@]23c4c5ccc(O)c4O[C@H]2C(=O)CC[C@@]3(O)[C@H]1C5.Cl,,CHEMBL1718,C19H22ClNO4,363.84
TERODILINE HYDROCHLORIDE,,CC(CC(c1ccccc1)c1ccccc1)NC(C)(C)C.Cl,,CHEMBL539770,C20H28ClN,317.90
OLOPATADINE HYDROCHLORIDE,,CN(C)CC/C=C1/c2ccccc2COc2ccc(CC(=O)O)cc21.Cl,,CHEMBL1719,C21H24ClNO3,373.88
PALONOSETRON HYDROCHLORIDE,,Cl.O=C1c2cccc3c2[C@H](CCC3)CN1[C@@H]1CN2CCC1CC2,,CHEMBL1720,C19H25ClN2O,332.88
METHYLPHENIDATE HYDROCHLORIDE,,COC(=O)C(c1ccccc1)C1CCCCN1.Cl,,CHEMBL1722,C14H20ClNO2,269.77
ALFUZOSIN HYDROCHLORIDE,,COc1cc2nc(N(C)CCCNC(=O)C3CCCO3)nc(N)c2cc1OC.Cl,,CHEMBL1723,C19H28ClN5O4,425.92
MEPENZOLATE BROMIDE,,C[N+]1(C)CCCC(OC(=O)C(O)(c2ccccc2)c2ccccc2)C1.[Br-],,CHEMBL1724,C21H26BrNO3,420.35
IOPROMIDE,,COCC(=O)Nc1c(I)c(C(=O)NCC(O)CO)c(I)c(C(=O)N(C)CC(O)CO)c1I,,CHEMBL1725,C18H24I3N3O8,791.11
NISOLDIPINE,,COC(=O)C1=C(C)NC(C)=C(C(=O)OCC(C)C)C1c1ccccc1[N+](=O)[O-],,CHEMBL1726,C20H24N2O6,388.42
CEPHALEXIN ANHYDROUS,,CC1=C(C(=O)O)N2C(=O)[C@@H](NC(=O)[C@H](N)c3ccccc3)[C@H]2SC1,,CHEMBL1727,C16H17N3O4S,347.40
LOMEFLOXACIN HYDROCHLORIDE,,CCn1cc(C(=O)O)c(=O)c2cc(F)c(N3CCNC(C)C3)c(F)c21.Cl,,CHEMBL1728,C17H20ClF2N3O3,387.81
CISAPRIDE,,COc1cc(N)c(Cl)cc1C(=O)NC1CCN(CCCOc2ccc(F)cc2)CC1OC,,CHEMBL1729,C23H29ClFN3O4,465.95
TREPROSTINIL SODIUM,,CCCCC[C@H](O)CC[C@@H]1[C@H]2Cc3cccc(OCC(=O)[O-])c3C[C@H]2C[C@H]1O.[Na+],,CHEMBL561157,C23H33NaO5,412.50
CEFOTAXIME,,CO/N=C(\C(=O)N[C@@H]1C(=O)N2C(C(=O)O)=C(COC(C)=O)CS[C@H]12)c1csc(N)n1,,CHEMBL1730,C16H17N5O7S2,455.47
MEZLOCILLIN,,CC1(C)S[C@@H]2[C@H](NC(=O)[C@H](NC(=O)N3CCN(S(C)(=O)=O)C3=O)c3ccccc3)C(=O)N2[C@H]1C(=O)O,,CHEMBL1731,C21H25N5O8S2,539.59
DIHYDROERGOTAMINE,,CN1C[C@H](C(=O)N[C@]2(C)O[C@@]3(O)[C@@H]4CCCN4C(=O)[C@H](Cc4ccccc4)N3C2=O)C[C@@H]2c3cccc4[nH]cc(c34)C[C@H]21,,CHEMBL1732,C33H37N5O5,583.69
TROLEANDOMYCIN,,CO[C@H]1C[C@H](O[C@H]2[C@H](C)[C@@H](O[C@@H]3O[C@H](C)C[C@H](N(C)C)[C@H]3OC(C)=O)[C@@H](C)C[C@@]3(CO3)C(=O)[C@H](C)[C@@H](OC(C)=O)[C@@H](C)[C@@H](C)OC(=O)[C@@H]2C)O[C@@H](C)[C@@H]1OC(C)=O,,CHEMBL564085,C41H67NO15,813.98
VINORELBINE,,CCC1=C[C@@H]2CN(C1)Cc1c([nH]c3ccccc13)[C@@](C(=O)OC)(c1cc3c(cc1OC)N(C)[C@H]1[C@@](O)(C(=O)OC)[C@H](OC(C)=O)[C@]4(CC)C=CCN5CC[C@]31[C@@H]54)C2,,CHEMBL553025,C45H54N4O8,778.95
DABIGATRAN ETEXILATE,,CCCCCCOC(=O)NC(=N)c1ccc(NCc2nc3cc(C(=O)N(CCC(=O)OCC)c4ccccn4)ccc3n2C)cc1,,CHEMBL539697,C34H41N7O5,627.75
SOLIFENACIN,,O=C(O[C@H]1CN2CCC1CC2)N1CCc2ccccc2[C@@H]1c1ccccc1,,CHEMBL1734,C23H26N2O2,362.47
ACLIDINIUM BROMIDE,,O=C(O[C@H]1C[N+]2(CCCOc3ccccc3)CCC1CC2)C(O)(c1cccs1)c1cccs1.[Br-],,CHEMBL551466,C26H30BrNO4S2,564.57
INDINAVIR SULFATE,,CC(C)(C)NC(=O)[C@@H]1CN(Cc2cccnc2)CCN1C[C@@H](O)C[C@@H](Cc1ccccc1)C(=O)N[C@H]1c2ccccc2C[C@H]1O.O=S(=O)(O)O,,CHEMBL1735,C36H49N5O8S,711.88
METHYLENE BLUE,,CN(C)c1ccc2nc3ccc(=[N+](C)C)cc-3sc2c1.O.O.O.[Cl-],,CHEMBL550495,C16H24ClN3O3S,373.91
METRIZOIC ACID,,CC(=O)Nc1c(I)c(C(=O)O)c(I)c(N(C)C(C)=O)c1I,,CHEMBL1736,C12H11I3N2O4,627.94
CIPROFIBRATE,,CC(C)(Oc1ccc(C2CC2(Cl)Cl)cc1)C(=O)O,,CHEMBL557555,C13H14Cl2O3,289.16
VINORELBINE TARTRATE,,CCC1=C[C@@H]2CN(C1)Cc1c([nH]c3ccccc13)[C@@](C(=O)OC)(c1cc3c(cc1OC)N(C)[C@H]1[C@@](O)(C(=O)OC)[C@H](OC(C)=O)[C@]4(CC)C=CCN5CC[C@]31[C@@H]54)C2.O=C(O)C(O)C(O)C(=O)O.O=C(O)C(O)C(O)C(=O)O,,CHEMBL538943,C53H66N4O20,1079.12
SILDENAFIL CITRATE,,CCCc1nn(C)c2c(=O)[nH]c(-c3cc(S(=O)(=O)N4CCN(C)CC4)ccc3OCC)nc12.O=C(O)CC(O)(CC(=O)O)C(=O)O,,CHEMBL1737,C28H38N6O11S,666.71
DEFERASIROX,,O=C(O)c1ccc(-n2nc(-c3ccccc3O)nc2-c2ccccc2O)cc1,,CHEMBL550348,C21H15N3O4,373.37
FORODESINE HYDROCHLORIDE,,Cl.O=c1[nH]cnc2c([C@@H]3N[C@H](CO)[C@@H](O)[C@H]3O)c[nH]c12,,CHEMBL550755,C11H15ClN4O4,302.72
DEXRAZOXANE,,C[C@@H](CN1CC(=O)NC(=O)C1)N1CC(=O)NC(=O)C1,,CHEMBL1738,C11H16N4O4,268.27
METOCURINE IODIDE,,COc1ccc2cc1Oc1cc3c(cc1OC)CC[N+](C)(C)[C@H]3Cc1ccc(cc1)Oc1c(OC)c(OC)cc3c1[C@@H](C2)[N+](C)(C)CC3.[I-].[I-],,CHEMBL1739,C40H48I2N2O6,906.64
CLARITHROMYCIN,,CC[C@H]1OC(=O)[C@H](C)[C@@H](O[C@H]2C[C@@](C)(OC)[C@@H](O)[C@H](C)O2)[C@H](C)[C@@H](O[C@@H]2O[C@H](C)C[C@H](N(C)C)[C@H]2O)[C@](C)(OC)C[C@@H](C)C(=O)[C@H](C)[C@@H](O)[C@]1(C)O,,CHEMBL1741,C38H69NO13,747.96
QUIZARTINIB,,CC(C)(C)c1cc(NC(=O)Nc2ccc(-c3cn4c(n3)sc3cc(OCCN5CCOCC5)ccc34)cc2)no1,,CHEMBL576982,C29H32N6O4S,560.68
ARTEMETHER,,CO[C@H]1O[C@@H]2O[C@@]3(C)CC[C@H]4[C@H](C)CC[C@@H]([C@H]1C)[C@@]24OO3,,CHEMBL566534,C16H26O5,298.38
OBETICHOLIC ACID,,CC[C@H]1[C@@H](O)[C@@H]2[C@H](CC[C@]3(C)[C@@H]([C@H](C)CCC(=O)O)CC[C@@H]23)[C@@]2(C)CC[C@@H](O)C[C@@H]12,,CHEMBL566315,C26H44O4,420.63
FLORBETABEN F18,,CNc1ccc(/C=C/c2ccc(OCCOCCOCC[18F])cc2)cc1,,CHEMBL566752,C21H26FNO3,358.44
FLUMEXADOL,,FC(F)(F)c1cccc(C2CNCCO2)c1,,CHEMBL578767,C11H12F3NO,231.22
SODIUM PHENYLBUTYRATE,,O=C([O-])CCCc1ccccc1.[Na+],,CHEMBL1746,C10H11NaO2,186.19
FLUTEMETAMOL,,CNc1ccc(-c2nc3ccc(O)cc3s2)cc1F,,CHEMBL579205,C14H11FN2OS,274.32
TOBRAMYCIN,,NC[C@H]1O[C@H](O[C@H]2[C@H](O)[C@@H](O[C@H]3O[C@H](CO)[C@@H](O)[C@H](N)[C@H]3O)[C@H](N)C[C@@H]2N)[C@H](N)C[C@@H]1O,,CHEMBL1747,C18H37N5O9,467.52
TYROTHRICIN,,CC(C)C[C@@H]1NC(=O)[C@H](CCCN)NC(=O)[C@H](C(C)C)NC(=O)[C@H](Cc2ccc(O)cc2)N[C@@H](CCC(=O)O)C(=O)N[C@@H](CC(N)=O)C(=O)[C@@H](Cc2ccccc2)NC(=O)[C@H](Cc2ccccc2)NC(=O)[C@@H]2CCCN2C(=O)[C@@H](Cc2ccccc2)NC1=O,,CHEMBL577736,C65H85N11O13,1228.46
SCOPOLAMINE,,CN1[C@@H]2C[C@@H](OC(=O)[C@H](CO)c3ccccc3)C[C@H]1[C@@H]1O[C@@H]12,,CHEMBL569713,C17H21NO4,303.36
TIRBANIBULIN,,O=C(Cc1ccc(-c2ccc(OCCN3CCOCC3)cc2)cn1)NCc1ccccc1,,CHEMBL571546,C26H29N3O3,431.54
EDETATE DISODIUM ANHYDROUS,,O=C([O-])CN(CCN(CC(=O)[O-])CC(=O)O)CC(=O)O.[Na+].[Na+],,CHEMBL1749,C10H14N2Na2O8,336.21
CLOFARABINE,,Nc1nc(Cl)nc2c1ncn2[C@@H]1O[C@H](CO)[C@@H](O)[C@@H]1F,,CHEMBL1750,C10H11ClFN5O3,303.68
FENSPIRIDE,,O=C1NCC2(CCN(CCc3ccccc3)CC2)O1,,CHEMBL576127,C15H20N2O2,260.34
DIGOXIN,,C[C@H]1O[C@@H](O[C@H]2[C@@H](O)C[C@H](O[C@H]3[C@@H](O)C[C@H](O[C@H]4CC[C@@]5(C)[C@H](CC[C@@H]6[C@@H]5C[C@@H](O)[C@]5(C)[C@@H](C7=CC(=O)OC7)CC[C@]65O)C4)O[C@@H]3C)O[C@@H]2C)C[C@H](O)[C@@H]1O,,CHEMBL1751,C41H64O14,780.95
DYPHYLLINE,,Cn1c(=O)c2c(ncn2CC(O)CO)n(C)c1=O,,CHEMBL1752,C10H14N4O4,254.25
CLINDAMYCIN,,CCC[C@@H]1C[C@@H](C(=O)N[C@@H]([C@H]2O[C@H](SC)[C@H](O)[C@@H](O)[C@H]2O)[C@H](C)Cl)N(C)C1,,CHEMBL1753,C18H33ClN2O5S,424.99
DOXAPRAM,,CCN1CC(CCN2CCOCC2)C(c2ccccc2)(c2ccccc2)C1=O,,CHEMBL1754,C24H30N2O2,378.52
CONIVAPTAN,,Cc1nc2c([nH]1)-c1ccccc1N(C(=O)c1ccc(NC(=O)c3ccccc3-c3ccccc3)cc1)CC2,,CHEMBL1755,C32H26N4O2,498.59
ESTRAMUSTINE PHOSPHATE,,C[C@]12CC[C@@H]3c4ccc(OC(=O)N(CCCl)CCCl)cc4CC[C@H]3[C@@H]1CC[C@@H]2OP(=O)(O)O,,CHEMBL1756,C23H32Cl2NO6P,520.39
FOSFOMYCIN,,C[C@@H]1O[C@@H]1P(=O)(O)O,,CHEMBL1757,C3H7O4P,138.06
TERBUTALINE,,CC(C)(C)NCC(O)c1cc(O)cc(O)c1,,CHEMBL1760,C12H19NO3,225.29
PROCYCLIDINE HYDROCHLORIDE,,Cl.OC(CCN1CCCC1)(c1ccccc1)C1CCCCC1,,CHEMBL1761,C19H30ClNO,323.91
TOCAINIDE,,Cc1cccc(C)c1NC(=O)C(C)N,,CHEMBL1762,C11H16N2O,192.26
HYDROFLUMETHIAZIDE,,NS(=O)(=O)c1cc2c(cc1C(F)(F)F)NCNS2(=O)=O,,CHEMBL1763,C8H8F3N3O4S2,331.30
LEVOMEPROMAZINE,,COc1ccc2c(c1)N(C[C@H](C)CN(C)C)c1ccccc1S2,,CHEMBL1764,C19H24N2OS,328.48
DESOXIMETASONE,,C[C@@H]1C[C@H]2[C@@H]3CCC4=CC(=O)C=C[C@]4(C)[C@@]3(F)[C@@H](O)C[C@]2(C)[C@H]1C(=O)CO,,CHEMBL1766,C22H29FO4,376.47
BETHANECHOL CHLORIDE,,CC(C[N+](C)(C)C)OC(N)=O.[Cl-],,CHEMBL1768,C7H17ClN2O2,196.68
PROPOXYCAINE HYDROCHLORIDE,,CCCOc1cc(N)ccc1C(=O)OCCN(CC)CC.Cl,,CHEMBL1769,C16H27ClN2O3,330.86
LEVAMISOLE HYDROCHLORIDE,,Cl.c1ccc([C@H]2CN3CCSC3=N2)cc1,,CHEMBL1770,C11H13ClN2S,240.76
SODIUM ASCORBATE,,O=C1O[C@H]([C@@H](O)CO)C([O-])=C1O.[Na+],,CHEMBL591665,C6H7NaO6,198.11
CLOPIDOGREL,,COC(=O)[C@H](c1ccccc1Cl)N1CCc2sccc2C1,,CHEMBL1771,C16H16ClNO2S,321.83
CAPECITABINE,,CCCCCOC(=O)Nc1nc(=O)n([C@@H]2O[C@H](C)[C@@H](O)[C@H]2O)cc1F,,CHEMBL1773,C15H22FN3O6,359.35
MONOMETHYL FUMARATE,,COC(=O)/C=C/C(=O)O,,CHEMBL589586,C5H6O4,130.10
CRIZOTINIB,,C[C@@H](Oc1cc(-c2cnn(C3CCNCC3)c2)cnc1N)c1c(Cl)ccc(F)c1Cl,,CHEMBL601719,C21H22Cl2FN5O,450.35
OLODATEROL,,COc1ccc(CC(C)(C)NC[C@H](O)c2cc(O)cc3c2OCC(=O)N3)cc1,,CHEMBL605846,C21H26N2O5,386.45
CHLORPHENESIN CARBAMATE,,NC(=O)OCC(O)COc1ccc(Cl)cc1,,CHEMBL607710,C10H12ClNO4,245.66
CARBENICILLIN DISODIUM,,CC1(C)S[C@@H]2[C@H](NC(=O)C(C(=O)[O-])c3ccccc3)C(=O)N2[C@H]1C(=O)[O-].[Na+].[Na+],,CHEMBL606260,C17H16N2Na2O6S,422.37
MIDOSTAURIN,,CO[C@@H]1[C@H](N(C)C(=O)c2ccccc2)C[C@H]2O[C@]1(C)n1c3ccccc3c3c4c(c5c6ccccc6n2c5c31)C(=O)NC4,,CHEMBL608533,C35H30N4O4,570.65
BRIVARACETAM,,CCC[C@@H]1CC(=O)N([C@@H](CC)C(N)=O)C1,,CHEMBL607400,C11H20N2O2,212.29
IMIPENEM,,C[C@@H](O)[C@H]1C(=O)N2C(C(=O)O)=C(SCCNC=N)C[C@H]12.O,,CHEMBL43708,C12H19N3O5S,317.37
ERLOTINIB HYDROCHLORIDE,,C#Cc1cccc(Nc2ncnc3cc(OCCOC)c(OCCOC)cc23)c1.Cl,,CHEMBL1079742,C22H24ClN3O4,429.90
METAXALONE,,Cc1cc(C)cc(OCC2CNC(=O)O2)c1,,CHEMBL1079604,C12H15NO3,221.26
VARENICLINE,,c1cnc2cc3c(cc2n1)[C@@H]1CNC[C@H]3C1,,CHEMBL1076903,C13H13N3,211.27
MOMELOTINIB,,N#CCNC(=O)c1ccc(-c2ccnc(Nc3ccc(N4CCOCC4)cc3)n2)cc1,,CHEMBL1078178,C23H22N6O2,414.47
PROPIVERINE,,CCCOC(C(=O)OC1CCN(C)CC1)(c1ccccc1)c1ccccc1,,CHEMBL1078261,C23H29NO3,367.49
ROPIVACAINE,,CCCN1CCCC[C@H]1C(=O)Nc1c(C)cccc1C,,CHEMBL1077896,C17H26N2O,274.41
BENDAZAC,,O=C(O)COc1nn(Cc2ccccc2)c2ccccc12,,CHEMBL1089221,C16H14N2O3,282.30
OPICAPONE,,Cc1c(Cl)c(C)[n+]([O-])c(Cl)c1-c1noc(-c2cc(O)c(O)c([N+](=O)[O-])c2)n1,,CHEMBL1089318,C15H10Cl2N4O6,413.17
TRYPAN BLUE FREE ACID,,Cc1cc(-c2ccc(/N=N/c3c(S(=O)(=O)O)cc4cc(S(=O)(=O)O)cc(N)c4c3O)c(C)c2)ccc1/N=N/c1c(S(=O)(=O)O)cc2cc(S(=O)(=O)O)cc(N)c2c1O,,CHEMBL1089641,C34H28N6O14S4,872.89
INDIGOTINDISULFONATE,,O=C1/C(=C2\Nc3ccc(S(=O)(=O)O)cc3C2=O)Nc2ccc(S(=O)(=O)O)cc21,,CHEMBL1091250,C16H10N2O8S2,422.40
METHYL AMINOLEVULINATE,,COC(=O)CCC(=O)CN,,CHEMBL1096562,C6H11NO3,145.16
FLUDARABINE PHOSPHATE,,Nc1nc(F)nc2c1ncn2[C@@H]1O[C@H](COP(=O)(O)O)[C@@H](O)[C@@H]1O,,CHEMBL1096882,C10H13FN5O7P,365.21
IOTHALAMATE SODIUM,,CNC(=O)c1c(I)c(NC(C)=O)c(I)c(C(=O)[O-])c1I.[Na+],,CHEMBL1097620,C11H8I3N2NaO4,635.90
PIRBUTEROL,,CC(C)(C)NCC(O)c1ccc(O)c(CO)n1,,CHEMBL1094966,C12H20N2O3,240.30
VALRUBICIN,,CCCCC(=O)OCC(=O)[C@]1(O)Cc2c(O)c3c(c(O)c2[C@@H](O[C@H]2C[C@H](NC(=O)C(F)(F)F)[C@H](O)[C@H](C)O2)C1)C(=O)c1c(OC)cccc1C3=O,,CHEMBL1096885,C34H36F3NO13,723.65
NIRAPARIB,,NC(=O)c1cccc2cn(-c3ccc([C@@H]4CCCNC4)cc3)nc12,,CHEMBL1094636,C19H20N4O,320.40
BRETYLIUM TOSYLATE,,CC[N+](C)(C)Cc1ccccc1Br.Cc1ccc(S(=O)(=O)[O-])cc1,,CHEMBL1095292,C18H24BrNO3S,414.37
CEFUROXIME AXETIL,,CO/N=C(\C(=O)N[C@@H]1C(=O)N2C(C(=O)OC(C)OC(C)=O)=C(COC(N)=O)CS[C@H]12)c1ccco1,,CHEMBL1095930,C20H22N4O10S,510.48
2-MERCAPTOETHANESULFONIC ACID,,O=S(=O)(O)CCS,,CHEMBL1098319,C2H6O3S2,142.20
DISTIGMINE BROMIDE,,CN(CCCCCCN(C)C(=O)Oc1ccc[n+](C)c1)C(=O)Oc1ccc[n+](C)c1.[Br-].[Br-],,CHEMBL1098285,C22H32Br2N4O4,576.33
INDACATEROL,,CCc1cc2c(cc1CC)CC(NC[C@H](O)c1ccc(O)c3[nH]c(=O)ccc13)C2,,CHEMBL1095777,C24H28N2O3,392.50
CANGRELOR TETRASODIUM,,CSCCNc1nc(SCCC(F)(F)F)nc2c1ncn2[C@@H]1O[C@H](COP(=O)([O-])OP(=O)([O-])C(Cl)(Cl)P(=O)([O-])[O-])[C@@H](O)[C@H]1O.[Na+].[Na+].[Na+].[Na+],,CHEMBL1097279,C17H21Cl2F3N5Na4O12P3S2,864.29
EPLERENONE,,COC(=O)[C@@H]1CC2=CC(=O)CC[C@]2(C)[C@@]23O[C@@H]2C[C@@]2(C)[C@@H](CC[C@@]24CCC(=O)O4)[C@H]13,,CHEMBL1095097,C24H30O6,414.50
WATER,,O,,CHEMBL1098659,H2O,18.02
PONESIMOD,,CCC/N=C1\S/C(=C\c2ccc(OC[C@H](O)CO)c(Cl)c2)C(=O)N1c1ccccc1C,,CHEMBL1096146,C23H25ClN2O4S,460.98
SUVOREXANT,,Cc1ccc(-n2nccn2)c(C(=O)N2CCN(c3nc4cc(Cl)ccc4o3)CC[C@H]2C)c1,,CHEMBL1083659,C23H23ClN6O2,450.93
CLOPIDOGREL BISULFATE,,COC(=O)[C@H](c1ccccc1Cl)N1CCc2sccc2C1.O=S(=O)(O)O,,CHEMBL1083385,C16H18ClNO6S2,419.91
AMIODARONE HYDROCHLORIDE,,CCCCc1oc2ccccc2c1C(=O)c1cc(I)c(OCCN(CC)CC)c(I)c1.Cl,,CHEMBL1083993,C25H30ClI2NO3,681.78
TRICLABENDAZOLE,,CSc1nc2cc(Cl)c(Oc3cccc(Cl)c3Cl)cc2[nH]1,,CHEMBL1086440,C14H9Cl3N2OS,359.67
ENZALUTAMIDE,,CNC(=O)c1ccc(N2C(=S)N(c3ccc(C#N)c(C(F)(F)F)c3)C(=O)C2(C)C)cc1F,,CHEMBL1082407,C21H16F4N4O2S,464.44
SALMETEROL XINAFOATE,,O=C(O)c1ccc2ccccc2c1O.OCc1cc(C(O)CNCCCCCCOCCCCc2ccccc2)ccc1O,,CHEMBL1082607,C36H45NO7,603.76
VILANTEROL TRIFENATATE,,O=C(O)C(c1ccccc1)(c1ccccc1)c1ccccc1.OCc1cc([C@@H](O)CNCCCCCCOCCOCc2c(Cl)cccc2Cl)ccc1O,,CHEMBL1084172,C44H49Cl2NO7,774.78
CLOBETASOL PROPIONATE,,CCC(=O)O[C@]1(C(=O)CCl)[C@@H](C)C[C@H]2[C@@H]3CCC4=CC(=O)C=C[C@]4(C)[C@@]3(F)[C@@H](O)C[C@@]21C,,CHEMBL1159650,C25H32ClFO5,466.98
"AMMONIA SOLUTION, STRONG",,N,,CHEMBL1160819,H3N,17.03
NITROUS ACID,,O=NO,,CHEMBL1161681,HNO2,47.01
VINCAMINE,,CC[C@]12CCCN3CCc4c(n(c5ccccc45)[C@@](O)(C(=O)OC)C1)[C@@H]32,,CHEMBL1165342,C21H26N2O3,354.45
IODIPAMIDE,,O=C(CCCCC(=O)Nc1c(I)cc(I)c(C(=O)O)c1I)Nc1c(I)cc(I)c(C(=O)O)c1I,,CHEMBL1165268,C20H14I6N2O6,1139.76
FEBUXOSTAT,,Cc1nc(-c2ccc(OCC(C)C)c(C#N)c2)sc1C(=O)O,,CHEMBL1164729,C16H16N2O3S,316.38
PONATINIB,,Cc1ccc(C(=O)Nc2ccc(CN3CCN(C)CC3)c(C(F)(F)F)c2)cc1C#Cc1cnc2cccnn12,,CHEMBL1171837,C29H27F3N6O,532.57
AFATINIB,,CN(C)C/C=C/C(=O)Nc1cc2c(Nc3ccc(F)c(Cl)c3)ncnc2cc1O[C@H]1CCOC1,,CHEMBL1173655,C24H25ClFN5O3,485.95
RUCAPARIB,,CNCc1ccc(-c2[nH]c3cc(F)cc4c3c2CCNC4=O)cc1,,CHEMBL1173055,C19H18FN3O,323.37
CHLOROPROCAINE,,CCN(CC)CCOC(=O)c1ccc(N)cc1Cl,,CHEMBL1179047,C13H19ClN2O2,270.76
PROPANTHELINE,,CC(C)[N+](C)(CCOC(=O)C1c2ccccc2Oc2ccccc21)C(C)C,,CHEMBL1180725,C23H30NO3+,368.50
MIVACURIUM,,COc1cc2c(cc1OC)[C@@H](Cc1cc(OC)c(OC)c(OC)c1)[N+](C)(CCCOC(=O)CC/C=C/CCC(=O)OCCC[N+]1(C)CCc3cc(OC)c(OC)cc3[C@H]1Cc1cc(OC)c(OC)c(OC)c1)CC2,,CHEMBL1182833,C58H80N2O14+2,1029.28
ISAVUCONAZONIUM,,CNCC(=O)OCc1cccnc1N(C)C(=O)OC(C)[n+]1cnn(C[C@](O)(c2cc(F)ccc2F)[C@@H](C)c2nc(-c3ccc(C#N)cc3)cs2)c1,,CHEMBL1183349,C35H35F2N8O5S+,717.78
ALMITRINE,,C=CCNc1nc(NCC=C)nc(N2CCN(C(c3ccc(F)cc3)c3ccc(F)cc3)CC2)n1,,CHEMBL1183717,C26H29F2N7,477.56
DIAMTHAZOLE,,CCN(CC)CCOc1ccc2nc(N(C)C)sc2c1,,CHEMBL1184360,C15H23N3OS,293.44
DITHIAZANINE,,CCN1C(=CC=CC=Cc2sc3ccccc3[n+]2CC)Sc2ccccc21,,CHEMBL1185568,C23H23N2S2+,391.59
METHYLNALTREXONE,,C[N+]1(CC2CC2)CC[C@]23c4c5ccc(O)c4O[C@H]2C(=O)CC[C@@]3(O)[C@H]1C5,,CHEMBL1186579,C21H26NO4+,356.44
ANISOTROPINE,,CCCC(CCC)C(=O)O[C@H]1C[C@H]2CC[C@@H](C1)[N+]2(C)C,,CHEMBL1186610,C17H32NO2+,282.45
UMECLIDINIUM,,OC(c1ccccc1)(c1ccccc1)C12CC[N+](CCOCc3ccccc3)(CC1)CC2,,CHEMBL1187833,C29H34NO2+,428.60
OLOPATADINE,,CN(C)CC/C=C1/c2ccccc2COc2ccc(CC(=O)O)cc21,,CHEMBL1189432,C21H23NO3,337.42
PALONOSETRON,,O=C1c2cccc3c2[C@H](CCC3)CN1[C@@H]1CN2CCC1CC2,,CHEMBL1189679,C19H24N2O,296.41
ACLIDINIUM,,O=C(O[C@H]1C[N+]2(CCCOc3ccccc3)CCC1CC2)C(O)(c1cccs1)c1cccs1,,CHEMBL1194325,C26H30NO4S2+,484.66
DIETHYLPROPION,,CCN(CC)C(C)C(=O)c1ccccc1,,CHEMBL1194666,C13H19NO,205.30
VILANTEROL,,OCc1cc([C@@H](O)CNCCCCCCOCCOCc2c(Cl)cccc2Cl)ccc1O,,CHEMBL1198857,C24H33Cl2NO5,486.44
BRETYLIUM,,CC[N+](C)(C)Cc1ccccc1Br,,CHEMBL1199080,C11H17BrN+,243.17
DISTIGMINE,,CN(CCCCCCN(C)C(=O)Oc1ccc[n+](C)c1)C(=O)Oc1ccc[n+](C)c1,,CHEMBL1199307,C22H32N4O4+2,416.52
FOSAPREPITANT,,C[C@@H](O[C@H]1OCCN(Cc2nn(P(=O)(O)O)c(=O)[nH]2)[C@H]1c1ccc(F)cc1)c1cc(C(F)(F)F)cc(C(F)(F)F)c1,,CHEMBL1199324,C23H22F7N4O6P,614.41
SULFISOXAZOLE DIOLAMINE,,Cc1noc(NS(=O)(=O)c2ccc(N)cc2)c1C.OCCNCCO,,CHEMBL1200321,C15H24N4O5S,372.45
ESCITALOPRAM OXALATE,,CN(C)CCC[C@@]1(c2ccc(F)cc2)OCc2cc(C#N)ccc21.O=C(O)C(=O)O,,CHEMBL1200322,C22H23FN2O5,414.43
LABETALOL HYDROCHLORIDE,,CC(CCc1ccccc1)NCC(O)c1ccc(O)c(C(N)=O)c1.Cl,,CHEMBL1200323,C19H25ClN2O3,364.87
NICARDIPINE HYDROCHLORIDE,,COC(=O)C1=C(C)NC(C)=C(C(=O)OCCN(C)Cc2ccccc2)C1c1cccc([N+](=O)[O-])c1.Cl,,CHEMBL1200326,C26H30ClN3O6,515.99
DULOXETINE HYDROCHLORIDE,,CNCC[C@H](Oc1cccc2ccccc12)c1cccs1.Cl,,CHEMBL1200328,C18H20ClNOS,333.88
TIZANIDINE HYDROCHLORIDE,,Cl.Clc1ccc2nsnc2c1NC1=NCCN1,,CHEMBL1200329,C9H9Cl2N5S,290.18
PILOCARPINE HYDROCHLORIDE,,CC[C@@H]1C(=O)OC[C@@H]1Cc1cncn1C.Cl,,CHEMBL1200330,C11H17ClN2O2,244.72
FOSFOMYCIN TROMETHAMINE,,C[C@@H]1O[C@@H]1P(=O)(O)O.NC(CO)(CO)CO,,CHEMBL1200331,C7H18NO7P,259.19
PROTRIPTYLINE HYDROCHLORIDE,,CNCCCC1c2ccccc2C=Cc2ccccc21.Cl,,CHEMBL1200332,C19H22ClN,299.85
MORICIZINE HYDROCHLORIDE,,CCOC(=O)Nc1ccc2c(c1)N(C(=O)CCN1CCOCC1)c1ccccc1S2.Cl,,CHEMBL1200334,C22H26ClN3O4S,463.99
TESTOSTERONE ENANTHATE,,CCCCCCC(=O)O[C@H]1CC[C@H]2[C@@H]3CCC4=CC(=O)CC[C@]4(C)[C@H]3CC[C@]12C,,CHEMBL1200335,C26H40O3,400.60
PINACIDIL,,CC(N/C(=N\C#N)Nc1ccncc1)C(C)(C)C.O,,CHEMBL1200338,C13H21N5O,263.35
PHENYLEPHRINE HYDROCHLORIDE,,CNC[C@H](O)c1cccc(O)c1.Cl,,CHEMBL1200339,C9H14ClNO2,203.67
OSELTAMIVIR PHOSPHATE,,CCOC(=O)C1=C[C@@H](OC(CC)CC)[C@H](NC(C)=O)[C@@H](N)C1.O=P(O)(O)O,,CHEMBL1200340,C16H31N2O8P,410.40
INDECAINIDE HYDROCHLORIDE,,CC(C)NCCCC1(C(N)=O)c2ccccc2-c2ccccc21.Cl,,CHEMBL1200341,C20H25ClN2O,344.89
PARAMETHASONE ACETATE,,CC(=O)OCC(=O)[C@@]1(O)[C@H](C)C[C@H]2[C@@H]3C[C@H](F)C4=CC(=O)C=C[C@]4(C)[C@H]3[C@@H](O)C[C@@]21C,,CHEMBL1200342,C24H31FO6,434.50
PERINDOPRIL ERBUMINE,,CC(C)(C)N.CCC[C@H](N[C@@H](C)C(=O)N1[C@H](C(=O)O)C[C@@H]2CCCC[C@@H]21)C(=O)OCC,,CHEMBL1200343,C23H43N3O5,441.61
SODIUM SUCCINATE,,O=C([O-])CCC(=O)O.[Na+],,CHEMBL1200345,C4H5NaO4,140.07
ISOPROPAMIDE IODIDE,,CC(C)[N+](C)(CCC(C(N)=O)(c1ccccc1)c1ccccc1)C(C)C.[I-],,CHEMBL1200347,C23H33IN2O,480.43
SULCONAZOLE NITRATE,,Clc1ccc(CSC(Cn2ccnc2)c2ccc(Cl)cc2Cl)cc1.O=[N+]([O-])O,,CHEMBL1200348,C18H16Cl3N3O3S,460.77
IODIPAMIDE SODIUM,,O=C(CCCCC(=O)Nc1c(I)cc(I)c(C(=O)[O-])c1I)Nc1c(I)cc(I)c(C(=O)[O-])c1I.[Na+].[Na+],,CHEMBL1200350,C20H12I6N2Na2O6,1183.73
SULFADIAZINE SODIUM,,Nc1ccc(S(=O)(=O)[N-]c2ncccn2)cc1.[Na+],,CHEMBL1200351,C10H9N4NaO2S,272.26
MEGLUMINE METRIZOATE,,CC(=O)Nc1c(I)c(C(=O)O)c(I)c(N(C)C(C)=O)c1I.CNC[C@H](O)[C@@H](O)[C@H](O)[C@H](O)CO,,CHEMBL1200353,C19H28I3N3O9,823.16
SODIUM TETRADECYL SULFATE,,CCCCC(CC)CCC(CC(C)C)OS(=O)(=O)[O-].[Na+],,CHEMBL1200354,C14H29NaO4S,316.44
CYCLACILLIN,,CC1(C)S[C@@H]2[C@H](NC(=O)C3(N)CCCCC3)C(=O)N2[C@H]1C(=O)O,,CHEMBL1200356,C15H23N3O4S,341.43
MOXALACTAM DISODIUM,,CO[C@@]1(NC(=O)C(C(=O)[O-])c2ccc(O)cc2)C(=O)N2C(C(=O)[O-])=C(CSc3nnnn3C)CO[C@@H]21.[Na+].[Na+],,CHEMBL1200357,C20H18N6Na2O9S,564.44
SODIUM PHENYLACETATE,,O=C([O-])Cc1ccccc1.[Na+],,CHEMBL1200358,C8H7NaO2,158.13
SULFAMETER,,COc1cnc(NS(=O)(=O)c2ccc(N)cc2)nc1,,CHEMBL1200359,C11H12N4O3S,280.31
IOFETAMINE HYDROCHLORIDE I 123,,CC(C)NC(C)Cc1ccc([123I])cc1.Cl,,CHEMBL1200360,C12H19ClIN,335.65
AMINOHIPPURATE SODIUM,,Nc1ccc(C(=O)NCC(=O)[O-])cc1.[Na+],,CHEMBL1200365,C9H9N2NaO3,216.17
CEPHALEXIN HYDROCHLORIDE,,CC1=C(C(=O)O)N2C(=O)[C@@H](NC(=O)[C@H](N)c3ccccc3)[C@H]2SC1.Cl.O,,CHEMBL1200366,C16H20ClN3O5S,401.87
ECHOTHIOPHATE IODIDE,,CCOP(=O)(OCC)SCC[N+](C)(C)C.[I-],,CHEMBL1200367,C9H23INO3PS,383.23
BENTIROMIDE,,O=C(O)c1ccc(NC(=O)[C@H](Cc2ccc(O)cc2)NC(=O)c2ccccc2)cc1,,CHEMBL1200368,C23H20N2O5,404.42
BENZOYL PEROXIDE,,O=C(OOC(=O)c1ccccc1)c1ccccc1,,CHEMBL1200370,C14H10O4,242.23
EXEMESTANE,,C=C1C[C@@H]2[C@H](CC[C@]3(C)C(=O)CC[C@@H]23)[C@@]2(C)C=CC(=O)C=C12,,CHEMBL1200374,C20H24O2,296.41
EDETATE CALCIUM DISODIUM ANHYDROUS,,O=C([O-])CN(CCN(CC(=O)[O-])CC(=O)[O-])CC(=O)[O-].[Ca+2].[Na+].[Na+],,CHEMBL1200375,C10H12CaN2Na2O8,374.27
BETAMETHASONE BENZOATE,,C[C@H]1C[C@H]2[C@@H]3CCC4=CC(=O)C=C[C@]4(C)[C@@]3(F)[C@@H](O)C[C@]2(C)[C@@]1(OC(=O)c1ccccc1)C(=O)CO,,CHEMBL1200376,C29H33FO6,496.58
AMPHETAMINE ASPARTATE,,CC(N)Cc1ccccc1.NC(CC(=O)O)C(=O)O,,CHEMBL1200377,C13H20N2O4,268.31
APRACLONIDINE HYDROCHLORIDE,,Cl.Nc1cc(Cl)c(N=C2NCCN2)c(Cl)c1,,CHEMBL1200379,C9H11Cl3N4,281.57
ACYCLOVIR SODIUM,,Nc1nc([O-])c2ncn(COCCO)c2n1.[Na+],,CHEMBL1200380,C8H10N5NaO3,247.19
ARGININE HYDROCHLORIDE,,Cl.N=C(N)NCCC[C@H](N)C(=O)O,,CHEMBL1200381,C6H15ClN4O2,210.66
BEPRIDIL HYDROCHLORIDE,,CC(C)COCC(CN(Cc1ccccc1)c1ccccc1)N1CCCC1.Cl.O,,CHEMBL1200382,C24H37ClN2O2,421.03
BENZTROPINE MESYLATE,,CN1[C@@H]2CC[C@H]1C[C@@H](OC(c1ccccc1)c1ccccc1)C2.CS(=O)(=O)O,,CHEMBL1200383,C22H29NO4S,403.54
BETAMETHASONE DIPROPIONATE,,CCC(=O)OCC(=O)[C@@]1(OC(=O)CC)[C@@H](C)C[C@H]2[C@@H]3CCC4=CC(=O)C=C[C@]4(C)[C@@]3(F)[C@@H](O)C[C@@]21C,,CHEMBL1200384,C28H37FO7,504.60
ARBUTAMINE HYDROCHLORIDE,,Cl.Oc1ccc(CCCCNC[C@H](O)c2ccc(O)c(O)c2)cc1,,CHEMBL1200385,C18H24ClNO4,353.85
PREDNICARBATE,,CCOC(=O)O[C@]1(C(=O)COC(=O)CC)CC[C@H]2[C@@H]3CCC4=CC(=O)C=C[C@]4(C)[C@H]3[C@@H](O)C[C@@]21C,,CHEMBL1200386,C27H36O8,488.58
AMPHETAMINE ADIPATE,,CC(N)Cc1ccccc1.O=C(O)CCCCC(=O)O,,CHEMBL1200387,C15H23NO4,281.35
CLOXACILLIN SODIUM,,Cc1onc(-c2ccccc2Cl)c1C(=O)N[C@@H]1C(=O)N2[C@@H]1SC(C)(C)[C@@H]2C(=O)[O-].O.[Na+],,CHEMBL1200388,C19H19ClN3NaO6S,475.89
BRIMONIDINE TARTRATE,,Brc1c(NC2=NCCN2)ccc2nccnc12.O=C(O)[C@H](O)[C@@H](O)C(=O)O,,CHEMBL1200389,C15H16BrN5O6,442.23
TROMETHAMINE,,NC(CO)(CO)CO,,CHEMBL1200391,C4H11NO3,121.14
DOXYLAMINE SUCCINATE,,CN(C)CCOC(C)(c1ccccc1)c1ccccn1.O=C(O)CCC(=O)O,,CHEMBL1200392,C21H28N2O5,388.46
GREPAFLOXACIN HYDROCHLORIDE,,Cc1c(F)c(N2CCNC(C)C2)cc2c1c(=O)c(C(=O)O)cn2C1CC1.Cl,,CHEMBL1200393,C19H23ClFN3O3,395.86
ORPHENADRINE CITRATE,,Cc1ccccc1C(OCCN(C)C)c1ccccc1.O=C(O)CC(O)(CC(=O)O)C(=O)O,,CHEMBL1200395,C24H31NO8,461.51
BUPIVACAINE HYDROCHLORIDE,,CCCCN1CCCCC1C(=O)Nc1c(C)cccc1C.Cl,,CHEMBL1200396,C18H29ClN2O,324.90
BUTENAFINE HYDROCHLORIDE,,CN(Cc1ccc(C(C)(C)C)cc1)Cc1cccc2ccccc12.Cl,,CHEMBL1200397,C23H28ClN,353.94
BUTOCONAZOLE NITRATE,,Clc1ccc(CCC(Cn2ccnc2)Sc2c(Cl)cccc2Cl)cc1.O=[N+]([O-])O,,CHEMBL1200398,C19H18Cl3N3O3S,474.80
BUSPIRONE HYDROCHLORIDE,,Cl.O=C1CC2(CCCC2)CC(=O)N1CCCCN1CCN(c2ncccn2)CC1,,CHEMBL1200399,C21H32ClN5O2,421.97
AZATHIOPRINE SODIUM,,Cn1cnc([N+](=O)[O-])c1Sc1ncnc2nc[n-]c12.[Na+],,CHEMBL1200400,C9H6N7NaO2S,299.25
AMLODIPINE BESYLATE,,CCOC(=O)C1=C(COCCN)NC(C)=C(C(=O)OC)C1c1ccccc1Cl.O=S(=O)(O)c1ccccc1,,CHEMBL1200402,C26H31ClN2O8S,567.06
BITOLTEROL MESYLATE,,CS(=O)(=O)O.Cc1ccc(C(=O)Oc2ccc(C(O)CNC(C)(C)C)cc2OC(=O)c2ccc(C)cc2)cc1,,CHEMBL1200405,C29H35NO8S,557.67
DIMENHYDRINATE,,CN(C)CCOC(c1ccccc1)c1ccccc1.Cn1c(=O)c2[nH]c(Cl)nc2n(C)c1=O,,CHEMBL1200406,C24H28ClN5O3,469.97
LIDOCAINE HYDROCHLORIDE,,CCN(CC)CC(=O)Nc1c(C)cccc1C.Cl.O,,CHEMBL1200409,C14H25ClN2O2,288.82
PROCARBAZINE HYDROCHLORIDE,,CNNCc1ccc(C(=O)NC(C)C)cc1.Cl,,CHEMBL1200410,C12H20ClN3O,257.76
ROPINIROLE HYDROCHLORIDE,,CCCN(CCC)CCc1cccc2c1CC(=O)N2.Cl,,CHEMBL1200411,C16H25ClN2O,296.84
NANDROLONE PHENPROPIONATE,,C[C@]12CC[C@H]3[C@@H](CCC4=CC(=O)CC[C@@H]43)[C@@H]1CC[C@@H]2OC(=O)CCc1ccccc1,,CHEMBL1200412,C27H34O3,406.57
TETRAHYDROZOLINE HYDROCHLORIDE,,Cl.c1ccc2c(c1)CCCC2C1=NCCN1,,CHEMBL1200413,C13H17ClN2,236.75
DOBUTAMINE HYDROCHLORIDE,,CC(CCc1ccc(O)cc1)NCCc1ccc(O)c(O)c1.Cl,,CHEMBL1200418,C18H24ClNO3,337.85
MOLINDONE HYDROCHLORIDE,,CCc1c(C)[nH]c2c1C(=O)C(CN1CCOCC1)CC2.Cl,,CHEMBL1200419,C16H25ClN2O2,312.84
MIDAZOLAM HYDROCHLORIDE,,Cc1ncc2n1-c1ccc(Cl)cc1C(c1ccccc1F)=NC2.Cl,,CHEMBL1200420,C18H14Cl2FN3,362.24
METRIZOATE SODIUM,,CC(=O)Nc1c(I)c(C(=O)[O-])c(I)c(N(C)C(C)=O)c1I.[Na+],,CHEMBL1200423,C12H10I3N2NaO4,649.92
PENTETATE ZINC TRISODIUM,,O=C([O-])CN(CCN(CC(=O)[O-])CC(=O)[O-])CCN(CC(=O)[O-])CC(=O)[O-].[Na+].[Na+].[Na+].[Zn+2],,CHEMBL1200424,C14H18N3Na3O10Zn,522.67
PARGYLINE HYDROCHLORIDE,,C#CCN(C)Cc1ccccc1.Cl,,CHEMBL1200425,C11H14ClN,195.69
METHIXENE HYDROCHLORIDE,,CN1CCCC(CC2c3ccccc3Sc3ccccc32)C1.Cl.O,,CHEMBL1200426,C20H26ClNOS,363.95
ESTRADIOL ACETATE,,CC(=O)Oc1ccc2c(c1)CC[C@@H]1[C@@H]2CC[C@]2(C)[C@@H](O)CC[C@@H]12,,CHEMBL1200430,C20H26O3,314.43
METHYLDOPATE HYDROCHLORIDE,,CCOC(=O)[C@@](C)(N)Cc1ccc(O)c(O)c1.Cl,,CHEMBL1200432,C12H18ClNO4,275.73
OXTRIPHYLLINE,,C[N+](C)(C)CCO.Cn1c(=O)c2[n-]cnc2n(C)c1=O,,CHEMBL1200434,C12H21N5O3,283.33
OXANDROLONE,,C[C@]12COC(=O)C[C@@H]1CC[C@@H]1[C@@H]2CC[C@@]2(C)[C@H]1CC[C@]2(C)O,,CHEMBL1200436,C19H30O3,306.45
QUINIDINE GLUCONATE,,C=C[C@H]1CN2CC[C@H]1C[C@@H]2[C@@H](O)c1ccnc2ccc(OC)cc12.O=C(O)[C@H](O)[C@@H](O)[C@H](O)[C@H](O)CO,,CHEMBL1200437,C26H36N2O9,520.58
TIOCONAZOLE,,Clc1ccc(C(Cn2ccnc2)OCc2ccsc2Cl)c(Cl)c1,,CHEMBL1200438,C16H13Cl3N2OS,387.72
IODOHIPPURATE SODIUM I 123,,O=C([O-])CNC(=O)c1ccccc1[123I].[Na+],,CHEMBL1200439,C9H7INNaO3,323.05
MEPIVACAINE HYDROCHLORIDE,,Cc1cccc(C)c1NC(=O)C1CCCCN1C.Cl,,CHEMBL1200440,C15H23ClN2O,282.82
PIRBUTEROL ACETATE,,CC(=O)O.CC(C)(C)NCC(O)c1ccc(O)c(CO)n1,,CHEMBL1200444,C14H24N2O5,300.36
TRIPELENNAMINE HYDROCHLORIDE,,CN(C)CCN(Cc1ccccc1)c1ccccn1.Cl,,CHEMBL1200446,C16H22ClN3,291.83
TILUDRONATE DISODIUM,,O=P([O-])(O)C(Sc1ccc(Cl)cc1)P(=O)([O-])O.[Na+].[Na+],,CHEMBL1200448,C7H7ClNa2O6P2S,362.58
TRIAMCINOLONE DIACETATE,,CC(=O)OCC(=O)[C@@]1(O)[C@H](OC(C)=O)C[C@H]2[C@@H]3CCC4=CC(=O)C=C[C@]4(C)[C@@]3(F)[C@@H](O)C[C@@]21C,,CHEMBL1200449,C25H31FO8,478.51
DOCOSANOL,,CCCCCCCCCCCCCCCCCCCCCCO,,CHEMBL1200453,C22H46O,326.61
VALGANCICLOVIR HYDROCHLORIDE,,CC(C)[C@H](N)C(=O)OCC(CO)OCn1cnc2c(=O)nc(N)[nH]c21.Cl,,CHEMBL1200454,C14H23ClN6O5,390.83
IOHEXOL,,CC(=O)N(CC(O)CO)c1c(I)c(C(=O)NCC(O)CO)c(I)c(C(=O)NCC(O)CO)c1I,,CHEMBL1200455,C19H26I3N3O9,821.14
POTASSIUM CITRATE ANHYDROUS,,O=C([O-])CC(O)(CC(=O)[O-])C(=O)[O-].[K+].[K+].[K+],,CHEMBL1200458,C6H5K3O7,306.39
"POTASSIUM PHOSPHATE, DIBASIC",,O=P([O-])([O-])O.[K+].[K+],,CHEMBL1200459,HK2O4P,174.17
MIDODRINE HYDROCHLORIDE,,COc1ccc(OC)c(C(O)CNC(=O)CN)c1.Cl,,CHEMBL1200461,C12H19ClN2O4,290.75
OXAPROZIN POTASSIUM,,O=C([O-])CCc1nc(-c2ccccc2)c(-c2ccccc2)o1.[K+],,CHEMBL1200463,C18H14KNO3,331.41
PROPARACAINE HYDROCHLORIDE,,CCCOc1ccc(C(=O)OCCN(CC)CC)cc1N.Cl,,CHEMBL1200464,C16H27ClN2O3,330.86
HYDROXYZINE PAMOATE,,O=C(O)c1cc2ccccc2c(Cc2c(O)c(C(=O)O)cc3ccccc23)c1O.OCCOCCN1CCN(C(c2ccccc2)c2ccc(Cl)cc2)CC1,,CHEMBL1200467,C44H43ClN2O8,763.29
MALATHION,,CCOC(=O)CC(SP(=S)(OC)OC)C(=O)OCC,,CHEMBL1200468,C10H19O6PS2,330.36
PROMAZINE HYDROCHLORIDE,,CN(C)CCCN1c2ccccc2Sc2ccccc21.Cl,,CHEMBL1200469,C17H21ClN2S,320.89
ESOMEPRAZOLE SODIUM,,COc1ccc2[n-]c([S@@+]([O-])Cc3ncc(C)c(OC)c3C)nc2c1.[Na+],,CHEMBL1200470,C17H18N3NaO3S,367.41
PYRITHIONE ZINC,,[O-][n+]1ccccc1[S-].[O-][n+]1ccccc1[S-].[Zn+2],,CHEMBL1200471,C10H8N2O2S2Zn,317.71
QUAZEPAM,,Fc1ccccc1C1=NCC(=S)N(CC(F)(F)F)c2ccc(Cl)cc21,,CHEMBL1200472,C17H11ClF4N2S,386.80
CYCLOPENTOLATE HYDROCHLORIDE,,CN(C)CCOC(=O)C(c1ccccc1)C1(O)CCCC1.Cl,,CHEMBL1200473,C17H26ClNO3,327.85
DEMECLOCYCLINE HYDROCHLORIDE,,CN(C)[C@@H]1C(O)=C(C(N)=O)C(=O)[C@@]2(O)C(O)=C3C(=O)c4c(O)ccc(Cl)c4[C@@H](O)[C@H]3C[C@@H]12.Cl,,CHEMBL1200474,C21H22Cl2N2O8,501.32
DAUNORUBICIN CITRATE,,COc1cccc2c1C(=O)c1c(O)c3c(c(O)c1C2=O)C[C@@](O)(C(C)=O)C[C@@H]3O[C@H]1C[C@H](N)[C@H](O)[C@H](C)O1.O=C(O)CC(O)(CC(=O)O)C(=O)O,,CHEMBL1200475,C33H37NO17,719.65
ALLOPURINOL SODIUM,,O=c1[n-]cnc2[nH]ncc12.[Na+],,CHEMBL1200477,C5H3N4NaO,158.10
DYCLONINE HYDROCHLORIDE,,CCCCOc1ccc(C(=O)CCN2CCCCC2)cc1.Cl,,CHEMBL1200478,C18H28ClNO2,325.88
DICYCLOMINE HYDROCHLORIDE,,CCN(CC)CCOC(=O)C1(C2CCCCC2)CCCCC1.Cl,,CHEMBL1200479,C19H36ClNO2,345.96
OCTREOTIDE ACETATE,,CC(=O)O.C[C@@H](O)[C@@H]1NC(=O)[C@H](CCCCN)NC(=O)[C@@H](Cc2c[nH]c3ccccc23)NC(=O)[C@H](Cc2ccccc2)NC(=O)[C@@H](NC(=O)[C@H](N)Cc2ccccc2)CSSC[C@@H](C(=O)N[C@H](CO)[C@@H](C)O)NC1=O,,CHEMBL1200480,C51H70N10O12S2,1079.31
CEFOPERAZONE SODIUM,,CCN1CCN(C(=O)N[C@@H](C(=O)N[C@@H]2C(=O)N3C(C(=O)[O-])=C(CSc4nnnn4C)CS[C@H]23)c2ccc(O)cc2)C(=O)C1=O.[Na+],,CHEMBL1200482,C25H26N9NaO8S2,667.66
PHENMETRAZINE HYDROCHLORIDE,,CC1NCCOC1c1ccccc1.Cl,,CHEMBL1200483,C11H16ClNO,213.71
SORAFENIB TOSYLATE,,CNC(=O)c1cc(Oc2ccc(NC(=O)Nc3ccc(Cl)c(C(F)(F)F)c3)cc2)ccn1.Cc1ccc(S(=O)(=O)O)cc1,,CHEMBL1200485,C28H24ClF3N4O6S,637.04
ETHACRYNATE SODIUM,,C=C(CC)C(=O)c1ccc(OCC(=O)[O-])c(Cl)c1Cl.[Na+],,CHEMBL1200487,C13H11Cl2NaO4,325.12
CETRORELIX,,CC(=O)N[C@H](Cc1ccc2ccccc2c1)C(=O)N[C@H](Cc1ccc(Cl)cc1)C(=O)N[C@H](Cc1cccnc1)C(=O)N[C@@H](CO)C(=O)N[C@@H](Cc1ccc(O)cc1)C(=O)N[C@H](CCCNC(N)=O)C(=O)N[C@@H](CC(C)C)C(=O)N[C@@H](CCCNC(=N)N)C(=O)N1CCC[C@H]1C(=O)N[C@H](C)C(N)=O,,CHEMBL1200490,C70H92ClN17O14,1431.06
EPINASTINE HYDROCHLORIDE,,Cl.NC1=NCC2c3ccccc3Cc3ccccc3N12,,CHEMBL1200491,C16H16ClN3,285.78
NEFAZODONE HYDROCHLORIDE,,CCc1nn(CCCN2CCN(c3cccc(Cl)c3)CC2)c(=O)n1CCOc1ccccc1.Cl,,CHEMBL1200492,C25H33Cl2N5O2,506.48
NAFTIFINE HYDROCHLORIDE,,CN(C/C=C/c1ccccc1)Cc1cccc2ccccc12.Cl,,CHEMBL1200493,C21H22ClN,323.87
GUANFACINE HYDROCHLORIDE,,Cl.N=C(N)NC(=O)Cc1c(Cl)cccc1Cl,,CHEMBL1200494,C9H10Cl3N3O,282.56
HYDROCORTISONE SODIUM SUCCINATE,,C[C@]12CCC(=O)C=C1CC[C@@H]1[C@@H]2[C@@H](O)C[C@@]2(C)[C@H]1CC[C@]2(O)C(=O)COC(=O)CCC(=O)[O-].[Na+],,CHEMBL1200495,C25H33NaO8,484.52
CALCIUM,,[Ca],,CHEMBL1200496,Ca,40.08
CYCLIZINE LACTATE,,CC(O)C(=O)O.CN1CCN(C(c2ccccc2)c2ccccc2)CC1,,CHEMBL1200497,C21H28N2O3,356.47
ALATROFLOXACIN MESYLATE,,CS(=O)(=O)O.C[C@H](N)C(=O)N[C@@H](C)C(=O)N[C@H]1[C@@H]2CN(c3nc4c(cc3F)c(=O)c(C(=O)O)cn4-c3ccc(F)cc3F)C[C@@H]21,,CHEMBL1200498,C27H29F3N6O8S,654.62
BECLOMETHASONE DIPROPIONATE,,CCC(=O)OCC(=O)[C@@]1(OC(=O)CC)[C@@H](C)C[C@H]2[C@@H]3CCC4=CC(=O)C=C[C@]4(C)[C@@]3(Cl)[C@@H](O)C[C@@]21C,,CHEMBL1200500,C28H37ClO7,521.05
GOSERELIN ACETATE,,CC(=O)O.CC(C)C[C@H](NC(=O)[C@@H](COC(C)(C)C)NC(=O)[C@H](Cc1ccc(O)cc1)NC(=O)[C@H](CO)NC(=O)[C@H](Cc1c[nH]c2ccccc12)NC(=O)[C@H](Cc1cnc[nH]1)NC(=O)[C@@H]1CCC(=O)N1)C(=O)N[C@@H](CCCNC(=N)N)C(=O)N1CCC[C@H]1C(=O)NNC(N)=O,,CHEMBL1200501,C61H88N18O16,1329.48
BROMOCRIPTINE MESYLATE,,CC(C)C[C@H]1C(=O)N2CCC[C@H]2[C@]2(O)O[C@](NC(=O)[C@@H]3C=C4c5cccc6[nH]c(Br)c(c56)C[C@H]4N(C)C3)(C(C)C)C(=O)N12.CS(=O)(=O)O,,CHEMBL1200503,C33H44BrN5O8S,750.71
ERYTHROMYCIN LACTOBIONATE,,CC[C@H]1OC(=O)[C@H](C)[C@@H](O[C@H]2C[C@@](C)(OC)[C@@H](O)[C@H](C)O2)[C@H](C)[C@@H](O[C@@H]2O[C@H](C)C[C@H](N(C)C)[C@H]2O)[C@](C)(O)C[C@@H](C)C(=O)[C@H](C)[C@@H](O)[C@]1(C)O.O=C(O)[C@H](O)[C@@H](O)[C@H](O[C@@H]1O[C@H](CO)[C@H](O)[C@H](O)[C@H]1O)[C@H](O)CO,,CHEMBL1200506,C49H89NO25,1092.23
IODIXANOL,,CC(=O)N(CC(O)CN(C(C)=O)c1c(I)c(C(=O)NCC(O)CO)c(I)c(C(=O)NCC(O)CO)c1I)c1c(I)c(C(=O)NCC(O)CO)c(I)c(C(=O)NCC(O)CO)c1I,,CHEMBL1200507,C35H44I6N6O15,1550.19
IOXAGLATE MEGLUMINE,,CNC(=O)c1c(I)c(C(=O)NCC(=O)Nc2c(I)c(C(=O)O)c(I)c(C(=O)NCCO)c2I)c(I)c(N(C)C(C)=O)c1I.CNC[C@H](O)[C@@H](O)[C@H](O)[C@H](O)CO,,CHEMBL1200508,C31H38I6N6O13,1464.10
HISTRELIN ACETATE,,CC(=O)O.CCNC(=O)[C@@H]1CCCN1C(=O)[C@H](CCCNC(=N)N)NC(=O)[C@H](CC(C)C)NC(=O)[C@@H](Cc1cn(Cc2ccccc2)cn1)NC(=O)[C@H](Cc1ccc(O)cc1)NC(=O)[C@H](CO)NC(=O)[C@H](Cc1c[nH]c2ccccc12)NC(=O)[C@H](Cc1cnc[nH]1)NC(=O)[C@@H]1CCC(=O)N1,,CHEMBL1200509,C68H90N18O14,1383.58
ERYTHROMYCIN STEARATE,,CCCCCCCCCCCCCCCCCC(=O)O.CC[C@H]1OC(=O)[C@H](C)[C@@H](O[C@H]2C[C@@](C)(OC)[C@@H](O)[C@H](C)O2)[C@H](C)[C@@H](O[C@@H]2O[C@H](C)C[C@H](N(C)C)[C@H]2O)[C@](C)(O)C[C@@H](C)C(=O)[C@H](C)[C@@H](O)[C@]1(C)O,,CHEMBL1200510,C55H103NO15,1018.42
GONADORELIN ACETATE,,CC(=O)O.CC(C)C[C@H](NC(=O)CNC(=O)[C@H](Cc1ccc(O)cc1)NC(=O)[C@H](CO)NC(=O)[C@H](Cc1c[nH]c2ccccc12)NC(=O)[C@H](Cc1cnc[nH]1)NC(=O)[C@@H]1CCC(=O)N1)C(=O)N[C@@H](CCCNC(=N)N)C(=O)N1CCC[C@H]1C(=O)NCC(N)=O,,CHEMBL1200511,C57H79N17O15,1242.36
DEMECARIUM BROMIDE,,CN(CCCCCCCCCCN(C)C(=O)Oc1cccc([N+](C)(C)C)c1)C(=O)Oc1cccc([N+](C)(C)C)c1.[Br-].[Br-],,CHEMBL1200514,C32H52Br2N4O4,716.60
DESERPIDINE,,COC(=O)[C@H]1[C@H]2C[C@@H]3c4[nH]c5ccccc5c4CCN3C[C@H]2C[C@@H](OC(=O)c2cc(OC)c(OC)c(OC)c2)[C@@H]1OC,,CHEMBL1200515,C32H38N2O8,578.66
GONADORELIN HYDROCHLORIDE,,CC(C)C[C@H](NC(=O)CNC(=O)[C@H](Cc1ccc(O)cc1)NC(=O)[C@H](CO)NC(=O)[C@H](Cc1c[nH]c2ccccc12)NC(=O)[C@H](Cc1cnc[nH]1)NC(=O)[C@@H]1CCC(=O)N1)C(=O)N[C@@H](CCCNC(=N)N)C(=O)N1CCC[C@H]1C(=O)NCC(N)=O.Cl,,CHEMBL1200516,C55H76ClN17O13,1218.77
DIHYDROERGOTAMINE MESYLATE,,CN1C[C@H](C(=O)N[C@]2(C)O[C@@]3(O)[C@@H]4CCCN4C(=O)[C@H](Cc4ccccc4)N3C2=O)C[C@@H]2c3cccc4[nH]cc(c34)C[C@H]21.CS(=O)(=O)O,,CHEMBL1200517,C34H41N5O8S,679.80
ALMOTRIPTAN MALATE,,CN(C)CCc1c[nH]c2ccc(CS(=O)(=O)N3CCCC3)cc12.O=C(O)CC(O)C(=O)O,,CHEMBL1200521,C21H31N3O7S,469.56
AVOBENZONE,,COc1ccc(C(=O)CC(=O)c2ccc(C(C)(C)C)cc2)cc1,,CHEMBL1200522,C20H22O3,310.39
CEFAZOLIN SODIUM,,Cc1nnc(SCC2=C(C(=O)[O-])N3C(=O)[C@@H](NC(=O)Cn4cnnn4)[C@H]3SC2)s1.[Na+],,CHEMBL1200523,C14H13N8NaO4S3,476.50
ATRACURIUM BESYLATE,,COc1ccc(CC2c3cc(OC)c(OC)cc3CC[N+]2(C)CCC(=O)OCCCCCOC(=O)CC[N+]2(C)CCc3cc(OC)c(OC)cc3C2Cc2ccc(OC)c(OC)c2)cc1OC.O=S(=O)([O-])c1ccccc1.O=S(=O)([O-])c1ccccc1,,CHEMBL1200527,C65H82N2O18S2,1243.50
CEFOXITIN SODIUM,,CO[C@@]1(NC(=O)Cc2cccs2)C(=O)N2C(C(=O)[O-])=C(COC(N)=O)CS[C@@H]21.[Na+],,CHEMBL1200530,C16H16N3NaO7S2,449.44
ALFENTANIL HYDROCHLORIDE,,CCC(=O)N(c1ccccc1)C1(COC)CCN(CCn2nnn(CC)c2=O)CC1.Cl,,CHEMBL1200531,C21H33ClN6O3,452.99
METHDILAZINE HYDROCHLORIDE,,CN1CCC(CN2c3ccccc3Sc3ccccc32)C1.Cl,,CHEMBL1200532,C18H21ClN2S,332.90
MOEXIPRIL HYDROCHLORIDE,,CCOC(=O)[C@H](CCc1ccccc1)N[C@@H](C)C(=O)N1Cc2cc(OC)c(OC)cc2C[C@H]1C(=O)O.Cl,,CHEMBL1200534,C27H35ClN2O7,535.04
BETAMETHASONE ACETATE,,CC(=O)OCC(=O)[C@@]1(O)[C@@H](C)C[C@H]2[C@@H]3CCC4=CC(=O)C=C[C@]4(C)[C@@]3(F)[C@@H](O)C[C@@]21C,,CHEMBL1200538,C24H31FO6,434.50
CALCIUM CARBONATE,,O=C([O-])[O-].[Ca+2],,CHEMBL1200539,CCaO3,100.09
AMBENONIUM CHLORIDE,,CC[N+](CC)(CCNC(=O)C(=O)NCC[N+](CC)(CC)Cc1ccccc1Cl)Cc1ccccc1Cl.[Cl-].[Cl-],,CHEMBL1200541,C28H42Cl4N4O2,608.48
DESOXYCORTICOSTERONE ACETATE,,CC(=O)OCC(=O)[C@H]1CC[C@H]2[C@@H]3CCC4=CC(=O)CC[C@]4(C)[C@H]3CC[C@]12C,,CHEMBL1200542,C23H32O4,372.51
ANILERIDINE PHOSPHATE,,CCOC(=O)C1(c2ccccc2)CCN(CCc2ccc(N)cc2)CC1.O=P(O)(O)O,,CHEMBL1200543,C22H31N2O6P,450.47
CEPHALEXIN,,CC1=C(C(=O)O)N2C(=O)[C@@H](NC(=O)[C@H](N)c3ccccc3)[C@H]2SC1.O,,CHEMBL1200544,C16H19N3O5S,365.41
DIFLORASONE DIACETATE,,CC(=O)OCC(=O)[C@@]1(OC(C)=O)[C@@H](C)C[C@H]2[C@@H]3C[C@H](F)C4=CC(=O)C=C[C@]4(C)[C@@]3(F)[C@@H](O)C[C@@]21C,,CHEMBL1200545,C26H32F2O7,494.53
RAPACURONIUM BROMIDE,,C=CC[N+]1([C@H]2C[C@H]3[C@@H]4CC[C@H]5C[C@H](OC(C)=O)[C@@H](N6CCCCC6)C[C@]5(C)[C@H]4CC[C@]3(C)[C@H]2OC(=O)CC)CCCCC1.[Br-],,CHEMBL1200549,C37H61BrN2O4,677.81
ANTAZOLINE PHOSPHATE,,O=P(O)(O)O.c1ccc(CN(CC2=NCCN2)c2ccccc2)cc1,,CHEMBL1200550,C17H22N3O4P,363.35
TRIPTORELIN PAMOATE,,CC(C)C[C@H](NC(=O)[C@@H](Cc1c[nH]c2ccccc12)NC(=O)[C@H](Cc1ccc(O)cc1)NC(=O)[C@H](CO)NC(=O)[C@H](Cc1c[nH]c2ccccc12)NC(=O)[C@H](Cc1c[nH]cn1)NC(=O)[C@@H]1CCC(=O)N1)C(=O)N[C@@H](CCCNC(=N)N)C(=O)N1CCC[C@H]1C(=O)NCC(N)=O.O=C(O)c1cc2ccccc2c(Cc2c(O)c(C(=O)O)cc3ccccc23)c1O,,CHEMBL1200554,C87H98N18O19,1699.85
IOTROLAN,,CN(C(=O)CC(=O)N(C)c1c(I)c(C(=O)NC(CO)C(O)CO)c(I)c(C(=O)NC(CO)C(O)CO)c1I)c1c(I)c(C(=O)NC(CO)C(O)CO)c(I)c(C(=O)NC(CO)C(O)CO)c1I,,CHEMBL1200555,C37H48I6N6O18,1626.24
DESMOPRESSIN ACETATE,,CC(=O)O.N=C(N)NCCC[C@@H](NC(=O)[C@@H]1CCCN1C(=O)[C@@H]1CSSCCC(=O)N[C@@H](Cc2ccc(O)cc2)C(=O)N[C@@H](Cc2ccccc2)C(=O)N[C@@H](CCC(N)=O)C(=O)N[C@@H](CC(N)=O)C(=O)N1)C(=O)NCC(N)=O,,CHEMBL1200556,C48H68N14O14S2,1129.29
BACITRACIN,,CC[C@H](C)[C@H](N)C1=N[C@H](C(=O)N[C@@H](CC(C)C)C(=O)N[C@H](CCC(=O)O)C(=O)N[C@H](C(=O)N[C@H]2CCCCNC(=O)[C@H](CC(N)=O)NC(=O)[C@@H](CC(=O)O)NC(=O)[C@H](Cc3cnc[nH]3)NC(=O)[C@@H](Cc3ccccc3)NC(=O)[C@H]([C@@H](C)CC)NC(=O)[C@@H](CCCN)NC2=O)[C@@H](C)CC)CS1,,CHEMBL1200558,C66H103N17O16S,1422.72
LACTIC ACID,,CC(O)C(=O)O,,CHEMBL1200559,C3H6O3,90.08
GUANABENZ ACETATE,,CC(=O)O.N=C(N)N/N=C/c1c(Cl)cccc1Cl,,CHEMBL1200560,C10H12Cl2N4O2,291.14
DOXAZOSIN MESYLATE,,COc1cc2nc(N3CCN(C(=O)C4COc5ccccc5O4)CC3)nc(N)c2cc1OC.CS(=O)(=O)O,,CHEMBL1200561,C24H29N5O8S,547.59
HYDROCORTISONE VALERATE,,CCCCC(=O)O[C@]1(C(=O)CO)CC[C@H]2[C@@H]3CCC4=CC(=O)CC[C@]4(C)[C@H]3[C@@H](O)C[C@@]21C,,CHEMBL1200562,C26H38O6,446.58
CERIVASTATIN SODIUM,,COCc1c(C(C)C)nc(C(C)C)c(/C=C/[C@@H](O)C[C@@H](O)CC(=O)[O-])c1-c1ccc(F)cc1.[Na+],,CHEMBL1200563,C26H33FNNaO5,481.54
CAFFEINE CITRATE,,Cn1c(=O)c2c(ncn2C)n(C)c1=O.O=C(O)CC(O)(CC(=O)O)C(=O)O,,CHEMBL1200569,C14H18N4O9,386.32
MEGLUMINE,,CNC[C@H](O)[C@@H](O)[C@H](O)[C@H](O)CO,,CHEMBL1200570,C7H17NO5,195.22
MAGNESIUM OXIDE,,O=[Mg],,CHEMBL1200572,MgO,40.30
SODIUM CHLORIDE,,[Cl-].[Na+],,CHEMBL1200574,ClNa,58.44
CYSTEAMINE BITARTRATE,,NCCS.O=C(O)[C@H](O)[C@@H](O)C(=O)O,,CHEMBL1200577,C6H13NO6S,227.24
THEOPHYLLINE SODIUM GLYCINATE,,Cn1c(=O)c2[nH]cnc2n(C)c1=O.NCC(=O)[O-].[Na+],,CHEMBL1200578,C9H12N5NaO4,277.22
SULFOXONE SODIUM,,O=S([O-])CNc1ccc(S(=O)(=O)c2ccc(NCS(=O)[O-])cc2)cc1.[Na+].[Na+],,CHEMBL1200580,C14H14N2Na2O6S3,448.45
DIATRIZOATE SODIUM,,CC(=O)Nc1c(I)c(NC(C)=O)c(I)c(C(=O)[O-])c1I.[Na+],,CHEMBL1200581,C11H8I3N2NaO4,635.90
AMINOLEVULINIC ACID HYDROCHLORIDE,,Cl.NCC(=O)CCC(=O)O,,CHEMBL1200582,C5H10ClNO3,167.59
AMINOSALICYLATE POTASSIUM,,Nc1ccc(C(=O)[O-])c(O)c1.[K+],,CHEMBL1200584,C7H6KNO3,191.23
OXYMETHOLONE,,C[C@]12C/C(=C/O)C(=O)C[C@@H]1CC[C@@H]1[C@@H]2CC[C@@]2(C)[C@H]1CC[C@]2(C)O,,CHEMBL1200585,C21H32O3,332.48
PRILOCAINE HYDROCHLORIDE,,CCCNC(C)C(=O)Nc1ccccc1C.Cl,,CHEMBL1200586,C13H21ClN2O,256.78
CLINDAMYCIN HYDROCHLORIDE,,CCC[C@@H]1C[C@@H](C(=O)N[C@@H]([C@H]2O[C@H](SC)[C@H](O)[C@@H](O)[C@H]2O)[C@H](C)Cl)N(C)C1.Cl,,CHEMBL1200588,C18H34Cl2N2O5S,461.45
DESOXYCORTICOSTERONE PIVALATE,,CC(C)(C)C(=O)OCC(=O)[C@H]1CC[C@H]2[C@@H]3CCC4=CC(=O)CC[C@]4(C)[C@H]3CC[C@]12C,,CHEMBL1200592,C26H38O4,414.59
CHLORPHENTERMINE HYDROCHLORIDE,,CC(C)(N)Cc1ccc(Cl)cc1.Cl,,CHEMBL1200595,C10H15Cl2N,220.14
CHLOROXINE,,Oc1c(Cl)cc(Cl)c2cccnc12,,CHEMBL1200596,C9H5Cl2NO,214.05
ETIDOCAINE HYDROCHLORIDE,,CCCN(CC)C(CC)C(=O)Nc1c(C)cccc1C.Cl,,CHEMBL1200597,C17H29ClN2O,312.89
DIETHYLSTILBESTROL DIPHOSPHATE,,CC/C(=C(/CC)c1ccc(OP(=O)(O)O)cc1)c1ccc(OP(=O)(O)O)cc1,,CHEMBL1200598,C18H22O8P2,428.31
DIFENOXIN HYDROCHLORIDE,,Cl.N#CC(CCN1CCC(C(=O)O)(c2ccccc2)CC1)(c1ccccc1)c1ccccc1,,CHEMBL1200599,C28H29ClN2O2,461.00
FLUOROMETHOLONE,,CC(=O)[C@@]1(O)CC[C@H]2[C@@H]3C[C@H](C)C4=CC(=O)C=C[C@]4(C)[C@@]3(F)[C@@H](O)C[C@@]21C,,CHEMBL1200600,C22H29FO4,376.47
NARATRIPTAN HYDROCHLORIDE,,CNS(=O)(=O)CCc1ccc2[nH]cc(C3CCN(C)CC3)c2c1.Cl,,CHEMBL1200601,C17H26ClN3O2S,371.93
TROPICAMIDE,,CCN(Cc1ccncc1)C(=O)C(CO)c1ccccc1,,CHEMBL1200604,C17H20N2O2,284.36
MEXILETINE HYDROCHLORIDE,,Cc1cccc(C)c1OCC(C)N.Cl,,CHEMBL1200606,C11H18ClNO,215.72
PERFLEXANE,,FC(F)(F)C(F)(F)C(F)(F)C(F)(F)C(F)(F)C(F)(F)F,,CHEMBL1200607,C6F14,338.04
PAROXETINE MESYLATE,,CS(=O)(=O)O.Fc1ccc([C@@H]2CCNC[C@H]2COc2ccc3c(c2)OCO3)cc1,,CHEMBL1200609,C20H24FNO6S,425.48
LORACARBEF,,N[C@@H](C(=O)N[C@@H]1C(=O)N2C(C(=O)O)=C(Cl)CC[C@H]12)c1ccccc1.O,,CHEMBL1200610,C16H18ClN3O5,367.79
DIBUCAINE HYDROCHLORIDE,,CCCCOc1cc(C(=O)NCCN(CC)CC)c2ccccc2n1.Cl,,CHEMBL1200612,C20H30ClN3O2,379.93
TOLMETIN SODIUM,,Cc1ccc(C(=O)c2ccc(CC(=O)[O-])n2C)cc1.[Na+],,CHEMBL1200613,C15H14NNaO3,279.27
IOVERSOL,,O=C(NCC(O)CO)c1c(I)c(C(=O)NCC(O)CO)c(I)c(N(CCO)C(=O)CO)c1I,,CHEMBL1200614,C18H24I3N3O9,807.11
CHLOROTHIAZIDE SODIUM,,NS(=O)(=O)c1cc2c(cc1Cl)N=C[N-]S2(=O)=O.[Na+],,CHEMBL1200616,C7H5ClN3NaO4S2,317.71
RIMEXOLONE,,CCC(=O)[C@@]1(C)[C@H](C)C[C@H]2[C@@H]3CCC4=CC(=O)C=C[C@]4(C)[C@H]3[C@@H](O)C[C@@]21C,,CHEMBL1200617,C24H34O3,370.53
FEXOFENADINE HYDROCHLORIDE,,CC(C)(C(=O)O)c1ccc(C(O)CCCN2CCC(C(O)(c3ccccc3)c3ccccc3)CC2)cc1.Cl,,CHEMBL1200618,C32H40ClNO4,538.13
GEMIFLOXACIN MESYLATE,,CO/N=C1\CN(c2nc3c(cc2F)c(=O)c(C(=O)O)cn3C2CC2)CC1CN.CS(=O)(=O)O,,CHEMBL1200621,C19H24FN5O7S,485.49
PARICALCITOL,,C[C@H](/C=C/[C@H](C)C(C)(C)O)[C@H]1CC[C@H]2/C(=C/C=C3C[C@@H](O)C[C@H](O)C3)CCC[C@]12C,,CHEMBL1200622,C27H44O3,416.65
ETHYLESTRENOL,,CC[C@]1(O)CC[C@H]2[C@@H]3CCC4=CCCC[C@@H]4[C@H]3CC[C@@]21C,,CHEMBL1200623,C20H32O,288.48
ETHYNODIOL DIACETATE,,C#C[C@]1(OC(C)=O)CC[C@H]2[C@@H]3CCC4=C[C@@H](OC(C)=O)CC[C@@H]4[C@H]3CC[C@@]21C,,CHEMBL1200624,C24H32O4,384.52
STRONTIUM CHLORIDE SR 89,,[89Sr+2].[Cl-].[Cl-],,CHEMBL1200625,Cl2Sr,159.81
PROPIOLACTONE,,O=C1CCO1,,CHEMBL1200627,C3H4O2,72.06
VANCOMYCIN HYDROCHLORIDE,,CN[C@H](CC(C)C)C(=O)N[C@H]1C(=O)N[C@@H](CC(N)=O)C(=O)N[C@H]2C(=O)N[C@H]3C(=O)N[C@H](C(=O)N[C@H](C(=O)O)c4cc(O)cc(O)c4-c4cc3ccc4O)[C@H](O)c3ccc(c(Cl)c3)Oc3cc2cc(c3O[C@@H]2O[C@H](CO)[C@@H](O)[C@H](O)[C@H]2O[C@H]2C[C@](C)(N)[C@H](O)[C@H](C)O2)Oc2ccc(cc2Cl)[C@H]1O.Cl,,CHEMBL1200628,C66H76Cl3N9O24,1485.73
VECURONIUM BROMIDE,,CC(=O)O[C@H]1C[C@@H]2CC[C@@H]3[C@H](CC[C@@]4(C)[C@H]3C[C@H]([N+]3(C)CCCCC3)[C@@H]4OC(C)=O)[C@@]2(C)C[C@@H]1N1CCCCC1.[Br-],,CHEMBL1200629,C34H57BrN2O4,637.74
CYSTEINE HYDROCHLORIDE,,Cl.N[C@@H](CS)C(=O)O,,CHEMBL1200630,C3H8ClNO2S,157.62
CLINDAMYCIN PALMITATE HYDROCHLORIDE,,CCCCCCCCCCCCCCCC(=O)O[C@@H]1[C@@H](O)[C@@H](O)[C@@H]([C@H](NC(=O)[C@@H]2C[C@@H](CCC)CN2C)[C@H](C)Cl)O[C@@H]1SC.Cl,,CHEMBL1200632,C34H64Cl2N2O6S,699.87
HYDROCORTAMATE HYDROCHLORIDE,,CCN(CC)CC(=O)OCC(=O)[C@@]1(O)CC[C@H]2[C@@H]3CCC4=CC(=O)CC[C@]4(C)[C@H]3[C@@H](O)C[C@@]21C.Cl,,CHEMBL1200635,C27H42ClNO6,512.09
CYCLOBENZAPRINE HYDROCHLORIDE,,CN(C)CCC=C1c2ccccc2C=Cc2ccccc21.Cl,,CHEMBL1200636,C20H22ClN,311.86
DEXBROMPHENIRAMINE MALEATE,,CN(C)CC[C@@H](c1ccc(Br)cc1)c1ccccn1.O=C(O)/C=C\C(=O)O,,CHEMBL1200638,C20H23BrN2O4,435.32
CISATRACURIUM BESYLATE,,COc1ccc(C[C@@H]2c3cc(OC)c(OC)cc3CC[N@+]2(C)CCC(=O)OCCCCCOC(=O)CC[N@@+]2(C)CCc3cc(OC)c(OC)cc3[C@H]2Cc2ccc(OC)c(OC)c2)cc1OC.O=S(=O)([O-])c1ccccc1.O=S(=O)([O-])c1ccccc1,,CHEMBL1200641,C65H82N2O18S2,1243.50
FONDAPARINUX SODIUM,,CO[C@H]1O[C@H](COS(=O)(=O)[O-])[C@@H](O[C@@H]2O[C@@H](C(=O)[O-])[C@@H](O[C@H]3O[C@H](COS(=O)(=O)[O-])[C@@H](O[C@@H]4O[C@H](C(=O)[O-])[C@@H](O[C@H]5O[C@H](COS(=O)(=O)[O-])[C@@H](O)[C@H](O)[C@H]5NS(=O)(=O)[O-])[C@H](O)[C@H]4O)[C@H](OS(=O)(=O)[O-])[C@H]3NS(=O)(=O)[O-])[C@H](O)[C@H]2OS(=O)(=O)[O-])[C@H](O)[C@H]1NS(=O)(=O)[O-].[Na+].[Na+].[Na+].[Na+].[Na+].[Na+].[Na+].[Na+].[Na+].[Na+],,CHEMBL1200644,C31H43N3Na10O49S8,1728.09
ETOPOSIDE PHOSPHATE,,COc1cc([C@@H]2c3cc4c(cc3[C@@H](O[C@@H]3O[C@@H]5CO[C@@H](C)O[C@H]5[C@H](O)[C@H]3O)[C@H]3COC(=O)[C@H]23)OCO4)cc(OC)c1OP(=O)(O)O,,CHEMBL1200645,C29H33O16P,668.54
ROCURONIUM BROMIDE,,C=CC[N+]1([C@H]2C[C@H]3[C@@H]4CC[C@H]5C[C@H](O)[C@@H](N6CCOCC6)C[C@]5(C)[C@H]4CC[C@]3(C)[C@H]2OC(C)=O)CCCC1.[Br-],,CHEMBL1200648,C32H53BrN2O4,609.69
QUINUPRISTIN,,CC[C@H]1NC(=O)[C@@H](NC(=O)c2ncccc2O)[C@@H](C)OC(=O)[C@H](c2ccccc2)NC(=O)[C@@H]2CC(=O)[C@H](CS[C@@H]3CN4CCC3CC4)CN2C(=O)[C@H](Cc2ccc(N(C)C)cc2)N(C)C(=O)[C@@H]2CCCN2C1=O,,CHEMBL1200649,C53H67N9O10S,1022.24
BENOXINATE HYDROCHLORIDE,,CCCCOc1cc(C(=O)OCCN(CC)CC)ccc1N.Cl,,CHEMBL1200654,C17H29ClN2O3,344.88
NATAMYCIN,,C[C@@H]1C/C=C/C=C/C=C/C=C/[C@H](O[C@@H]2O[C@H](C)[C@@H](O)[C@H](N)[C@@H]2O)C[C@@H]2O[C@](O)(C[C@@H](O)C[C@H]3O[C@@H]3/C=C/C(=O)O1)C[C@H](O)[C@H]2C(=O)O,,CHEMBL1200656,C33H47NO13,665.73
ENALAPRIL MALEATE,,CCOC(=O)[C@H](CCc1ccccc1)N[C@@H](C)C(=O)N1CCC[C@H]1C(=O)O.O=C(O)/C=C\C(=O)O,,CHEMBL1200659,C24H32N2O9,492.53
ISOSORBIDE,,O[C@@H]1CO[C@H]2[C@@H]1OC[C@@H]2O,,CHEMBL1200660,C6H10O4,146.14
UNOPROSTONE ISOPROPYL,,CCCCCCCC(=O)CC[C@@H]1[C@@H](C/C=C\CCCC(=O)OC(C)C)[C@@H](O)C[C@H]1O,,CHEMBL1200661,C25H44O5,424.62
POTASSIUM LACTATE,,CC(O)C(=O)[O-].[K+],,CHEMBL1200664,C3H5KO3,128.17
DIPHENOXYLATE HYDROCHLORIDE,,CCOC(=O)C1(c2ccccc2)CCN(CCC(C#N)(c2ccccc2)c2ccccc2)CC1.Cl,,CHEMBL1200665,C30H33ClN2O2,489.06
CALCIPOTRIENE,,C=C1/C(=C\C=C2/CCC[C@]3(C)[C@@H]([C@H](C)/C=C/[C@@H](O)C4CC4)CC[C@@H]23)C[C@@H](O)C[C@@H]1O,,CHEMBL1200666,C27H40O3,412.61
CALCIUM CHLORIDE,,[Ca+2].[Cl-].[Cl-],,CHEMBL1200668,CaCl2,110.98
SARALASIN ACETATE,,CC(=O)O.CNCC(=O)N[C@@H](CCCNC(=N)N)C(=O)N[C@H](C(=O)N[C@@H](Cc1ccc(O)cc1)C(=O)N[C@H](C(=O)N[C@@H](Cc1cnc[nH]1)C(=O)N1CCC[C@H]1C(=O)N[C@@H](C)C(=O)O)C(C)C)C(C)C.O,,CHEMBL1200670,C44H71N13O13,990.13
NAFARELIN ACETATE,,CC(=O)O.CC(C)C[C@H](NC(=O)[C@@H](Cc1cccc2ccccc12)NC(=O)[C@H](Cc1ccc(O)cc1)NC(=O)[C@H](CO)NC(=O)[C@H](Cc1c[nH]c2ccccc12)NC(=O)[C@H](Cc1cnc[nH]1)NC(=O)[C@@H]1CCC(=O)N1)C(=O)N[C@@H](CCCNC(=N)N)C(=O)N1CCC[C@H]1C(=O)NCC(N)=O,,CHEMBL1200671,C68H87N17O15,1382.55
CEFPIRAMIDE SODIUM,,Cc1cc(O)c(C(=O)N[C@@H](C(=O)N[C@@H]2C(=O)N3C(C(=O)[O-])=C(CSc4nnnn4C)CS[C@H]23)c2ccc(O)cc2)cn1.[Na+],,CHEMBL1200672,C25H23N8NaO7S2,634.63
XENON XE 127,,[127Xe],,CHEMBL1200673,Xe,126.91
TOREMIFENE CITRATE,,CN(C)CCOc1ccc(/C(=C(/CCCl)c2ccccc2)c2ccccc2)cc1.O=C(O)CC(O)(CC(=O)O)C(=O)O,,CHEMBL1200675,C32H36ClNO8,598.09
ATAZANAVIR SULFATE,,COC(=O)N[C@H](C(=O)N[C@@H](Cc1ccccc1)[C@@H](O)CN(Cc1ccc(-c2ccccn2)cc1)NC(=O)[C@@H](NC(=O)OC)C(C)(C)C)C(C)(C)C.O=S(=O)(O)O,,CHEMBL1200678,C38H54N6O11S,802.95
ZINC CHLORIDE,,[Cl-].[Cl-].[Zn+2],,CHEMBL1200679,Cl2Zn,136.30
SELENIUM SULFIDE,,S=[Se]=S,,CHEMBL1200680,S2Se,143.09
MONTELUKAST SODIUM,,CC(C)(O)c1ccccc1CC[C@@H](SCC1(CC(=O)[O-])CC1)c1cccc(/C=C/c2ccc3ccc(Cl)cc3n2)c1.[Na+],,CHEMBL1200681,C35H35ClNNaO3S,608.18
SODIUM OXYBATE,,O=C([O-])CCCO.[Na+],,CHEMBL1200682,C4H7NaO3,126.09
XENON XE 133,,[133Xe],,CHEMBL1200685,Xe,132.91
PIMECROLIMUS,,CC[C@@H]1/C=C(\C)C[C@H](C)C[C@H](OC)[C@H]2O[C@@](O)(C(=O)C(=O)N3CCCC[C@H]3C(=O)O[C@H](/C(C)=C/[C@@H]3CC[C@H](Cl)[C@H](OC)C3)[C@H](C)[C@@H](O)CC1=O)[C@H](C)C[C@@H]2OC,,CHEMBL1200686,C43H68ClNO11,810.47
ERYTHROMYCIN ETHYLSUCCINATE,,CCOC(=O)CCC(=O)O[C@H]1[C@H](O[C@@H]2[C@@H](C)[C@H](O[C@H]3C[C@@](C)(OC)[C@@H](O)[C@H](C)O3)[C@@H](C)C(=O)O[C@H](CC)[C@@](C)(O)[C@H](O)[C@@H](C)C(=O)[C@H](C)C[C@@]2(C)O)O[C@H](C)C[C@@H]1N(C)C,,CHEMBL1200688,C43H75NO16,862.06
NITRIC OXIDE,,[N]=O,,CHEMBL1200689,NO,30.01
LYPRESSIN,,NCCCC[C@H](NC(=O)[C@@H]1CCCN1C(=O)[C@@H]1CSSC[C@H](N)C(=O)N[C@@H](Cc2ccc(O)cc2)C(=O)N[C@@H](Cc2ccccc2)C(=O)N[C@@H](CCC(N)=O)C(=O)N[C@@H](CC(N)=O)C(=O)N1)C(=O)NCC(N)=O,,CHEMBL1200690,C46H65N13O12S2,1056.24
MAGNESIUM ACETATE,,CC(=O)[O-].CC(=O)[O-].[Mg+2],,CHEMBL1200691,C4H6MgO4,142.39
OLMESARTAN MEDOXOMIL,,CCCc1nc(C(C)(C)O)c(C(=O)OCc2oc(=O)oc2C)n1Cc1ccc(-c2ccccc2-c2nnn[nH]2)cc1,,CHEMBL1200692,C29H30N6O6,558.60
SEVOFLURANE,,FCOC(C(F)(F)F)C(F)(F)F,,CHEMBL1200694,C4H3F7O,200.05
PHENYLPROPANOLAMINE HYDROCHLORIDE,,CC(N)C(O)c1ccccc1.Cl,,CHEMBL1200695,C9H14ClNO,187.67
POTASSIUM PERCHLORATE,,[K+].[O-][Cl+3]([O-])([O-])[O-],,CHEMBL1200696,ClKO4,138.55
DOXYCYCLINE,,C[C@H]1c2cccc(O)c2C(=O)C2=C(O)[C@]3(O)C(=O)C(C(N)=O)=C(O)[C@@H](N(C)C)[C@@H]3[C@@H](O)[C@@H]21.O,,CHEMBL1200699,C22H26N2O9,462.46
DICLOXACILLIN SODIUM,,Cc1onc(-c2c(Cl)cccc2Cl)c1C(=O)N[C@@H]1C(=O)N2[C@@H]1SC(C)(C)[C@@H]2C(=O)[O-].O.[Na+],,CHEMBL1200701,C19H18Cl2N3NaO6S,510.33
CHLORDIAZEPOXIDE HYDROCHLORIDE,,CNC1=Nc2ccc(Cl)cc2C(c2ccccc2)=[N+]([O-])C1.Cl,,CHEMBL1200703,C16H15Cl2N3O,336.22
HYDROXYAMPHETAMINE HYDROBROMIDE,,Br.CC(N)Cc1ccc(O)cc1,,CHEMBL1200705,C9H14BrNO,232.12
ALUMINUM HYDROXIDE,,O[Al](O)O,,CHEMBL1200706,H3AlO3,78.00
BENZQUINAMIDE HYDROCHLORIDE,,CCN(CC)C(=O)C1CN2CCc3cc(OC)c(OC)cc3C2CC1OC(C)=O.Cl,,CHEMBL1200707,C22H33ClN2O5,440.97
CLOMIPRAMINE HYDROCHLORIDE,,CN(C)CCCN1c2ccccc2CCc2ccc(Cl)cc21.Cl,,CHEMBL1200710,C19H24Cl2N2,351.32
OMEGA-3-ACID ETHYL ESTERS,,CC/C=C\C/C=C\C/C=C\C/C=C\C/C=C\C/C=C\CCC(=O)OCC.CC/C=C\C/C=C\C/C=C\C/C=C\C/C=C\CCCC(=O)OCC,,CHEMBL1200711,C46H70O4,687.06
EVANS BLUE,,Cc1cc(-c2ccc(/N=N/c3ccc4c(S(=O)(=O)[O-])cc(S(=O)(=O)[O-])c(N)c4c3O)c(C)c2)ccc1/N=N/c1ccc2c(S(=O)(=O)[O-])cc(S(=O)(=O)[O-])c(N)c2c1O.[Na+].[Na+].[Na+].[Na+],,CHEMBL1200712,C34H24N6Na4O14S4,960.82
CHLORMEZANONE,,CN1C(=O)CCS(=O)(=O)C1c1ccc(Cl)cc1,,CHEMBL1200714,C11H12ClNO3S,273.74
HEXYLCAINE HYDROCHLORIDE,,CC(CNC1CCCCC1)OC(=O)c1ccccc1.Cl,,CHEMBL1200715,C16H24ClNO2,297.83
MAGNESIUM HYDROXIDE,,[Mg+2].[OH-].[OH-],,CHEMBL1200718,H2MgO2,58.32
ESTRAMUSTINE PHOSPHATE SODIUM,,C[C@]12CC[C@@H]3c4ccc(OC(=O)N(CCCl)CCCl)cc4CC[C@H]3[C@@H]1CC[C@@H]2OP(=O)([O-])[O-].[Na+].[Na+],,CHEMBL1200721,C23H30Cl2NNa2O6P,564.35
PIPECURONIUM BROMIDE,,CC(=O)O[C@H]1C[C@@H]2CC[C@@H]3[C@H](CC[C@@]4(C)[C@H]3C[C@H](N3CC[N+](C)(C)CC3)[C@@H]4OC(C)=O)[C@@]2(C)C[C@@H]1N1CC[N+](C)(C)CC1.[Br-].[Br-],,CHEMBL1200722,C35H62Br2N4O4,762.71
PSEUDOEPHEDRINE HYDROCHLORIDE,,CN[C@@H](C)[C@@H](O)c1ccccc1.Cl,,CHEMBL1200724,C10H16ClNO,201.70
SERTACONAZOLE NITRATE,,Clc1ccc(C(Cn2ccnc2)OCc2csc3c(Cl)cccc23)c(Cl)c1.O=[N+]([O-])O,,CHEMBL1200725,C20H16Cl3N3O4S,500.79
RUBIDIUM CHLORIDE RB 82,,[82Rb+].[Cl-],,CHEMBL1200727,ClRb,117.37
GUANIDINE HYDROCHLORIDE,,Cl.N=C(N)N,,CHEMBL1200728,CH6ClN3,95.53
CHLORAMPHENICOL SODIUM SUCCINATE,,O=C([O-])CCC(=O)OC[C@@H](NC(=O)C(Cl)Cl)[C@H](O)c1ccc([N+](=O)[O-])cc1.[Na+],,CHEMBL1200729,C15H15Cl2N2NaO8,445.19
POTASSIUM CHLORIDE,,[Cl-].[K+],,CHEMBL1200731,ClK,74.55
AMCINONIDE,,CC(=O)OCC(=O)[C@@]12OC3(CCCC3)O[C@@H]1C[C@H]1[C@@H]3CCC4=CC(=O)C=C[C@]4(C)[C@@]3(F)[C@@H](O)C[C@@]12C,,CHEMBL1200732,C28H35FO7,502.58
DESFLURANE,,FC(F)OC(F)C(F)(F)F,,CHEMBL1200733,C3H2F6O,168.04
FOSAMPRENAVIR CALCIUM,,CC(C)CN(C[C@@H](OP(=O)([O-])[O-])[C@H](Cc1ccccc1)NC(=O)O[C@H]1CCOC1)S(=O)(=O)c1ccc(N)cc1.[Ca+2],,CHEMBL1200734,C25H34CaN3O9PS,623.68
MOXIFLOXACIN HYDROCHLORIDE,,COc1c(N2C[C@@H]3CCCN[C@@H]3C2)c(F)cc2c(=O)c(C(=O)O)cn(C3CC3)c12.Cl,,CHEMBL1200735,C21H25ClFN3O4,437.90
MAGNESIUM CARBONATE,,O=C([O-])[O-].[Mg+2],,CHEMBL1200736,CMgO3,84.31
COLFOSCERIL PALMITATE,,CCCCCCCCCCCCCCCC(=O)OC[C@H](COP(=O)([O-])OCC[N+](C)(C)C)OC(=O)CCCCCCCCCCCCCCC,,CHEMBL1200737,C40H80NO8P,734.05
IOXAGLATE SODIUM,,CNC(=O)c1c(I)c(C(=O)NCC(=O)Nc2c(I)c(C(=O)[O-])c(I)c(C(=O)NCCO)c2I)c(I)c(N(C)C(C)=O)c1I.[Na+],,CHEMBL1200743,C24H20I6N5NaO8,1290.87
SODIUM FLUORIDE F 18,,[18F-].[Na+],,CHEMBL1200744,FNa,40.99
OXPRENOLOL HYDROCHLORIDE,,C=CCOc1ccccc1OCC(O)CNC(C)C.Cl,,CHEMBL1200745,C15H24ClNO3,301.81
AMMONIUM LACTATE,,CC(O)C(=O)O.N,,CHEMBL1200747,C3H9NO3,107.11
CARBIDOPA,,C[C@@](Cc1ccc(O)c(O)c1)(NN)C(=O)O.O,,CHEMBL1200748,C10H16N2O5,244.25
LEVOBUPIVACAINE HYDROCHLORIDE,,CCCCN1CCCC[C@H]1C(=O)Nc1c(C)cccc1C.Cl,,CHEMBL1200749,C18H29ClN2O,324.90
PROMETHAZINE HYDROCHLORIDE,,CC(CN1c2ccccc2Sc2ccccc21)N(C)C.Cl,,CHEMBL1200750,C17H21ClN2S,320.89
MERCAPTOPURINE,,O.S=c1[nH]cnc2nc[nH]c12,,CHEMBL1200751,C5H6N4OS,170.20
CERULETIDE DIETHYLAMINE,,CCNCC.CSCC[C@H](NC(=O)[C@H](Cc1c[nH]c2ccccc12)NC(=O)CNC(=O)[C@@H](NC(=O)[C@H](Cc1ccc(OS(=O)(=O)O)cc1)NC(=O)[C@H](CC(=O)O)NC(=O)[C@H](CCC(N)=O)NC(=O)[C@@H]1CCC(=O)N1)[C@@H](C)O)C(=O)N[C@@H](CC(=O)O)C(=O)N[C@@H](Cc1ccccc1)C(N)=O,,CHEMBL1200755,C62H84N14O21S2,1425.57
PYRIDOXINE HYDROCHLORIDE,,Cc1ncc(CO)c(CO)c1O.Cl,,CHEMBL1200756,C8H12ClNO3,205.64
PANCURONIUM BROMIDE,,CC(=O)O[C@H]1C[C@@H]2CC[C@@H]3[C@H](CC[C@@]4(C)[C@H]3C[C@H]([N+]3(C)CCCCC3)[C@@H]4OC(C)=O)[C@@]2(C)C[C@@H]1[N+]1(C)CCCCC1.[Br-].[Br-],,CHEMBL1200757,C35H60Br2N2O4,732.68
AMPICILLIN SODIUM,,CC1(C)S[C@@H]2[C@H](NC(=O)[C@H](N)c3ccccc3)C(=O)N2[C@H]1C(=O)[O-].[Na+],,CHEMBL1200758,C16H18N3NaO4S,371.39
ANAGRELIDE HYDROCHLORIDE,,Cl.O=C1CN2Cc3c(ccc(Cl)c3Cl)N=C2N1,,CHEMBL1200759,C10H8Cl3N3O,292.55
BALSALAZIDE DISODIUM,,O=C([O-])CCNC(=O)c1ccc(/N=N/c2ccc(O)c(C(=O)[O-])c2)cc1.[Na+].[Na+],,CHEMBL1200760,C17H13N3Na2O6,401.29
CHLOROTRIANISENE,,COc1ccc(C(Cl)=C(c2ccc(OC)cc2)c2ccc(OC)cc2)cc1,,CHEMBL1200761,C23H21ClO3,380.87
BETAMETHASONE SODIUM PHOSPHATE,,C[C@H]1C[C@H]2[C@@H]3CCC4=CC(=O)C=C[C@]4(C)[C@@]3(F)[C@@H](O)C[C@]2(C)[C@@]1(O)C(=O)COP(=O)([O-])[O-].[Na+].[Na+],,CHEMBL1200762,C22H28FNa2O8P,516.41
IODOHIPPURATE SODIUM I 131,,O=C([O-])CNC(=O)c1ccccc1[131I].[Na+],,CHEMBL1200763,C9H7INNaO3,331.06
METHACHOLINE CHLORIDE,,CC(=O)OC(C)C[N+](C)(C)C.[Cl-],,CHEMBL1200764,C8H18ClNO2,195.69
CEFTAZIDIME SODIUM,,CC(C)(O/N=C(\C(=O)N[C@@H]1C(=O)N2C(C(=O)[O-])=C(C[n+]3ccccc3)CS[C@H]12)c1csc(N)n1)C(=O)[O-].[Na+],,CHEMBL1200768,C22H21N6NaO7S2,568.57
TRIPELENNAMINE CITRATE,,CN(C)CCN(Cc1ccccc1)c1ccccn1.O=C(O)CC(O)(CC(=O)O)C(=O)O,,CHEMBL1200769,C22H29N3O7,447.49
IOCETAMIC ACID,,CC(=O)N(CC(C)C(=O)O)c1c(I)cc(I)c(N)c1I,,CHEMBL1200770,C12H13I3N2O3,613.96
TRIDIHEXETHYL CHLORIDE,,CC[N+](CC)(CC)CCC(O)(c1ccccc1)C1CCCCC1.[Cl-],,CHEMBL1200771,C21H36ClNO,353.98
WARFARIN POTASSIUM,,CC(=O)CC(c1ccccc1)c1c([O-])c2ccccc2oc1=O.[K+],,CHEMBL1200772,C19H15KO4,346.42
TOCAINIDE HYDROCHLORIDE,,Cc1cccc(C)c1NC(=O)C(C)N.Cl,,CHEMBL1200773,C11H17ClN2O,228.72
FLUPREDNISOLONE,,C[C@]12C=CC(=O)C=C1[C@@H](F)C[C@@H]1[C@@H]2[C@@H](O)C[C@@]2(C)[C@H]1CC[C@]2(O)C(=O)CO,,CHEMBL1200774,C21H27FO5,378.44
LEUPROLIDE ACETATE,,CC(=O)O.CCNC(=O)[C@@H]1CCCN1C(=O)[C@H](CCCNC(=N)N)NC(=O)[C@H](CC(C)C)NC(=O)[C@@H](CC(C)C)NC(=O)[C@H](Cc1ccc(O)cc1)NC(=O)[C@H](CO)NC(=O)[C@H](Cc1c[nH]c2ccccc12)NC(=O)[C@H](Cc1c[nH]cn1)NC(=O)[C@@H]1CCC(=O)N1,,CHEMBL1200775,C61H88N16O14,1269.47
CINACALCET HYDROCHLORIDE,,C[C@@H](NCCCc1cccc(C(F)(F)F)c1)c1cccc2ccccc12.Cl,,CHEMBL1200776,C22H23ClF3N,393.88
DEXRAZOXANE HYDROCHLORIDE,,C[C@@H](CN1CC(=O)NC(=O)C1)N1CC(=O)NC(=O)C1.Cl,,CHEMBL1200778,C11H17ClN4O4,304.73
TROVAFLOXACIN MESYLATE,,CS(=O)(=O)O.N[C@@H]1[C@H]2CN(c3nc4c(cc3F)c(=O)c(C(=O)O)cn4-c3ccc(F)cc3F)C[C@@H]12,,CHEMBL1200779,C21H19F3N4O6S,512.47
CITALOPRAM HYDROBROMIDE,,Br.CN(C)CCCC1(c2ccc(F)cc2)OCc2cc(C#N)ccc21,,CHEMBL1200781,C20H22BrFN2O,405.31
DEXTROAMPHETAMINE ADIPATE,,C[C@H](N)Cc1ccccc1.O=C(O)CCCCC(=O)O,,CHEMBL1200782,C15H23NO4,281.35
PHENOXYBENZAMINE HYDROCHLORIDE,,CC(COc1ccccc1)N(CCCl)Cc1ccccc1.Cl,,CHEMBL1200787,C18H23Cl2NO,340.29
CISAPRIDE MONOHYDRATE,,COc1cc(N)c(Cl)cc1C(=O)NC1CCN(CCCOc2ccc(F)cc2)CC1OC.O,,CHEMBL1200788,C23H31ClFN3O5,483.97
TRICLOFOS SODIUM,,O=P([O-])(O)OCC(Cl)(Cl)Cl.[Na+],,CHEMBL1200789,C2H3Cl3NaO4P,251.37
METHYPRYLON,,CCC1(CC)C(=O)NCC(C)C1=O,,CHEMBL1200790,C10H17NO2,183.25
OXYMETAZOLINE HYDROCHLORIDE,,Cc1cc(C(C)(C)C)c(O)c(C)c1CC1=NCCN1.Cl,,CHEMBL1200791,C16H25ClN2O,296.84
OXYMORPHONE HYDROCHLORIDE,,CN1CC[C@]23c4c5ccc(O)c4O[C@H]2C(=O)CC[C@@]3(O)[C@H]1C5.Cl,,CHEMBL1200794,C17H20ClNO4,337.80
CLEMASTINE FUMARATE,,CN1CCC[C@@H]1CCO[C@](C)(c1ccccc1)c1ccc(Cl)cc1.O=C(O)/C=C/C(=O)O,,CHEMBL1200795,C25H30ClNO5,459.97
CYCLOPHOSPHAMIDE,,O.O=P1(N(CCCl)CCCl)NCCCO1,,CHEMBL1200796,C7H17Cl2N2O3P,279.10
TRAZODONE HYDROCHLORIDE,,Cl.O=c1n(CCCN2CCN(c3cccc(Cl)c3)CC2)nc2ccccn12,,CHEMBL1200798,C19H23Cl2N5O,408.33
TRAVOPROST,,CC(C)OC(=O)CCC/C=C\C[C@@H]1[C@@H](/C=C/[C@@H](O)COc2cccc(C(F)(F)F)c2)[C@H](O)C[C@@H]1O,,CHEMBL1200799,C26H35F3O6,500.55
CALCIUM ACETATE,,CC(=O)[O-].CC(=O)[O-].[Ca+2],,CHEMBL1200800,C4H6CaO4,158.17
TALBUTAL,,C=CCC1(C(C)CC)C(=O)NC(=O)NC1=O,,CHEMBL1200802,C11H16N2O3,224.26
SOLIFENACIN SUCCINATE,,O=C(O)CCC(=O)O.O=C(O[C@H]1CN2CCC1CC2)N1CCc2ccccc2[C@@H]1c1ccccc1,,CHEMBL1200803,C27H32N2O6,480.56
DICLOFENAC POTASSIUM,,O=C([O-])Cc1ccccc1Nc1c(Cl)cccc1Cl.[K+],,CHEMBL1200804,C14H10Cl2KNO2,334.24
DILTIAZEM MALATE,,COc1ccc([C@@H]2Sc3ccccc3N(CCN(C)C)C(=O)[C@@H]2OC(C)=O)cc1.O=C(O)CC(O)C(=O)O,,CHEMBL1200805,C26H32N2O9S,548.61
NAPROXEN SODIUM,,COc1ccc2cc([C@H](C)C(=O)[O-])ccc2c1.[Na+],,CHEMBL1200806,C14H13NaO3,252.25
NORELGESTROMIN,,C#C[C@]1(O)CC[C@H]2[C@@H]3CCC4=C/C(=N/O)CC[C@@H]4[C@H]3CC[C@@]21CC,,CHEMBL1200807,C21H29NO2,327.47
AZELASTINE HYDROCHLORIDE,,CN1CCCC(n2nc(Cc3ccc(Cl)cc3)c3ccccc3c2=O)CC1.Cl,,CHEMBL1200809,C22H25Cl2N3O,418.37
DOXERCALCIFEROL,,C=C1/C(=C\C=C2/CCC[C@]3(C)[C@@H]([C@H](C)/C=C/[C@H](C)C(C)C)CC[C@@H]23)C[C@@H](O)C[C@@H]1O,,CHEMBL1200810,C28H44O2,412.66
ACEBUTOLOL HYDROCHLORIDE,,CCCC(=O)Nc1ccc(OCC(O)CNC(C)C)c(C(C)=O)c1.Cl,,CHEMBL1200813,C18H29ClN2O4,372.89
ACETAZOLAMIDE SODIUM,,CC(=O)Nc1nnc(S([NH-])(=O)=O)s1.[Na+],,CHEMBL1200814,C4H5N4NaO3S2,244.23
LEVOMETHADYL ACETATE HYDROCHLORIDE,,CC[C@H](OC(C)=O)C(C[C@H](C)N(C)C)(c1ccccc1)c1ccccc1.Cl,,CHEMBL1200817,C23H32ClNO2,389.97
ARTICAINE HYDROCHLORIDE,,CCCNC(C)C(=O)Nc1c(C)csc1C(=O)OC.Cl,,CHEMBL1200819,C13H21ClN2O3S,320.84
PIPERACILLIN SODIUM,,CCN1CCN(C(=O)N[C@@H](C(=O)N[C@@H]2C(=O)N3[C@@H]2SC(C)(C)[C@@H]3C(=O)[O-])c2ccccc2)C(=O)C1=O.[Na+],,CHEMBL1200820,C23H26N5NaO7S,539.55
PROPYLIODONE,,CCCOC(=O)Cn1cc(I)c(=O)c(I)c1,,CHEMBL1200821,C10H11I2NO3,447.01
FLECAINIDE ACETATE,,CC(=O)O.O=C(NCC1CCCCN1)c1cc(OCC(F)(F)F)ccc1OCC(F)(F)F,,CHEMBL1200822,C19H24F6N2O5,474.40
METHADONE HYDROCHLORIDE,,CCC(=O)C(CC(C)N(C)C)(c1ccccc1)c1ccccc1.Cl,,CHEMBL1200825,C21H28ClNO,345.91
LITHIUM CARBONATE,,O=C([O-])[O-].[Li+].[Li+],,CHEMBL1200826,CLi2O3,73.89
CYCRIMINE HYDROCHLORIDE,,Cl.OC(CCN1CCCCC1)(c1ccccc1)C1CCCC1,,CHEMBL1200828,C19H30ClNO,323.91
GLUCONOLACTONE,,O=C1O[C@H](CO)[C@@H](O)[C@H](O)[C@H]1O,,CHEMBL1200829,C6H10O6,178.14
SPIRAPRIL HYDROCHLORIDE,,CCOC(=O)[C@H](CCc1ccccc1)N[C@@H](C)C(=O)N1CC2(C[C@H]1C(=O)O)SCCS2.Cl,,CHEMBL1200831,C22H31ClN2O5S2,503.09
TERBINAFINE HYDROCHLORIDE,,CN(C/C=C/C#CC(C)(C)C)Cc1cccc2ccccc12.Cl,,CHEMBL1200832,C21H26ClN,327.90
DIPIVEFRIN HYDROCHLORIDE,,CNCC(O)c1ccc(OC(=O)C(C)(C)C)c(OC(=O)C(C)(C)C)c1.Cl,,CHEMBL1200833,C19H30ClNO5,387.90
OXICONAZOLE NITRATE,,Clc1ccc(CO/N=C(\Cn2ccnc2)c2ccc(Cl)cc2Cl)c(Cl)c1.O=[N+]([O-])O,,CHEMBL1200836,C18H14Cl4N4O4,492.15
LEVOBETAXOLOL HYDROCHLORIDE,,CC(C)NC[C@H](O)COc1ccc(CCOCC2CC2)cc1.Cl,,CHEMBL1200837,C18H30ClNO3,343.90
DIATRIZOATE MEGLUMINE,,CC(=O)Nc1c(I)c(NC(C)=O)c(I)c(C(=O)O)c1I.CNC[C@H](O)[C@@H](O)[C@H](O)[C@H](O)CO,,CHEMBL1200839,C18H26I3N3O9,809.13
PROCAINE HYDROCHLORIDE,,CCN(CC)CCOC(=O)c1ccc(N)cc1.Cl,,CHEMBL1200841,C13H21ClN2O2,272.78
METHYLERGONOVINE MALEATE,,CC[C@@H](CO)NC(=O)[C@@H]1C=C2c3cccc4[nH]cc(c34)C[C@H]2N(C)C1.O=C(O)/C=C\C(=O)O,,CHEMBL1200843,C24H29N3O6,455.51
HALCINONIDE,,CC1(C)O[C@@H]2C[C@H]3[C@@H]4CCC5=CC(=O)CC[C@]5(C)[C@@]4(F)[C@@H](O)C[C@]3(C)[C@]2(C(=O)CCl)O1,,CHEMBL1200845,C24H32ClFO5,454.97
HYDROXYPROGESTERONE CAPROATE,,CCCCCC(=O)O[C@]1(C(C)=O)CC[C@H]2[C@@H]3CCC4=CC(=O)CC[C@]4(C)[C@H]3CC[C@@]21C,,CHEMBL1200848,C27H40O4,428.61
GANCICLOVIR SODIUM,,Nc1nc([O-])c2ncn(COC(CO)CO)c2n1.[Na+],,CHEMBL1200850,C9H12N5NaO4,277.22
HOMATROPINE METHYLBROMIDE,,C[N+]1(C)[C@@H]2CC[C@H]1C[C@@H](OC(=O)C(O)c1ccccc1)C2.[Br-],,CHEMBL1200851,C17H24BrNO3,370.29
PENICILLIN V POTASSIUM,,CC1(C)S[C@@H]2[C@H](NC(=O)COc3ccccc3)C(=O)N2[C@H]1C(=O)[O-].[K+],,CHEMBL1200852,C16H17KN2O5S,388.49
DYDROGESTERONE,,CC(=O)[C@H]1CC[C@H]2[C@@H]3C=CC4=CC(=O)CC[C@@]4(C)[C@@H]3CC[C@]12C,,CHEMBL1200853,C21H28O2,312.45
FLUPHENAZINE DECANOATE,,CCCCCCCCCC(=O)OCCN1CCN(CCCN2c3ccccc3Sc3ccc(C(F)(F)F)cc32)CC1,,CHEMBL1200854,C32H44F3N3O2S,591.78
TICARCILLIN DISODIUM,,CC1(C)S[C@@H]2[C@H](NC(=O)[C@H](C(=O)[O-])c3ccsc3)C(=O)N2[C@H]1C(=O)[O-].[Na+].[Na+],,CHEMBL1200855,C15H14N2Na2O6S2,428.40
ISOSULFAN BLUE,,CCN(CC)c1ccc(C(=C2C=CC(=[N+](CC)CC)C=C2)c2cc(S(=O)(=O)[O-])ccc2S(=O)(=O)[O-])cc1.[Na+],,CHEMBL1200859,C27H31N2NaO6S2,566.68
METYROSINE,,C[C@](N)(Cc1ccc(O)cc1)C(=O)O,,CHEMBL1200862,C10H13NO3,195.22
MELPHALAN HYDROCHLORIDE,,Cl.N[C@@H](Cc1ccc(N(CCCl)CCCl)cc1)C(=O)O,,CHEMBL1200863,C13H19Cl3N2O2,341.67
LOTEPREDNOL ETABONATE,,CCOC(=O)O[C@]1(C(=O)OCCl)CC[C@H]2[C@@H]3CCC4=CC(=O)C=C[C@]4(C)[C@H]3[C@@H](O)C[C@@]21C,,CHEMBL1200865,C24H31ClO7,466.96
PERFLUBRON,,FC(F)(F)C(F)(F)C(F)(F)C(F)(F)C(F)(F)C(F)(F)C(F)(F)C(F)(F)Br,,CHEMBL1200866,C8BrF17,498.96
PHENYL AMINOSALICYLATE,,Nc1ccc(C(=O)Oc2ccccc2)c(O)c1,,CHEMBL1200868,C13H11NO3,229.24
METRONIDAZOLE HYDROCHLORIDE,,Cc1ncc([N+](=O)[O-])n1CCO.Cl,,CHEMBL1200869,C6H10ClN3O3,207.62
TIMOLOL MALEATE,,CC(C)(C)NC[C@H](O)COc1nsnc1N1CCOCC1.O=C(O)/C=C\C(=O)O,,CHEMBL1200870,C17H28N4O7S,432.50
PHENTOLAMINE MESYLATE,,CS(=O)(=O)O.Cc1ccc(N(CC2=NCCN2)c2cccc(O)c2)cc1,,CHEMBL1200873,C18H23N3O4S,377.47
TOLBUTAMIDE SODIUM,,CCCCNC(=O)[N-]S(=O)(=O)c1ccc(C)cc1.[Na+],,CHEMBL1200874,C12H17N2NaO3S,292.34
FLAVOXATE HYDROCHLORIDE,,Cc1c(-c2ccccc2)oc2c(C(=O)OCCN3CCCCC3)cccc2c1=O.Cl,,CHEMBL1200875,C24H26ClNO4,427.93
FLUMETHASONE PIVALATE,,C[C@@H]1C[C@H]2[C@@H]3C[C@H](F)C4=CC(=O)C=C[C@]4(C)[C@@]3(F)[C@@H](O)C[C@]2(C)[C@@]1(O)C(=O)COC(=O)C(C)(C)C,,CHEMBL1200877,C27H36F2O6,494.58
TRIAMCINOLONE HEXACETONIDE,,CC(C)(C)CC(=O)OCC(=O)[C@@]12OC(C)(C)O[C@@H]1C[C@H]1[C@@H]3CCC4=CC(=O)C=C[C@]4(C)[C@@]3(F)[C@@H](O)C[C@@]12C,,CHEMBL1200878,C30H41FO7,532.65
WARFARIN SODIUM,,CC(=O)CC(c1ccccc1)c1c([O-])c2ccccc2oc1=O.[Na+],,CHEMBL1200879,C19H15NaO4,330.31
DIPHEMANIL METHYLSULFATE,,COS(=O)(=O)[O-].C[N+]1(C)CCC(=C(c2ccccc2)c2ccccc2)CC1,,CHEMBL1200880,C21H27NO4S,389.52
MINOCYCLINE HYDROCHLORIDE,,CN(C)c1ccc(O)c2c1C[C@H]1C[C@H]3[C@H](N(C)C)C(O)=C(C(N)=O)C(=O)[C@@]3(O)C(O)=C1C2=O.Cl,,CHEMBL1200881,C23H28ClN3O7,493.94
THONZONIUM BROMIDE,,CCCCCCCCCCCCCCCC[N+](C)(C)CCN(Cc1ccc(OC)cc1)c1ncccn1.[Br-],,CHEMBL1200883,C32H55BrN4O,591.72
ALOSETRON HYDROCHLORIDE,,Cc1[nH]cnc1CN1CCc2c(c3ccccc3n2C)C1=O.Cl,,CHEMBL1200885,C17H19ClN4O,330.82
TRIMETHOBENZAMIDE HYDROCHLORIDE,,COc1cc(C(=O)NCc2ccc(OCCN(C)C)cc2)cc(OC)c1OC.Cl,,CHEMBL1200887,C21H29ClN2O5,424.93
OXYCODONE HYDROCHLORIDE,,COc1ccc2c3c1O[C@H]1C(=O)CC[C@@]4(O)[C@@H](C2)N(C)CC[C@]314.Cl,,CHEMBL1200890,C18H22ClNO4,351.83
OXYPHENCYCLIMINE HYDROCHLORIDE,,CN1CCCN=C1COC(=O)C(O)(c1ccccc1)C1CCCCC1.Cl,,CHEMBL1200891,C20H29ClN2O3,380.92
PROTOKYLOL HYDROCHLORIDE,,CC(Cc1ccc2c(c1)OCO2)NCC(O)c1ccc(O)c(O)c1.Cl,,CHEMBL1200893,C18H22ClNO5,367.83
PHENELZINE SULFATE,,NNCCc1ccccc1.O=S(=O)(O)O,,CHEMBL1200895,C8H14N2O4S,234.28
DINOPROST TROMETHAMINE,,CCCCC[C@H](O)/C=C/[C@@H]1[C@@H](C/C=C\CCCC(=O)O)[C@@H](O)C[C@H]1O.NC(CO)(CO)CO,,CHEMBL1200896,C24H45NO8,475.62
TYROPANOATE SODIUM,,CCCC(=O)Nc1c(I)cc(I)c(CC(CC)C(=O)[O-])c1I.[Na+],,CHEMBL1200899,C15H17I3NNaO3,663.01
HALOFANTRINE HYDROCHLORIDE,,CCCCN(CCCC)CCC(O)c1cc2c(Cl)cc(Cl)cc2c2cc(C(F)(F)F)ccc12.Cl,,CHEMBL1200901,C26H31Cl3F3NO,536.89
SECOBARBITAL SODIUM,,C=CCC1(C(C)CCC)C(=O)[N-]C(=O)NC1=O.[Na+],,CHEMBL1200903,C12H17N2NaO3,260.27
SELEGILINE HYDROCHLORIDE,,C#CCN(C)[C@H](C)Cc1ccccc1.Cl,,CHEMBL1200904,C13H18ClN,223.75
OXYPHENONIUM BROMIDE,,CC[N+](C)(CC)CCOC(=O)C(O)(c1ccccc1)C1CCCCC1.[Br-],,CHEMBL1200906,C21H34BrNO3,428.41
TRILOSTANE,,C[C@]12CC[C@H]3[C@@H](CC[C@@]45O[C@@H]4C(O)=C(C#N)C[C@]35C)[C@@H]1CC[C@@H]2O,,CHEMBL1200907,C20H27NO3,329.44
HALOBETASOL PROPIONATE,,CCC(=O)O[C@]1(C(=O)CCl)[C@@H](C)C[C@H]2[C@@H]3C[C@H](F)C4=CC(=O)C=C[C@]4(C)[C@@]3(F)[C@@H](O)C[C@@]21C,,CHEMBL1200908,C25H31ClF2O5,484.97
PREDNISOLONE TEBUTATE,,CC(C)(C)CC(=O)OCC(=O)[C@@]1(O)CC[C@H]2[C@@H]3CCC4=CC(=O)C=C[C@]4(C)[C@H]3[C@@H](O)C[C@@]21C,,CHEMBL1200909,C27H38O6,458.60
SULFISOXAZOLE ACETYL,,CC(=O)N(c1onc(C)c1C)S(=O)(=O)c1ccc(N)cc1,,CHEMBL1200910,C13H15N3O4S,309.35
PHENTERMINE HYDROCHLORIDE,,CC(C)(N)Cc1ccccc1.Cl,,CHEMBL1200912,C10H16ClN,185.70
TAMSULOSIN HYDROCHLORIDE,,CCOc1ccccc1OCCN[C@H](C)Cc1ccc(OC)c(S(N)(=O)=O)c1.Cl,,CHEMBL1200914,C20H29ClN2O5S,444.98
THIORIDAZINE HYDROCHLORIDE,,CSc1ccc2c(c1)N(CCC1CCCCN1C)c1ccccc1S2.Cl,,CHEMBL1200916,C21H27ClN2S2,407.05
ISOETHARINE HYDROCHLORIDE,,CCC(NC(C)C)C(O)c1ccc(O)c(O)c1.Cl,,CHEMBL1200920,C13H22ClNO3,275.78
MEBUTAMATE,,CCC(C)C(C)(COC(N)=O)COC(N)=O,,CHEMBL1200922,C10H20N2O4,232.28
"POTASSIUM PHOSPHATE, MONOBASIC",,O=P([O-])(O)O.[K+],,CHEMBL1200925,H2KO4P,136.08
DEXCHLORPHENIRAMINE MALEATE,,CN(C)CC[C@@H](c1ccc(Cl)cc1)c1ccccn1.O=C(O)/C=C\C(=O)O,,CHEMBL1200927,C20H23ClN2O4,390.87
ZINC ACETATE ANHYDROUS,,CC(=O)[O-].CC(=O)[O-].[Zn+2],,CHEMBL1200928,C4H6O4Zn,183.48
ZINC SULFATE,,O=S(=O)([O-])[O-].[Zn+2],,CHEMBL1200929,O4SZn,161.45
RABEPRAZOLE SODIUM,,COCCCOc1ccnc(C[S+]([O-])c2nc3ccccc3[n-]2)c1C.[Na+],,CHEMBL1200930,C18H20N3NaO3S,381.43
IOPAMIDOL,,C[C@H](O)C(=O)Nc1c(I)c(C(=O)NC(CO)CO)c(I)c(C(=O)NC(CO)CO)c1I,,CHEMBL1200932,C17H22I3N3O8,777.09
HEXAFLUORENIUM BROMIDE,,C[N+](C)(CCCCCC[N+](C)(C)C1c2ccccc2-c2ccccc21)C1c2ccccc2-c2ccccc21.[Br-].[Br-],,CHEMBL1200933,C36H42Br2N2,662.55
NORGESTIMATE,,C#C[C@]1(OC(C)=O)CC[C@H]2[C@@H]3CCC4=C/C(=N/O)CC[C@@H]4[C@H]3CC[C@@]21CC,,CHEMBL1200934,C23H31NO3,369.51
DARIFENACIN HYDROBROMIDE,,Br.NC(=O)C(c1ccccc1)(c1ccccc1)[C@@H]1CCN(CCc2ccc3c(c2)CCO3)C1,,CHEMBL1200935,C28H31BrN2O2,507.47
PENICILLIN G PROCAINE,,CC1(C)S[C@@H]2[C@H](NC(=O)Cc3ccccc3)C(=O)N2[C@H]1C(=O)O.CCN(CC)CCOC(=O)c1ccc(N)cc1.O,,CHEMBL1200936,C29H40N4O7S,588.73
DALFOPRISTIN,,CCN(CC)CCS(=O)(=O)[C@@H]1CCN2C(=O)c3coc(n3)CC(=O)C[C@H](O)/C=C(C)/C=C/CNC(=O)/C=C/[C@@H](C)[C@@H](C(C)C)OC(=O)[C@@H]12,,CHEMBL1200937,C34H50N4O9S,690.86
METHYSERGIDE MALEATE,,CC[C@@H](CO)NC(=O)[C@@H]1C=C2c3cccc4c3c(cn4C)C[C@H]2N(C)C1.O=C(O)/C=C\C(=O)O,,CHEMBL1200938,C25H31N3O6,469.54
AMMONIUM CHLORIDE,,Cl.N,,CHEMBL1200939,H4ClN,53.49
METOCLOPRAMIDE HYDROCHLORIDE,,CCN(CC)CCNC(=O)c1cc(Cl)c(N)cc1OC.Cl.O,,CHEMBL1200940,C14H25Cl2N3O3,354.28
THIAMINE HYDROCHLORIDE,,Cc1ncc(C[n+]2csc(CCO)c2C)c(N)n1.Cl.[Cl-],,CHEMBL1200941,C12H18Cl2N4OS,337.28
SULBACTAM SODIUM,,CC1(C)[C@H](C(=O)[O-])N2C(=O)C[C@H]2S1(=O)=O.[Na+],,CHEMBL1200944,C8H10NNaO5S,255.23
PENTETATE CALCIUM TRISODIUM,,O=C([O-])CN(CCN(CC(=O)[O-])CC(=O)[O-])CCN(CC(=O)[O-])CC(=O)[O-].[Ca+2].[Na+].[Na+].[Na+],,CHEMBL1200945,C14H18CaN3Na3O10,497.36
NANDROLONE DECANOATE,,CCCCCCCCCC(=O)O[C@H]1CC[C@H]2[C@@H]3CCC4=CC(=O)CC[C@@H]4[C@H]3CC[C@]12C,,CHEMBL1200946,C28H44O3,428.66
METIPRANOLOL HYDROCHLORIDE,,CC(=O)Oc1c(C)cc(OCC(O)CNC(C)C)c(C)c1C.Cl,,CHEMBL1200947,C17H28ClNO4,345.87
TRIMIPRAMINE MALEATE,,CC(CN(C)C)CN1c2ccccc2CCc2ccccc21.O=C(O)/C=C\C(=O)O,,CHEMBL1200948,C24H30N2O4,410.51
BETAZOLE HYDROCHLORIDE,,Cl.NCCc1cc[nH]n1,,CHEMBL1200949,C5H10ClN3,147.61
CLIDINIUM BROMIDE,,C[N+]12CCC(CC1)C(OC(=O)C(O)(c1ccccc1)c1ccccc1)C2.[Br-],,CHEMBL1200950,C22H26BrNO3,432.36
FLUPHENAZINE ENANTHATE,,CCCCCCC(=O)OCCN1CCN(CCCN2c3ccccc3Sc3ccc(C(F)(F)F)cc32)CC1,,CHEMBL1200951,C29H38F3N3O2S,549.70
METHAMPHETAMINE HYDROCHLORIDE,,CN[C@@H](C)Cc1ccccc1.Cl,,CHEMBL1200952,C10H16ClN,185.70
HYDROCORTISONE PROBUTATE,,CCCC(=O)O[C@]1(C(=O)COC(=O)CC)CC[C@H]2[C@@H]3CCC4=CC(=O)CC[C@]4(C)[C@H]3[C@@H](O)C[C@@]21C,,CHEMBL1200953,C28H40O7,488.62
MYCOPHENOLATE MOFETIL HYDROCHLORIDE,,COc1c(C)c2c(c(O)c1C/C=C(\C)CCC(=O)OCCN1CCOCC1)C(=O)OC2.Cl,,CHEMBL1200955,C23H32ClNO7,469.96
METHDILAZINE,,CN1CCC(CN2c3ccccc3Sc3ccccc32)C1,,CHEMBL1200959,C18H20N2S,296.44
BROMPHENIRAMINE MALEATE,,CN(C)CCC(c1ccc(Br)cc1)c1ccccn1.O=C(O)/C=C\C(=O)O,,CHEMBL1200961,C20H23BrN2O4,435.32
CEFEPIME HYDROCHLORIDE,,CO/N=C(\C(=O)N[C@@H]1C(=O)N2C(C(=O)O)=C(C[N+]3(C)CCCC3)CS[C@H]12)c1csc(N)n1.Cl.O.[Cl-],,CHEMBL1200962,C19H28Cl2N6O6S2,571.51
BIMATOPROST,,CCNC(=O)CCC/C=C\C[C@@H]1[C@@H](/C=C/[C@@H](O)CCc2ccccc2)[C@H](O)C[C@@H]1O,,CHEMBL1200963,C25H37NO4,415.57
AMITRIPTYLINE HYDROCHLORIDE,,CN(C)CCC=C1c2ccccc2CCc2ccccc21.Cl,,CHEMBL1200964,C20H24ClN,313.87
BACAMPICILLIN HYDROCHLORIDE,,CCOC(=O)OC(C)OC(=O)[C@@H]1N2C(=O)[C@@H](NC(=O)[C@H](N)c3ccccc3)[C@H]2SC1(C)C.Cl,,CHEMBL1200965,C21H28ClN3O7S,501.99
BROMODIPHENHYDRAMINE HYDROCHLORIDE,,CN(C)CCOC(c1ccccc1)c1ccc(Br)cc1.Cl,,CHEMBL1200967,C17H21BrClNO,370.72
HYDROCORTISONE SODIUM PHOSPHATE,,C[C@]12CCC(=O)C=C1CC[C@@H]1[C@@H]2[C@@H](O)C[C@@]2(C)[C@H]1CC[C@]2(O)C(=O)COP(=O)([O-])[O-].[Na+].[Na+],,CHEMBL1200968,C21H29Na2O8P,486.41
DUTASTERIDE,,C[C@]12C=CC(=O)N[C@@H]1CC[C@@H]1[C@@H]2CC[C@]2(C)[C@@H](C(=O)Nc3cc(C(F)(F)F)ccc3C(F)(F)F)CC[C@@H]12,,CHEMBL1200969,C27H30F6N2O2,528.54
ETHOPROPAZINE HYDROCHLORIDE,,CCN(CC)C(C)CN1c2ccccc2Sc2ccccc21.Cl,,CHEMBL1200970,C19H25ClN2S,348.94
CEPHALOGLYCIN,,CC(=O)OCC1=C(C(=O)O)N2C(=O)[C@@H](NC(=O)[C@H](N)c3ccccc3)[C@H]2SC1,,CHEMBL1200971,C18H19N3O6S,405.43
CHLOPHEDIANOL HYDROCHLORIDE,,CN(C)CCC(O)(c1ccccc1)c1ccccc1Cl.Cl,,CHEMBL1200972,C17H21Cl2NO,326.27
ESTRADIOL CYPIONATE,,C[C@]12CC[C@@H]3c4ccc(O)cc4CC[C@H]3[C@@H]1CC[C@@H]2OC(=O)CCC1CCCC1,,CHEMBL1200973,C26H36O3,396.57
CARBINOXAMINE MALEATE,,CN(C)CCOC(c1ccc(Cl)cc1)c1ccccn1.O=C(O)/C=C\C(=O)O,,CHEMBL1200974,C20H23ClN2O5,406.87
CLOCORTOLONE PIVALATE,,C[C@@H]1C[C@H]2[C@@H]3C[C@H](F)C4=CC(=O)C=C[C@]4(C)[C@@]3(Cl)[C@@H](O)C[C@]2(C)[C@H]1C(=O)COC(=O)C(C)(C)C,,CHEMBL1200975,C27H36ClFO5,495.03
IDARUBICIN HYDROCHLORIDE,,CC(=O)[C@]1(O)Cc2c(O)c3c(c(O)c2[C@@H](O[C@H]2C[C@H](N)[C@H](O)[C@H](C)O2)C1)C(=O)c1ccccc1C3=O.Cl,,CHEMBL1200976,C26H28ClNO9,533.96
MILRINONE LACTATE,,CC(O)C(=O)O.Cc1[nH]c(=O)c(C#N)cc1-c1ccncc1,,CHEMBL1200977,C15H15N3O4,301.30
DEXPANTHENOL,,CC(C)(CO)[C@@H](O)C(=O)NCCCO,,CHEMBL1200979,C9H19NO4,205.25
ESTROPIPATE,,C1CNCCN1.C[C@]12CC[C@@H]3c4ccc(OS(=O)(=O)O)cc4CC[C@H]3[C@@H]1CCC2=O,,CHEMBL1200980,C22H32N2O5S,436.57
EPIRUBICIN HYDROCHLORIDE,,COc1cccc2c1C(=O)c1c(O)c3c(c(O)c1C2=O)C[C@@](O)(C(=O)CO)C[C@@H]3O[C@H]1C[C@H](N)[C@@H](O)[C@H](C)O1.Cl,,CHEMBL1200981,C27H30ClNO11,579.99
BUTABARBITAL SODIUM,,CCC(C)C1(CC)C(=O)[N-]C(=O)NC1=O.[Na+],,CHEMBL1200982,C10H15N2NaO3,234.23
AMLODIPINE MALEATE,,CCOC(=O)C1=C(COCCN)NC(C)=C(C(=O)OC)C1c1ccccc1Cl.O=C(O)/C=C\C(=O)O,,CHEMBL1200984,C24H29ClN2O9,524.95
CEFTIBUTEN DIHYDRATE,,Nc1nc(/C(=C/CC(=O)O)C(=O)N[C@@H]2C(=O)N3C(C(=O)O)=CCS[C@H]23)cs1.O.O,,CHEMBL1200985,C15H18N4O8S2,446.46
HALOPERIDOL DECANOATE,,CCCCCCCCCC(=O)OC1(c2ccc(Cl)cc2)CCN(CCCC(=O)c2ccc(F)cc2)CC1,,CHEMBL1200986,C31H41ClFNO3,530.12
EPROSARTAN MESYLATE,,CCCCc1ncc(/C=C(\Cc2cccs2)C(=O)O)n1Cc1ccc(C(=O)O)cc1.CS(=O)(=O)O,,CHEMBL1200987,C24H28N2O7S2,520.63
METHANTHELINE BROMIDE,,CC[N+](C)(CC)CCOC(=O)C1c2ccccc2Oc2ccccc21.[Br-],,CHEMBL1200988,C21H26BrNO3,420.35
ALCLOMETASONE DIPROPIONATE,,CCC(=O)OCC(=O)[C@@]1(OC(=O)CC)[C@H](C)C[C@H]2[C@H]3[C@H]([C@@H](O)C[C@@]21C)[C@@]1(C)C=CC(=O)C=C1C[C@H]3Cl,,CHEMBL1200989,C28H37ClO7,521.05
CARBENICILLIN INDANYL SODIUM,,CC1(C)S[C@@H]2[C@H](NC(=O)C(C(=O)Oc3ccc4c(c3)CCC4)c3ccccc3)C(=O)N2[C@H]1C(=O)[O-].[Na+],,CHEMBL1200991,C26H25N2NaO6S,516.55
GALLAMINE TRIETHIODIDE,,CC[N+](CC)(CC)CCOc1cccc(OCC[N+](CC)(CC)CC)c1OCC[N+](CC)(CC)CC.[I-].[I-].[I-],,CHEMBL1200993,C30H60I3N3O3,891.54
NITROFURANTOIN SODIUM,,O=C1CN(/N=C/c2ccc([N+](=O)[O-])o2)C(=O)[N-]1.[Na+],,CHEMBL1201000,C8H5N4NaO5,260.14
MECHLORETHAMINE HYDROCHLORIDE,,CN(CCCl)CCCl.Cl,,CHEMBL1201001,C5H12Cl3N,192.52
CARTEOLOL HYDROCHLORIDE,,CC(C)(C)NCC(O)COc1cccc2c1CCC(=O)N2.Cl,,CHEMBL1201002,C16H25ClN2O3,328.84
ELETRIPTAN HYDROBROMIDE,,Br.CN1CCC[C@@H]1Cc1c[nH]c2ccc(CCS(=O)(=O)c3ccccc3)cc12,,CHEMBL1201003,C22H27BrN2O2S,463.44
CEFONICID SODIUM,,O=C([O-])C1=C(CSc2nnnn2CS(=O)(=O)[O-])CS[C@@H]2[C@H](NC(=O)[C@H](O)c3ccccc3)C(=O)N12.[Na+].[Na+],,CHEMBL1201005,C18H16N6Na2O8S3,586.54
PYRILAMINE MALEATE,,COc1ccc(CN(CCN(C)C)c2ccccn2)cc1.O=C(O)/C=C\C(=O)O,,CHEMBL1201006,C21H27N3O5,401.46
FLUDROCORTISONE ACETATE,,CC(=O)OCC(=O)[C@@]1(O)CC[C@H]2[C@@H]3CCC4=CC(=O)CC[C@]4(C)[C@@]3(F)[C@@H](O)C[C@@]21C,,CHEMBL1201010,C23H31FO6,422.49
QUINAPRIL HYDROCHLORIDE,,CCOC(=O)[C@H](CCc1ccccc1)N[C@@H](C)C(=O)N1Cc2ccccc2C[C@H]1C(=O)O.Cl,,CHEMBL1201011,C25H31ClN2O5,474.99
FLURANDRENOLIDE,,CC1(C)O[C@@H]2C[C@H]3[C@@H]4C[C@H](F)C5=CC(=O)CC[C@]5(C)[C@H]4[C@@H](O)C[C@]3(C)[C@]2(C(=O)CO)O1,,CHEMBL1201012,C24H33FO6,436.52
OLSALAZINE SODIUM,,O=C([O-])c1cc(/N=N/c2ccc(O)c(C(=O)[O-])c2)ccc1O.[Na+].[Na+],,CHEMBL1201013,C14H8N2Na2O6,346.21
PREDNISOLONE SODIUM PHOSPHATE,,C[C@]12C=CC(=O)C=C1CC[C@@H]1[C@@H]2[C@@H](O)C[C@@]2(C)[C@H]1CC[C@]2(O)C(=O)COP(=O)([O-])[O-].[Na+].[Na+],,CHEMBL1201014,C21H27Na2O8P,484.39
ALUMINUM ACETATE,,CC(=O)[O-].CC(=O)[O-].CC(=O)[O-].[Al+3],,CHEMBL1201015,C6H9AlO6,204.11
CEFPODOXIME PROXETIL,,COCC1=C(C(=O)OC(C)OC(=O)OC(C)C)N2C(=O)[C@@H](NC(=O)/C(=N\OC)c3csc(N)n3)[C@H]2SC1,,CHEMBL1201016,C21H27N5O9S2,557.61
CEFACLOR,,N[C@@H](C(=O)N[C@@H]1C(=O)N2C(C(=O)O)=C(Cl)CS[C@H]12)c1ccccc1.O,,CHEMBL1201018,C15H16ClN3O5S,385.83
CEFTIZOXIME SODIUM,,CO/N=C(\C(=O)N[C@@H]1C(=O)N2C(C(=O)[O-])=CCS[C@H]12)c1csc(N)n1.[Na+],,CHEMBL1201019,C13H12N5NaO5S2,405.39
DISOPYRAMIDE PHOSPHATE,,CC(C)N(CCC(C(N)=O)(c1ccccc1)c1ccccn1)C(C)C.O=P(O)(O)O,,CHEMBL1201020,C21H32N3O5P,437.48
PHENAZOPYRIDINE HYDROCHLORIDE,,Cl.Nc1ccc(/N=N/c2ccccc2)c(N)n1,,CHEMBL1201022,C11H12ClN5,249.71
ORPHENADRINE HYDROCHLORIDE,,Cc1ccccc1C(OCCN(C)C)c1ccccc1.Cl,,CHEMBL1201023,C18H24ClNO,305.85
GLYCOPYRRONIUM BROMIDE,,C[N+]1(C)CCC(OC(=O)C(O)(c2ccccc2)C2CCCC2)C1.[Br-],,CHEMBL1201027,C19H28BrNO3,398.34
RIZATRIPTAN BENZOATE,,CN(C)CCc1c[nH]c2ccc(Cn3cncn3)cc12.O=C(O)c1ccccc1,,CHEMBL1201032,C22H25N5O2,391.48
IPODATE SODIUM,,CN(C)/C=N/c1c(I)cc(I)c(CCC(=O)[O-])c1I.[Na+],,CHEMBL1201033,C12H12I3N2NaO2,619.94
BIPERIDEN HYDROCHLORIDE,,Cl.OC(CCN1CCCCC1)(c1ccccc1)C1CC2C=CC1C2,,CHEMBL1201035,C21H30ClNO,347.93
EFLORNITHINE HYDROCHLORIDE,,Cl.NCCCC(N)(C(=O)O)C(F)F.O,,CHEMBL1201037,C6H15ClF2N2O3,236.65
ACRISORCIN,,CCCCCCc1ccc(O)cc1O.Nc1c2ccccc2nc2ccccc12,,CHEMBL1201038,C25H28N2O2,388.51
BENZTHIAZIDE,,NS(=O)(=O)c1cc2c(cc1Cl)N=C(CSCc1ccccc1)NS2(=O)=O,,CHEMBL1201039,C15H14ClN3O4S3,431.95
AZLOCILLIN SODIUM,,CC1(C)S[C@@H]2[C@H](NC(=O)[C@H](NC(=O)N3CCNC3=O)c3ccccc3)C(=O)N2[C@H]1C(=O)[O-].[Na+],,CHEMBL1201041,C20H22N5NaO6S,483.48
ETIDRONATE DISODIUM,,CC(O)(P(=O)([O-])O)P(=O)([O-])O.[Na+].[Na+],,CHEMBL1201042,C2H6Na2O7P2,249.99
CEPHAPIRIN SODIUM,,CC(=O)OCC1=C(C(=O)[O-])N2C(=O)[C@@H](NC(=O)CSc3ccncc3)[C@H]2SC1.[Na+],,CHEMBL1201043,C17H16N3NaO6S2,445.45
DAPIPRAZOLE HYDROCHLORIDE,,Cc1ccccc1N1CCN(CCc2nnc3n2CCCC3)CC1.Cl,,CHEMBL1201044,C19H28ClN5,361.92
ACETRIZOATE SODIUM,,CC(=O)Nc1c(I)cc(I)c(C(=O)[O-])c1I.O.[Na+],,CHEMBL1201045,C9H7I3NNaO4,596.86
CEFORANIDE,,NCc1ccccc1CC(=O)N[C@@H]1C(=O)N2C(C(=O)O)=C(CSc3nnnn3CC(=O)O)CS[C@H]12,,CHEMBL1201046,C20H21N7O6S2,519.57
ANILERIDINE HYDROCHLORIDE,,CCOC(=O)C1(c2ccccc2)CCN(CCc2ccc(N)cc2)CC1.Cl,,CHEMBL1201047,C22H29ClN2O2,388.94
DROMOSTANOLONE PROPIONATE,,CCC(=O)O[C@H]1CC[C@H]2[C@@H]3CC[C@H]4CC(=O)[C@H](C)C[C@]4(C)[C@H]3CC[C@]12C,,CHEMBL1201048,C23H36O3,360.54
ECONAZOLE NITRATE,,Clc1ccc(COC(Cn2ccnc2)c2ccc(Cl)cc2Cl)cc1.O=[N+]([O-])O,,CHEMBL1201049,C18H16Cl3N3O4,444.70
PEMIROLAST POTASSIUM,,Cc1cccn2c(=O)c(-c3nnn[n-]3)cnc12.[K+],,CHEMBL1201050,C10H7KN6O,266.31
CIMETIDINE HYDROCHLORIDE,,CN/C(=N\CCSCc1nc[nH]c1C)NC#N.Cl,,CHEMBL1201051,C10H17ClN6S,288.81
MESORIDAZINE BESYLATE,,CN1CCCCC1CCN1c2ccccc2Sc2ccc([S+](C)[O-])cc21.O=S(=O)(O)c1ccccc1,,CHEMBL1201052,C27H32N2O4S3,544.76
SELENOMETHIONINE SE 75,,C[75Se]CC[C@H](N)C(=O)O,,CHEMBL1201054,C5H11NO2Se,192.07
SULFACYTINE,,CCn1ccc(NS(=O)(=O)c2ccc(N)cc2)nc1=O,,CHEMBL1201056,C12H14N4O3S,294.34
CILASTATIN SODIUM,,CC1(C)C[C@@H]1C(=O)N/C(=C\CCCCSC[C@H](N)C(=O)O)C(=O)[O-].[Na+],,CHEMBL1201057,C16H25N2NaO5S,380.44
POTASSIUM ACETATE,,CC(=O)[O-].[K+],,CHEMBL1201058,C2H3KO2,98.14
PROGUANIL HYDROCHLORIDE,,CC(C)NC(=N)NC(=N)Nc1ccc(Cl)cc1.Cl,,CHEMBL1201059,C11H17Cl2N5,290.20
LOXAPINE HYDROCHLORIDE,,CN1CCN(C2=Nc3ccccc3Oc3ccc(Cl)cc32)CC1.Cl,,CHEMBL1201060,C18H19Cl2N3O,364.28
LEVALBUTEROL HYDROCHLORIDE,,CC(C)(C)NC[C@H](O)c1ccc(O)c(CO)c1.Cl,,CHEMBL1201061,C13H22ClNO3,275.78
PROPAFENONE HYDROCHLORIDE,,CCCNCC(O)COc1ccccc1C(=O)CCc1ccccc1.Cl,,CHEMBL1201063,C21H28ClNO3,377.91
FLUOROMETHOLONE ACETATE,,CC(=O)O[C@]1(C(C)=O)CC[C@H]2[C@@H]3C[C@H](C)C4=CC(=O)C=C[C@]4(C)[C@@]3(F)[C@@H](O)C[C@@]21C,,CHEMBL1201064,C24H31FO5,418.51
THIAMYLAL SODIUM,,C=CCC1(C(C)CCC)C(=O)[N-]C(=S)NC1=O.[Na+],,CHEMBL1201065,C12H17N2NaO2S,276.34
VENLAFAXINE HYDROCHLORIDE,,COc1ccc(C(CN(C)C)C2(O)CCCCC2)cc1.Cl,,CHEMBL1201066,C17H28ClNO2,313.87
BIPERIDEN LACTATE,,CC(O)C(=O)O.OC(CCN1CCCCC1)(c1ccccc1)C1CC2C=CC1C2,,CHEMBL1201067,C24H35NO4,401.55
PROPIOMAZINE HYDROCHLORIDE,,CCC(=O)c1ccc2c(c1)N(CC(C)N(C)C)c1ccccc1S2.Cl,,CHEMBL1201068,C20H25ClN2OS,376.95
TETRACYCLINE PHOSPHATE COMPLEX,,CN(C)[C@@H]1C(O)=C(C(N)=O)C(=O)[C@@]2(O)C(O)=C3C(=O)c4c(O)cccc4[C@@](C)(O)[C@H]3C[C@@H]12.O=P(O)(O)O,,CHEMBL1201071,C22H27N2O12P,542.43
SUCCIMER,,O=C(O)[C@@H](S)[C@@H](S)C(=O)O,,CHEMBL1201073,C4H6O4S2,182.22
IOXILAN,,CC(=O)N(CC(O)CO)c1c(I)c(C(=O)NCCO)c(I)c(C(=O)NCC(O)CO)c1I,,CHEMBL1201075,C18H24I3N3O8,791.11
TRIMETHOPRIM HYDROCHLORIDE,,COc1cc(Cc2cnc(N)nc2N)cc(OC)c1OC.Cl,,CHEMBL1201080,C14H19ClN4O3,326.78
METHYLPREDNISOLONE SODIUM SUCCINATE,,C[C@H]1C[C@@H]2[C@H]([C@@H](O)C[C@@]3(C)[C@H]2CC[C@]3(O)C(=O)COC(=O)CCC(=O)[O-])[C@@]2(C)C=CC(=O)C=C12.[Na+],,CHEMBL1201081,C26H33NaO8,496.53
FLUOXETINE HYDROCHLORIDE,,CNCCC(Oc1ccc(C(F)(F)F)cc1)c1ccccc1.Cl,,CHEMBL1201082,C17H19ClF3NO,345.79
SODIUM IODIDE I 123,,[123I-].[Na+],,CHEMBL1201083,INa,145.90
SODIUM IODIDE I 131,,[131I-].[Na+],,CHEMBL1201084,INa,153.90
CABERGOLINE,,C=CCN1C[C@H](C(=O)N(CCCN(C)C)C(=O)NCC)C[C@@H]2c3cccc4[nH]cc(c34)C[C@H]21,,CHEMBL1201087,C26H37N5O2,451.62
DIPHENHYDRAMINE CITRATE,,CN(C)CCOC(c1ccccc1)c1ccccc1.O=C(O)CC(O)(CC(=O)O)C(=O)O,,CHEMBL1201089,C23H29NO8,447.48
RIVASTIGMINE TARTRATE,,CCN(C)C(=O)Oc1cccc([C@H](C)N(C)C)c1.O=C(O)[C@H](O)[C@@H](O)C(=O)O,,CHEMBL1201092,C18H28N2O8,400.43
METHYL AMINOLEVULINATE HYDROCHLORIDE,,COC(=O)CCC(=O)CN.Cl,,CHEMBL1201093,C6H12ClNO3,181.62
KRYPTON KR 81M,,[81Kr],,CHEMBL1201096,Kr,80.92
CEFOTETAN DISODIUM,,CO[C@@]1(NC(=O)C2SC(=C(C(N)=O)C(=O)[O-])S2)C(=O)N2C(C(=O)[O-])=C(CSc3nnnn3C)CS[C@@H]21.[Na+].[Na+],,CHEMBL1201098,C17H15N7Na2O8S4,619.60
TESTOSTERONE CYPIONATE,,C[C@]12CC[C@H]3[C@@H](CCC4=CC(=O)CC[C@@]43C)[C@@H]1CC[C@@H]2OC(=O)CCC1CCCC1,,CHEMBL1201101,C27H40O3,412.61
TRIFLUPROMAZINE HYDROCHLORIDE,,CN(C)CCCN1c2ccccc2Sc2ccc(C(F)(F)F)cc21.Cl,,CHEMBL1201102,C18H20ClF3N2S,388.89
METHOXAMINE HYDROCHLORIDE,,COc1ccc(OC)c(C(O)C(C)N)c1.Cl,,CHEMBL1201103,C11H18ClNO3,247.72
METHENAMINE HIPPURATE,,C1N2CN3CN1CN(C2)C3.O=C(O)CNC(=O)c1ccccc1,,CHEMBL1201104,C15H21N5O3,319.37
CONIVAPTAN HYDROCHLORIDE,,Cc1nc2c([nH]1)-c1ccccc1N(C(=O)c1ccc(NC(=O)c3ccccc3-c3ccccc3)cc1)CC2.Cl,,CHEMBL1201108,C32H27ClN4O2,535.05
DESONIDE,,CC1(C)O[C@@H]2C[C@H]3[C@@H]4CCC5=CC(=O)C=C[C@]5(C)[C@H]4[C@@H](O)C[C@]3(C)[C@]2(C(=O)CO)O1,,CHEMBL1201109,C24H32O6,416.51
VALACYCLOVIR HYDROCHLORIDE,,CC(C)[C@H](N)C(=O)OCCOCn1cnc2c(=O)nc(N)[nH]c21.Cl,,CHEMBL1201110,C13H21ClN6O4,360.80
NELARABINE,,COc1nc(N)nc2c1ncn2[C@@H]1O[C@H](CO)[C@@H](O)[C@@H]1O,,CHEMBL1201112,C11H15N5O5,297.27
ESMOLOL HYDROCHLORIDE,,COC(=O)CCc1ccc(OCC(O)CNC(C)C)cc1.Cl,,CHEMBL1201115,C16H26ClNO4,331.84
HETACILLIN,,CC1(C)S[C@@H]2[C@H](N3C(=O)[C@@H](c4ccccc4)NC3(C)C)C(=O)N2[C@H]1C(=O)O,,CHEMBL1201116,C19H23N3O4S,389.48
METHOCARBAMOL,,COc1ccccc1OCC(O)COC(N)=O,,CHEMBL1201117,C11H15NO5,241.24
CEFMETAZOLE SODIUM,,CO[C@@]1(NC(=O)CSCC#N)C(=O)N2C(C(=O)[O-])=C(CSc3nnnn3C)CS[C@@H]21.[Na+],,CHEMBL1201118,C15H16N7NaO5S3,493.53
LIOTHYRONINE SODIUM,,N[C@@H](Cc1cc(I)c(Oc2ccc(O)c(I)c2)c(I)c1)C(=O)[O-].[Na+],,CHEMBL1201119,C15H11I3NNaO4,672.96
REMIFENTANIL HYDROCHLORIDE,,CCC(=O)N(c1ccccc1)C1(C(=O)OC)CCN(CCC(=O)OC)CC1.Cl,,CHEMBL1201120,C20H29ClN2O5,412.91
HETACILLIN POTASSIUM,,CC1(C)S[C@@H]2[C@H](N3C(=O)[C@@H](c4ccccc4)NC3(C)C)C(=O)N2[C@H]1C(=O)[O-].[K+],,CHEMBL1201121,C19H22KN3O4S,427.57
KETOROLAC TROMETHAMINE,,NC(CO)(CO)CO.O=C(c1ccccc1)c1ccc2n1CCC2C(=O)O,,CHEMBL1201124,C19H24N2O6,376.41
IOTHALAMATE MEGLUMINE,,CNC(=O)c1c(I)c(NC(C)=O)c(I)c(C(=O)O)c1I.CNC[C@H](O)[C@@H](O)[C@H](O)[C@H](O)CO,,CHEMBL1201125,C18H26I3N3O9,809.13
DARUNAVIR ETHANOLATE,,CC(C)CN(C[C@@H](O)[C@H](Cc1ccccc1)NC(=O)O[C@H]1CO[C@H]2OCC[C@H]21)S(=O)(=O)c1ccc(N)cc1.CCO,,CHEMBL1201127,C29H43N3O8S,593.74
DECITABINE,,Nc1ncn([C@H]2C[C@H](O)[C@@H](CO)O2)c(=O)n1,,CHEMBL1201129,C8H12N4O4,228.21
PIPERONYL BUTOXIDE,,CCCCOCCOCCOCc1cc2c(cc1CCC)OCO2,,CHEMBL1201131,C19H30O5,338.44
NALBUPHINE HYDROCHLORIDE,,Cl.Oc1ccc2c3c1O[C@H]1[C@@H](O)CC[C@@]4(O)[C@@H](C2)N(CC2CCC2)CC[C@]314,,CHEMBL1201132,C21H28ClNO4,393.91
LUBIPROSTONE,,CCCCC(F)(F)[C@@]1(O)CC[C@H]2[C@@H](CC(=O)[C@@H]2CCCCCCC(=O)O)O1,,CHEMBL1201134,C20H32F2O5,390.47
LEUCOVORIN CALCIUM,,Nc1nc(=O)c2c([nH]1)NCC(CNc1ccc(C(=O)N[C@@H](CCC(=O)[O-])C(=O)[O-])cc1)N2C=O.[Ca+2],,CHEMBL1201138,C20H21CaN7O7,511.51
MEGESTROL ACETATE,,CC(=O)O[C@]1(C(C)=O)CC[C@H]2[C@@H]3C=C(C)C4=CC(=O)CC[C@]4(C)[C@H]3CC[C@@]21C,,CHEMBL1201139,C24H32O4,384.52
IBUPROFEN LYSINE,,CC(C)Cc1ccc(C(C)C(=O)O)cc1.NCCCC[C@H](N)C(=O)O,,CHEMBL1201141,C19H32N2O4,352.48
RASAGILINE MESYLATE,,C#CCN[C@@H]1CCc2ccccc21.CS(=O)(=O)O,,CHEMBL1201142,C13H17NO3S,267.35
NORETHINDRONE ACETATE,,C#C[C@]1(OC(C)=O)CC[C@H]2[C@@H]3CCC4=CC(=O)CC[C@@H]4[C@H]3CC[C@@]21C,,CHEMBL1201146,C22H28O3,340.46
OCTOCRYLENE,,CCCCC(CC)COC(=O)C(C#N)=C(c1ccccc1)c1ccccc1,,CHEMBL1201147,C24H27NO2,361.49
MEPREDNISONE,,C[C@H]1C[C@H]2[C@@H]3CCC4=CC(=O)C=C[C@]4(C)[C@H]3C(=O)C[C@]2(C)[C@@]1(O)C(=O)CO,,CHEMBL1201148,C22H28O5,372.46
NALTREXONE HYDROCHLORIDE,,Cl.O=C1CC[C@@]2(O)[C@H]3Cc4ccc(O)c5c4[C@@]2(CCN3CC2CC2)[C@H]1O5,,CHEMBL1201149,C20H24ClNO4,377.87
SUMATRIPTAN SUCCINATE,,CNS(=O)(=O)Cc1ccc2[nH]cc(CCN(C)C)c2c1.O=C(O)CCC(=O)O,,CHEMBL1201150,C18H27N3O6S,413.50
MESTRANOL,,C#C[C@]1(O)CC[C@H]2[C@@H]3CCc4cc(OC)ccc4[C@H]3CC[C@@]21C,,CHEMBL1201151,C21H26O2,310.44
NALMEFENE HYDROCHLORIDE,,C=C1CC[C@@]2(O)[C@H]3Cc4ccc(O)c5c4[C@@]2(CCN3CC2CC2)[C@H]1O5.Cl,,CHEMBL1201152,C21H26ClNO3,375.90
ISOETHARINE MESYLATE,,CCC(NC(C)C)C(O)c1ccc(O)c(O)c1.CS(=O)(=O)O,,CHEMBL1201153,C14H25NO6S,335.42
PROCHLORPERAZINE EDISYLATE,,CN1CCN(CCCN2c3ccccc3Sc3ccc(Cl)cc32)CC1.O=S(=O)(O)CCS(=O)(=O)O,,CHEMBL1201154,C22H30ClN3O6S3,564.15
LOXAPINE SUCCINATE,,CN1CCN(C2=Nc3ccccc3Oc3ccc(Cl)cc32)CC1.O=C(O)CCC(=O)O,,CHEMBL1201155,C22H24ClN3O5,445.90
NORTRIPTYLINE HYDROCHLORIDE,,CNCCC=C1c2ccccc2CCc2ccccc21.Cl,,CHEMBL1201156,C19H22ClN,299.85
FENTANYL HYDROCHLORIDE,,CCC(=O)N(c1ccccc1)C1CCN(CCc2ccccc2)CC1.Cl,,CHEMBL1201159,C22H29ClN2O,372.94
MAFENIDE ACETATE,,CC(=O)O.NCc1ccc(S(N)(=O)=O)cc1,,CHEMBL1201161,C9H14N2O4S,246.29
DORZOLAMIDE HYDROCHLORIDE,,CCN[C@H]1C[C@H](C)S(=O)(=O)c2sc(S(N)(=O)=O)cc21.Cl,,CHEMBL1201162,C10H17ClN2O4S3,360.91
SUFENTANIL CITRATE,,CCC(=O)N(c1ccccc1)C1(COC)CCN(CCc2cccs2)CC1.O=C(O)CC(O)(CC(=O)O)C(=O)O,,CHEMBL1201163,C28H38N2O9S,578.68
QUINESTROL,,C#C[C@]1(O)CC[C@H]2[C@@H]3CCc4cc(OC5CCCC5)ccc4[C@H]3CC[C@@]21C,,CHEMBL1201165,C25H32O2,364.53
CARVEDILOL PHOSPHATE,,COc1ccccc1OCCNCC(O)COc1cccc2[nH]c3ccccc3c12.O=P(O)(O)O,,CHEMBL1201167,C24H29N2O8P,504.48
ISOCARBOXAZID,,Cc1cc(C(=O)NNCc2ccccc2)no1,,CHEMBL1201168,C12H13N3O2,231.25
LITHIUM CITRATE ANHYDROUS,,O=C([O-])CC(O)(CC(=O)[O-])C(=O)[O-].[Li+].[Li+].[Li+],,CHEMBL1201170,C6H5Li3O7,209.92
PRAMOXINE HYDROCHLORIDE,,CCCCOc1ccc(OCCCN2CCOCC2)cc1.Cl,,CHEMBL1201171,C17H28ClNO3,329.87
IODAMIDE MEGLUMINE,,CC(=O)NCc1c(I)c(NC(C)=O)c(I)c(C(=O)O)c1I.CNC[C@H](O)[C@@H](O)[C@H](O)[C@H](O)CO,,CHEMBL1201172,C19H28I3N3O9,823.16
MEDRYSONE,,CC(=O)[C@H]1CC[C@H]2[C@@H]3C[C@H](C)C4=CC(=O)CC[C@]4(C)[C@H]3[C@@H](O)C[C@]12C,,CHEMBL1201173,C22H32O3,344.50
SITAGLIPTIN PHOSPHATE,,N[C@@H](CC(=O)N1CCn2c(nnc2C(F)(F)F)C1)Cc1cc(F)c(F)cc1F.O.O=P(O)(O)O,,CHEMBL1201174,C16H20F6N5O6P,523.33
LEVOBUNOLOL HYDROCHLORIDE,,CC(C)(C)NC[C@H](O)COc1cccc2c1CCCC2=O.Cl,,CHEMBL1201177,C17H26ClNO3,327.85
LISDEXAMFETAMINE DIMESYLATE,,CS(=O)(=O)O.CS(=O)(=O)O.C[C@@H](Cc1ccccc1)NC(=O)[C@@H](N)CCCCN,,CHEMBL1201178,C17H33N3O7S2,455.60
LAPATINIB DITOSYLATE,,CS(=O)(=O)CCNCc1ccc(-c2ccc3ncnc(Nc4ccc(OCc5cccc(F)c5)c(Cl)c4)c3c2)o1.Cc1ccc(S(=O)(=O)O)cc1.Cc1ccc(S(=O)(=O)O)cc1.O,,CHEMBL1201179,C43H44ClFN4O11S3,943.49
DICLOFENAC EPOLAMINE,,O=C(O)Cc1ccccc1Nc1c(Cl)cccc1Cl.OCCN1CCCC1,,CHEMBL1201180,C20H24Cl2N2O3,411.33
TEMSIROLIMUS,,CO[C@H]1C[C@@H]2CC[C@@H](C)[C@@](O)(O2)C(=O)C(=O)N2CCCC[C@H]2C(=O)O[C@H]([C@H](C)C[C@@H]2CC[C@@H](OC(=O)C(C)(CO)CO)[C@H](OC)C2)CC(=O)[C@H](C)/C=C(\C)[C@@H](O)[C@@H](OC)C(=O)[C@H](C)C[C@H](C)/C=C/C=C/C=C/1C,,CHEMBL1201182,C56H87NO16,1030.30
LANREOTIDE ACETATE,,CC(=O)O.CC(C)[C@@H]1NC(=O)[C@H](CCCCN)NC(=O)[C@@H](Cc2c[nH]c3ccccc23)NC(=O)[C@H](Cc2ccc(O)cc2)NC(=O)[C@@H](NC(=O)[C@H](N)Cc2ccc3ccccc3c2)CSSC[C@@H](C(=O)N[C@H](C(N)=O)[C@@H](C)O)NC1=O,,CHEMBL1201184,C56H73N11O12S2,1156.40
LANREOTIDE,,CC(C)[C@@H]1NC(=O)[C@H](CCCCN)NC(=O)[C@@H](Cc2c[nH]c3ccccc23)NC(=O)[C@H](Cc2ccc(O)cc2)NC(=O)[C@@H](NC(=O)[C@H](N)Cc2ccc3ccccc3c2)CSSC[C@@H](C(=O)N[C@H](C(N)=O)[C@@H](C)O)NC1=O,,CHEMBL1201185,C54H69N11O10S2,1096.35
AMMONIA N 13,,[13NH3],,CHEMBL1201189,H3N,16.03
LEVOCETIRIZINE DIHYDROCHLORIDE,,Cl.Cl.O=C(O)COCCN1CCN([C@H](c2ccccc2)c2ccc(Cl)cc2)CC1,,CHEMBL1201190,C21H27Cl3N2O3,461.82
LEVOCETIRIZINE,,O=C(O)COCCN1CCN([C@H](c2ccccc2)c2ccc(Cl)cc2)CC1,,CHEMBL1201191,C21H25ClN2O3,388.90
ARMODAFINIL,,NC(=O)C[S@@+]([O-])C(c1ccccc1)c1ccccc1,,CHEMBL1201192,C15H15NO2S,273.36
LEVOBUPIVACAINE,,CCCCN1CCCC[C@H]1C(=O)Nc1c(C)cccc1C,,CHEMBL1201193,C18H28N2O,288.44
CEFMETAZOLE,,CO[C@@]1(NC(=O)CSCC#N)C(=O)N2C(C(=O)O)=C(CSc3nnnn3C)CS[C@@H]21,,CHEMBL1201195,C15H17N7O5S3,471.55
SERTACONAZOLE,,Clc1ccc(C(Cn2ccnc2)OCc2csc3c(Cl)cccc23)c(Cl)c1,,CHEMBL1201196,C20H15Cl3N2OS,437.78
ALATROFLOXACIN,,C[C@H](N)C(=O)N[C@@H](C)C(=O)N[C@H]1[C@@H]2CN(c3nc4c(cc3F)c(=O)c(C(=O)O)cn4-c3ccc(F)cc3F)C[C@@H]21,,CHEMBL1201197,C26H25F3N6O5,558.52
PEMIROLAST,,Cc1cccn2c(=O)c(-c3nnn[nH]3)cnc12,,CHEMBL1201198,C10H8N6O,228.22
LEUPROLIDE,,CCNC(=O)[C@@H]1CCCN1C(=O)[C@H](CCCNC(=N)N)NC(=O)[C@H](CC(C)C)NC(=O)[C@@H](CC(C)C)NC(=O)[C@H](Cc1ccc(O)cc1)NC(=O)[C@H](CO)NC(=O)[C@H](Cc1c[nH]c2ccccc12)NC(=O)[C@H](Cc1c[nH]cn1)NC(=O)[C@@H]1CCC(=O)N1,,CHEMBL1201199,C59H84N16O12,1209.42
METHAMPHETAMINE,,CN[C@@H](C)Cc1ccccc1,,CHEMBL1201201,C10H15N,149.24
FONDAPARINUX,,CO[C@H]1O[C@H](COS(=O)(=O)O)[C@@H](O[C@@H]2O[C@@H](C(=O)O)[C@@H](O[C@H]3O[C@H](COS(=O)(=O)O)[C@@H](O[C@@H]4O[C@H](C(=O)O)[C@@H](O[C@H]5O[C@H](COS(=O)(=O)O)[C@@H](O)[C@H](O)[C@H]5NS(=O)(=O)O)[C@H](O)[C@H]4O)[C@H](OS(=O)(=O)O)[C@H]3NS(=O)(=O)O)[C@H](O)[C@H]2OS(=O)(=O)O)[C@H](O)[C@H]1NS(=O)(=O)O,,CHEMBL1201202,C31H53N3O49S8,1508.27
BENZTROPINE,,CN1[C@@H]2CC[C@H]1C[C@@H](OC(c1ccccc1)c1ccccc1)C2,,CHEMBL1201203,C21H25NO,307.44
CEFPIRAMIDE,,Cc1cc(O)c(C(=O)N[C@@H](C(=O)N[C@@H]2C(=O)N3C(C(=O)O)=C(CSc4nnnn4C)CS[C@H]23)c2ccc(O)cc2)cn1,,CHEMBL1201204,C25H24N8O7S2,612.65
PIPECURONIUM,,CC(=O)O[C@H]1C[C@@H]2CC[C@@H]3[C@H](CC[C@@]4(C)[C@H]3C[C@H](N3CC[N+](C)(C)CC3)[C@@H]4OC(C)=O)[C@@]2(C)C[C@@H]1N1CC[N+](C)(C)CC1,,CHEMBL1201206,C35H62N4O4+2,602.91
BETAMETHASONE PHOSPHORIC ACID,,C[C@H]1C[C@H]2[C@@H]3CCC4=CC(=O)C=C[C@]4(C)[C@@]3(F)[C@@H](O)C[C@]2(C)[C@@]1(O)C(=O)COP(=O)(O)O,,CHEMBL1201207,C22H30FO8P,472.45
PHENMETRAZINE,,CC1NCCOC1c1ccccc1,,CHEMBL1201208,C11H15NO,177.25
PROPIOMAZINE,,CCC(=O)c1ccc2c(c1)N(CC(C)N(C)C)c1ccccc1S2,,CHEMBL1201210,C20H24N2OS,340.49
MIDODRINE,,COc1ccc(OC)c(C(O)CNC(=O)CN)c1,,CHEMBL1201212,C12H18N2O4,254.29
ISOETHARINE,,CCC(NC(C)C)C(O)c1ccc(O)c(O)c1,,CHEMBL1201213,C13H21NO3,239.31
DAPIPRAZOLE,,Cc1ccccc1N1CCN(CCc2nnc3n2CCCC3)CC1,,CHEMBL1201216,C19H27N5,325.46
DYCLONINE,,CCCCOc1ccc(C(=O)CCN2CCCCC2)cc1,,CHEMBL1201217,C18H27NO2,289.42
CEFAMANDOLE NAFATE FREE BASE,,Cn1nnnc1SCC1=C(C(=O)O)N2C(=O)[C@@H](NC(=O)[C@H](OC=O)c3ccccc3)[C@H]2SC1,,CHEMBL1201218,C19H18N6O6S2,490.52
VECURONIUM,,CC(=O)O[C@H]1C[C@@H]2CC[C@@H]3[C@H](CC[C@@]4(C)[C@H]3C[C@H]([N+]3(C)CCCCC3)[C@@H]4OC(C)=O)[C@@]2(C)C[C@@H]1N1CCCCC1,,CHEMBL1201219,C34H57N2O4+,557.84
DIATRIZOIC ACID,,CC(=O)Nc1c(I)c(NC(C)=O)c(I)c(C(=O)O)c1I,,CHEMBL1201220,C11H9I3N2O4,613.91
LISDEXAMFETAMINE,,C[C@@H](Cc1ccccc1)NC(=O)[C@@H](N)CCCCN,,CHEMBL1201222,C15H25N3O,263.38
CEFMENOXIME,,CO/N=C(\C(=O)N[C@@H]1C(=O)N2C(C(=O)O)=C(CSc3nnnn3C)CS[C@H]12)c1csc(N)n1,,CHEMBL1201224,C16H17N9O5S3,511.57
CYCRIMINE,,OC(CCN1CCCCC1)(c1ccccc1)C1CCCC1,,CHEMBL1201227,C19H29NO,287.45
DEMECARIUM,,CN(CCCCCCCCCCN(C)C(=O)Oc1cccc([N+](C)(C)C)c1)C(=O)Oc1cccc([N+](C)(C)C)c1,,CHEMBL1201229,C32H52N4O4+2,556.79
PREDNISOLONE PHOSPHORIC ACID,,C[C@]12C=CC(=O)C=C1CC[C@@H]1[C@@H]2[C@@H](O)C[C@@]2(C)[C@H]1CC[C@]2(O)C(=O)COP(=O)(O)O,,CHEMBL1201231,C21H29O8P,440.43
ISOPROPAMIDE,,CC(C)[N+](C)(CCC(C(N)=O)(c1ccccc1)c1ccccc1)C(C)C,,CHEMBL1201232,C23H33N2O+,353.53
METHYLDOPATE,,CCOC(=O)[C@@](C)(N)Cc1ccc(O)c(O)c1,,CHEMBL1201233,C12H17NO4,239.27
MEPHENTERMINE,,CNC(C)(C)Cc1ccccc1,,CHEMBL1201234,C11H17N,163.26
METHYLHOMATROPINE,,C[N+]1(C)[C@@H]2CC[C@H]1C[C@@H](OC(=O)C(O)c1ccccc1)C2,,CHEMBL1201235,C17H24NO3+,290.38
CARBIDOPA ANHYDROUS,,C[C@@](Cc1ccc(O)c(O)c1)(NN)C(=O)O,,CHEMBL1201236,C10H14N2O4,226.23
LEVOBUNOLOL,,CC(C)(C)NC[C@H](O)COc1cccc2c1CCCC2=O,,CHEMBL1201237,C17H25NO3,291.39
IODAMIDE,,CC(=O)NCc1c(I)c(NC(C)=O)c(I)c(C(=O)O)c1I,,CHEMBL1201239,C12H11I3N2O4,627.94
INDECAINIDE,,CC(C)NCCCC1(C(N)=O)c2ccccc2-c2ccccc21,,CHEMBL1201242,C20H24N2O,308.43
IPODATE,,CN(C)/C=N/c1c(I)cc(I)c(CCC(=O)O)c1I,,CHEMBL1201243,C12H13I3N2O2,597.96
ROCURONIUM,,C=CC[N+]1([C@H]2C[C@H]3[C@@H]4CC[C@H]5C[C@H](O)[C@@H](N6CCOCC6)C[C@]5(C)[C@H]4CC[C@]3(C)[C@H]2OC(C)=O)CCCC1,,CHEMBL1201244,C32H53N2O4+,529.79
BROMODIPHENHYDRAMINE,,CN(C)CCOC(c1ccccc1)c1ccc(Br)cc1,,CHEMBL1201245,C17H20BrNO,334.26
GOSERELIN,,CC(C)C[C@H](NC(=O)[C@@H](COC(C)(C)C)NC(=O)[C@H](Cc1ccc(O)cc1)NC(=O)[C@H](CO)NC(=O)[C@H](Cc1c[nH]c2ccccc12)NC(=O)[C@H](Cc1cnc[nH]1)NC(=O)[C@@H]1CCC(=O)N1)C(=O)N[C@@H](CCCNC(=N)N)C(=O)N1CCC[C@H]1C(=O)NNC(N)=O,,CHEMBL1201247,C59H84N18O14,1269.43
CISATRACURIUM,,COc1ccc(C[C@@H]2c3cc(OC)c(OC)cc3CC[N@+]2(C)CCC(=O)OCCCCCOC(=O)CC[N@@+]2(C)CCc3cc(OC)c(OC)cc3[C@H]2Cc2ccc(OC)c(OC)c2)cc1OC,,CHEMBL1201248,C53H72N2O12+2,929.16
BENZQUINAMIDE,,CCN(CC)C(=O)C1CN2CCc3cc(OC)c(OC)cc3C2CC1OC(C)=O,,CHEMBL1201250,C22H32N2O5,404.51
ARBUTAMINE,,Oc1ccc(CCCCNC[C@H](O)c2ccc(O)c(O)c2)cc1,,CHEMBL1201251,C18H23NO4,317.39
HISTRELIN,,CCNC(=O)[C@@H]1CCCN1C(=O)[C@H](CCCNC(=N)N)NC(=O)[C@H](CC(C)C)NC(=O)[C@@H](Cc1cn(Cc2ccccc2)cn1)NC(=O)[C@H](Cc1ccc(O)cc1)NC(=O)[C@H](CO)NC(=O)[C@H](Cc1c[nH]c2ccccc12)NC(=O)[C@H](Cc1cnc[nH]1)NC(=O)[C@@H]1CCC(=O)N1,,CHEMBL1201255,C66H86N18O12,1323.53
TRIMETHOBENZAMIDE,,COc1cc(C(=O)NCc2ccc(OCCN(C)C)cc2)cc(OC)c1OC,,CHEMBL1201256,C21H28N2O5,388.46
BETHANIDINE,,C/N=C(\NC)NCc1ccccc1,,CHEMBL1201260,C10H15N3,177.25
TYROPANOIC ACID,,CCCC(=O)Nc1c(I)cc(I)c(CC(CC)C(=O)O)c1I,,CHEMBL1201261,C15H18I3NO3,641.02
DIPIVEFRIN,,CNCC(O)c1ccc(OC(=O)C(C)(C)C)c(OC(=O)C(C)(C)C)c1,,CHEMBL1201262,C19H29NO5,351.44
HYDROCORTAMATE,,CCN(CC)CC(=O)OCC(=O)[C@@]1(O)CC[C@H]2[C@@H]3CCC4=CC(=O)CC[C@]4(C)[C@H]3[C@@H](O)C[C@@]21C,,CHEMBL1201263,C27H41NO6,475.63
METHANTHELINE,,CC[N+](C)(CC)CCOC(=O)C1c2ccccc2Oc2ccccc21,,CHEMBL1201264,C21H26NO3+,340.44
METHYLPREDNISOLONE HEMISUCCINATE,,C[C@H]1C[C@@H]2[C@H]([C@@H](O)C[C@@]3(C)[C@H]2CC[C@]3(O)C(=O)COC(=O)CCC(=O)O)[C@@]2(C)C=CC(=O)C=C12,,CHEMBL1201265,C26H34O8,474.55
LODOXAMIDE,,N#Cc1cc(NC(=O)C(=O)O)c(Cl)c(NC(=O)C(=O)O)c1,,CHEMBL1201266,C11H6ClN3O6,311.64
CHLORPHENTERMINE,,CC(C)(N)Cc1ccc(Cl)cc1,,CHEMBL1201269,C10H14ClN,183.68
METHENAMINE,,C1N2CN3CN1CN(C2)C3,,CHEMBL1201270,C6H12N4,140.19
BUCLIZINE,,CC(C)(C)c1ccc(CN2CCN(C(c3ccccc3)c3ccc(Cl)cc3)CC2)cc1,,CHEMBL1201271,C28H33ClN2,433.04
PROTOKYLOL,,CC(Cc1ccc2c(c1)OCO2)NCC(O)c1ccc(O)c(O)c1,,CHEMBL1201273,C18H21NO5,331.37
LEVOBETAXOLOL,,CC(C)NC[C@H](O)COc1ccc(CCOCC2CC2)cc1,,CHEMBL1201274,C18H29NO3,307.43
ISOSULFAN BLUE INNER SALT,,CCN(CC)c1ccc(C(=C2C=CC(=[N+](CC)CC)C=C2)c2cc(S(=O)(=O)[O-])ccc2S(=O)(=O)O)cc1,,CHEMBL1201275,C27H32N2O6S2,544.70
CHLORAMPHENICOL SUCCINIC ACID,,O=C(O)CCC(=O)OC[C@@H](NC(=O)C(Cl)Cl)[C@H](O)c1ccc([N+](=O)[O-])cc1,,CHEMBL1201281,C15H16Cl2N2O8,423.20
CINACALCET,,C[C@@H](NCCCc1cccc(C(F)(F)F)c1)c1cccc2ccccc12,,CHEMBL1201284,C22H22F3N,357.42
OXYPHENONIUM,,CC[N+](C)(CC)CCOC(=O)C(O)(c1ccccc1)C1CCCCC1,,CHEMBL1201286,C21H34NO3+,348.51
DEXBROMPHENIRAMINE,,CN(C)CC[C@@H](c1ccc(Br)cc1)c1ccccn1,,CHEMBL1201287,C16H19BrN2,319.25
DANTROLENE,,O=C1CN(/N=C/c2ccc(-c3ccc([N+](=O)[O-])cc3)o2)C(=O)N1,,CHEMBL1201288,C14H10N4O5,314.26
CLINDAMYCIN PALMITATE,,CCCCCCCCCCCCCCCC(=O)O[C@@H]1[C@@H](O)[C@@H](O)[C@@H]([C@H](NC(=O)[C@@H]2C[C@@H](CCC)CN2C)[C@H](C)Cl)O[C@@H]1SC,,CHEMBL1201289,C34H63ClN2O6S,663.41
IOXAGLIC ACID,,CNC(=O)c1c(I)c(C(=O)NCC(=O)Nc2c(I)c(C(=O)O)c(I)c(C(=O)NCCO)c2I)c(I)c(N(C)C(C)=O)c1I,,CHEMBL1201291,C24H21I6N5O8,1268.88
ACAMPROSATE,,CC(=O)NCCCS(=O)(=O)O,,CHEMBL1201293,C5H11NO4S,181.21
DIPHENOXYLATE,,CCOC(=O)C1(c2ccccc2)CCN(CCC(C#N)(c2ccccc2)c2ccccc2)CC1,,CHEMBL1201294,C30H32N2O2,452.60
BITOLTEROL,,Cc1ccc(C(=O)Oc2ccc(C(O)CNC(C)(C)C)cc2OC(=O)c2ccc(C)cc2)cc1,,CHEMBL1201295,C28H31NO5,461.56
IOTHALAMIC ACID,,CNC(=O)c1c(I)c(NC(C)=O)c(I)c(C(=O)O)c1I,,CHEMBL1201300,C11H9I3N2O4,613.91
DEXAMETHASONE PHOSPHORIC ACID,,C[C@@H]1C[C@H]2[C@@H]3CCC4=CC(=O)C=C[C@]4(C)[C@@]3(F)[C@@H](O)C[C@]2(C)[C@@]1(O)C(=O)COP(=O)(O)O,,CHEMBL1201302,C22H30FO8P,472.45
PYRVINIUM,,Cc1cc(/C=C/c2ccc3cc(N(C)C)ccc3[n+]2C)c(C)n1-c1ccccc1,,CHEMBL1201303,C26H28N3+,382.53
INDOCYANINE GREEN ACID FORM,,CC1(C)C(/C=C/C=C/C=C/C=C2\N(CCCCS(=O)(=O)O)c3ccc4ccccc4c3C2(C)C)=[N+](CCCCS(=O)(=O)[O-])c2ccc3ccccc3c21,,CHEMBL1201304,C43H48N2O6S2,753.00
IOFETAMINE,,CC(C)NC(C)Cc1ccc(I)cc1,,CHEMBL1201308,C12H18IN,303.19
NAFARELIN,,CC(C)C[C@H](NC(=O)[C@@H](Cc1cccc2ccccc12)NC(=O)[C@H](Cc1ccc(O)cc1)NC(=O)[C@H](CO)NC(=O)[C@H](Cc1c[nH]c2ccccc12)NC(=O)[C@H](Cc1cnc[nH]1)NC(=O)[C@@H]1CCC(=O)N1)C(=O)N[C@@H](CCCNC(=N)N)C(=O)N1CCC[C@H]1C(=O)NCC(N)=O,,CHEMBL1201309,C66H83N17O13,1322.50
CHLOPHEDIANOL,,CN(C)CCC(O)(c1ccccc1)c1ccccc1Cl,,CHEMBL1201313,C17H20ClNO,289.81
VALGANCICLOVIR,,CC(C)[C@H](N)C(=O)OCC(CO)OCn1cnc2c(=O)[nH]c(N)nc21,,CHEMBL1201314,C14H22N6O5,354.37
TRICLOFOS,,O=P(O)(O)OCC(Cl)(Cl)Cl,,CHEMBL1201317,C2H4Cl3O4P,229.38
METARAMINOL,,C[C@H](N)[C@H](O)c1cccc(O)c1,,CHEMBL1201319,C9H13NO2,167.21
ESOMEPRAZOLE,,COc1ccc2[nH]c([S@@+]([O-])Cc3ncc(C)c(OC)c3C)nc2c1,,CHEMBL1201320,C17H19N3O3S,345.42
DIFENOXIN,,N#CC(CCN1CCC(C(=O)O)(c2ccccc2)CC1)(c1ccccc1)c1ccccc1,,CHEMBL1201321,C28H28N2O2,424.54
THONZONIUM,,CCCCCCCCCCCCCCCC[N+](C)(C)CCN(Cc1ccc(OC)cc1)c1ncccn1,,CHEMBL1201322,C32H55N4O+,511.82
BETAZOLE,,NCCc1cc[nH]n1,,CHEMBL1201323,C5H9N3,111.15
HEXOCYCLIUM,,C[N+]1(C)CCN(CC(O)(c2ccccc2)C2CCCCC2)CC1,,CHEMBL1201325,C20H33N2O+,317.50
ACETRIZOIC ACID,,CC(=O)Nc1c(I)cc(I)c(C(=O)O)c1I,,CHEMBL1201327,C9H6I3NO3,556.86
CARPHENAZINE,,CCC(=O)c1ccc2c(c1)N(CCCN1CCN(CCO)CC1)c1ccccc1S2,,CHEMBL1201328,C24H31N3O2S,425.60
TRIMETHAPHAN,,O=C1N(Cc2ccccc2)C2C[S+]3CCCC3C2N1Cc1ccccc1,,CHEMBL1201329,C22H25N2OS+,365.52
TRIPTORELIN,,CC(C)C[C@H](NC(=O)[C@@H](Cc1c[nH]c2ccccc12)NC(=O)[C@H](Cc1ccc(O)cc1)NC(=O)[C@H](CO)NC(=O)[C@H](Cc1c[nH]c2ccccc12)NC(=O)[C@H](Cc1c[nH]cn1)NC(=O)[C@@H]1CCC(=O)N1)C(=O)N[C@@H](CCCNC(=N)N)C(=O)N1CCC[C@H]1C(=O)NCC(N)=O,,CHEMBL1201334,C64H82N18O13,1311.47
GLYCOPYRRONIUM,,C[N+]1(C)CCC(OC(=O)C(O)(c2ccccc2)C2CCCC2)C1,,CHEMBL1201335,C19H28NO3+,318.44
FOSPHENYTOIN,,O=C1NC(c2ccccc2)(c2ccccc2)C(=O)N1COP(=O)(O)O,,CHEMBL1201336,C16H15N2O6P,362.28
CYCLOPENTOLATE,,CN(C)CCOC(=O)C(c1ccccc1)C1(O)CCCC1,,CHEMBL1201338,C17H25NO3,291.39
DIPHEMANIL,,C[N+]1(C)CCC(=C(c2ccccc2)c2ccccc2)CC1,,CHEMBL1201340,C20H24N+,278.42
ECHOTHIOPHATE,,CCOP(=O)(OCC)SCC[N+](C)(C)C,,CHEMBL1201341,C9H23NO3PS+,256.33
METHIXENE,,CN1CCCC(CC2c3ccccc3Sc3ccccc32)C1,,CHEMBL1201342,C20H23NS,309.48
TETRADECYL SULFURIC ACID,,CCCCC(CC)CCC(CC(C)C)OS(=O)(=O)O,,CHEMBL1201345,C14H30O4S,294.46
BALSALAZIDE,,O=C(O)CCNC(=O)c1ccc(/N=N/c2ccc(O)c(C(=O)O)c2)cc1,,CHEMBL1201346,C17H15N3O6,357.32
ANILERIDINE,,CCOC(=O)C1(c2ccccc2)CCN(CCc2ccc(N)cc2)CC1,,CHEMBL1201347,C22H28N2O2,352.48
MENADIOL DIPHOSPHORIC ACID,,Cc1cc(OP(=O)(O)O)c2ccccc2c1OP(=O)(O)O,,CHEMBL1201348,C11H12O8P2,334.16
HEXAFLUORENIUM,,C[N+](C)(CCCCCC[N+](C)(C)C1c2ccccc2-c2ccccc21)C1c2ccccc2-c2ccccc21,,CHEMBL1201349,C36H42N2+2,502.75
RAPACURONIUM,,C=CC[N+]1([C@H]2C[C@H]3[C@@H]4CC[C@H]5C[C@H](OC(C)=O)[C@@H](N6CCCCC6)C[C@]5(C)[C@H]4CC[C@]3(C)[C@H]2OC(=O)CC)CCCCC1,,CHEMBL1201352,C37H61N2O4+,597.91
DEXCHLORPHENIRAMINE,,CN(C)CC[C@@H](c1ccc(Cl)cc1)c1ccccn1,,CHEMBL1201353,C16H19ClN2,274.80
TRIDIHEXETHYL,,CC[N+](CC)(CC)CCC(O)(c1ccccc1)C1CCCCC1,,CHEMBL1201354,C21H36NO+,318.53
CERULETIDE,,CSCC[C@H](NC(=O)[C@H](Cc1c[nH]c2ccccc12)NC(=O)CNC(=O)[C@@H](NC(=O)[C@H](Cc1ccc(OS(=O)(=O)O)cc1)NC(=O)[C@H](CC(=O)O)NC(=O)[C@H](CCC(N)=O)NC(=O)[C@@H]1CCC(=O)N1)[C@@H](C)O)C(=O)N[C@@H](CC(=O)O)C(=O)N[C@@H](Cc1ccccc1)C(N)=O,,CHEMBL1201355,C58H73N13O21S2,1352.43
METHYLERGONOVINE,,CC[C@@H](CO)NC(=O)[C@@H]1C=C2c3cccc4[nH]cc(c34)C[C@H]2N(C)C1,,CHEMBL1201356,C20H25N3O2,339.44
DESVENLAFAXINE SUCCINATE,,CN(C)CC(c1ccc(O)cc1)C1(O)CCCCC1.O=C(O)CCC(=O)O,,CHEMBL1201728,C20H31NO6,381.47
DRONEDARONE HYDROCHLORIDE,,CCCCc1oc2ccc(NS(C)(=O)=O)cc2c1C(=O)c1ccc(OCCCN(CCCC)CCCC)cc1.Cl,,CHEMBL1201729,C31H45ClN2O5S,593.23
NEBIVOLOL HYDROCHLORIDE,,Cl.OC(CNCC(O)C1CCc2cc(F)ccc2O1)C1CCc2cc(F)ccc2O1,,CHEMBL1201731,C22H26ClF2NO4,441.90
PAZOPANIB HYDROCHLORIDE,,Cc1ccc(Nc2nccc(N(C)c3ccc4c(C)n(C)nc4c3)n2)cc1S(N)(=O)=O.Cl,,CHEMBL1201733,C21H24ClN7O2S,473.99
BENDAMUSTINE HYDROCHLORIDE,,Cl.Cn1c(CCCC(=O)O)nc2cc(N(CCCl)CCCl)ccc21,,CHEMBL1201734,C16H22Cl3N3O2,394.73
BUPROPION HYDROBROMIDE,,Br.CC(NC(C)(C)C)C(=O)c1cccc(Cl)c1,,CHEMBL1201735,C13H19BrClNO,320.66
NILOTINIB HYDROCHLORIDE MONOHYDRATE,,Cc1cn(-c2cc(NC(=O)c3ccc(C)c(Nc4nccc(-c5cccnc5)n4)c3)cc(C(F)(F)F)c2)cn1.Cl.O,,CHEMBL1201740,C28H25ClF3N7O2,584.00
SAXAGLIPTIN HYDROCHLORIDE,,Cl.N#C[C@@H]1C[C@@H]2C[C@@H]2N1C(=O)[C@@H](N)C12CC3CC(CC(O)(C3)C1)C2,,CHEMBL1201743,C18H26ClN3O2,351.88
CHOLINE FENOFIBRATE,,CC(C)(Oc1ccc(C(=O)c2ccc(Cl)cc2)cc1)C(=O)[O-].C[N+](C)(C)CCO,,CHEMBL1201745,C22H28ClNO5,421.92
PRALATREXATE,,C#CCC(Cc1cnc2nc(N)nc(N)c2n1)c1ccc(C(=O)N[C@@H](CCC(=O)O)C(=O)O)cc1,,CHEMBL1201746,C23H23N7O5,477.48
ALCAFTADINE,,CN1CCC(=C2c3ccccc3CCn3c(C=O)cnc32)CC1,,CHEMBL1201747,C19H21N3O,307.40
CABAZITAXEL,,CO[C@H]1C(=O)[C@]2(C)[C@@H](OC)C[C@H]3OC[C@@]3(OC(C)=O)[C@H]2[C@H](OC(=O)c2ccccc2)[C@]2(O)C[C@H](OC(=O)[C@H](O)[C@@H](NC(=O)OC(C)(C)C)c3ccccc3)C(C)=C1C2(C)C,,CHEMBL1201748,C45H57NO14,835.94
DIFLUPREDNATE,,CCCC(=O)O[C@]1(C(=O)COC(C)=O)CC[C@H]2[C@@H]3C[C@H](F)C4=CC(=O)C=C[C@]4(C)[C@@]3(F)[C@@H](O)C[C@@]21C,,CHEMBL1201749,C27H34F2O7,508.56
IXABEPILONE,,C/C(=C\c1csc(C)n1)[C@@H]1C[C@@H]2O[C@]2(C)CCC[C@H](C)[C@H](O)[C@@H](C)C(=O)C(C)(C)[C@@H](O)CC(=O)N1,,CHEMBL1201752,C27H42N2O5S,506.71
PITAVASTATIN,,O=C(O)C[C@H](O)C[C@H](O)/C=C/c1c(C2CC2)nc2ccccc2c1-c1ccc(F)cc1,,CHEMBL1201753,C25H24FNO4,421.47
RUFINAMIDE,,NC(=O)c1cn(Cc2c(F)cccc2F)nn1,,CHEMBL1201754,C10H8F2N4O,238.20
BEPOTASTINE,,O=C(O)CCCN1CCC(O[C@@H](c2ccc(Cl)cc2)c2ccccn2)CC1,,CHEMBL1201758,C21H25ClN2O3,388.90
BEPOTASTINE BESYLATE,,O=C(O)CCCN1CCC(O[C@@H](c2ccc(Cl)cc2)c2ccccn2)CC1.O=S(=O)(O)c1ccccc1,,CHEMBL1201759,C27H31ClN2O6S,547.07
BESIFLOXACIN,,N[C@@H]1CCCCN(c2c(F)cc3c(=O)c(C(=O)O)cn(C4CC4)c3c2Cl)C1,,CHEMBL1201760,C19H21ClFN3O3,393.85
BESIFLOXACIN HYDROCHLORIDE,,Cl.N[C@@H]1CCCCN(c2c(F)cc3c(=O)c(C(=O)O)cn(C4CC4)c3c2Cl)C1,,CHEMBL1201761,C19H22Cl2FN3O3,430.31
FESOTERODINE,,CC(C)C(=O)Oc1ccc(CO)cc1[C@H](CCN(C(C)C)C(C)C)c1ccccc1,,CHEMBL1201764,C26H37NO3,411.59
FESOTERODINE FUMARATE,,CC(C)C(=O)Oc1ccc(CO)cc1[C@H](CCN(C(C)C)C(C)C)c1ccccc1.O=C(O)/C=C/C(=O)O,,CHEMBL1201765,C30H41NO7,527.66
FOSPROPOFOL,,CC(C)c1cccc(C(C)C)c1OCOP(=O)(O)O,,CHEMBL1201766,C13H21O5P,288.28
METHYLNALTREXONE BROMIDE,,C[N+]1(CC2CC2)CC[C@]23c4c5ccc(O)c4O[C@H]2C(=O)CC[C@@]3(O)[C@H]1C5.[Br-],,CHEMBL1201770,C21H26BrNO4,436.35
PRASUGREL,,CC(=O)Oc1cc2c(s1)CCN(C(C(=O)C1CC1)c1ccccc1F)C2,,CHEMBL1201772,C20H20FNO3S,373.45
PRASUGREL HYDROCHLORIDE,,CC(=O)Oc1cc2c(s1)CCN(C(C(=O)C1CC1)c1ccccc1F)C2.Cl,,CHEMBL1201773,C20H21ClFNO3S,409.91
SAPROPTERIN,,C[C@H](O)[C@H](O)[C@H]1CNc2nc(N)[nH]c(=O)c2N1,,CHEMBL1201774,C9H15N5O3,241.25
SAPROPTERIN DIHYDROCHLORIDE,,C[C@H](O)[C@H](O)[C@H]1CNc2[nH]c(N)nc(=O)c2N1.Cl.Cl,,CHEMBL1201775,C9H17Cl2N5O3,314.17
TAPENTADOL,,CC[C@@H](c1cccc(O)c1)[C@@H](C)CN(C)C,,CHEMBL1201776,C14H23NO,221.34
TAPENTADOL HYDROCHLORIDE,,CC[C@@H](c1cccc(O)c1)[C@@H](C)CN(C)C.Cl,,CHEMBL1201777,C14H24ClNO,257.81
CARGLUMIC ACID,,NC(=O)N[C@@H](CCC(=O)O)C(=O)O,,CHEMBL1201780,C6H10N2O5,190.16
FOSAPREPITANT DIMEGLUMINE,,CNC[C@H](O)[C@@H](O)[C@H](O)[C@H](O)CO.CNC[C@H](O)[C@@H](O)[C@H](O)[C@H](O)CO.C[C@@H](O[C@H]1OCCN(Cc2nn(P(=O)(O)O)c(=O)[nH]2)[C@H]1c1ccc(F)cc1)c1cc(C(F)(F)F)cc(C(F)(F)F)c1,,CHEMBL1201782,C37H56F7N6O16P,1004.84
HEXAMINOLEVULINATE,,CCCCCCOC(=O)CCC(=O)CN,,CHEMBL1201784,C11H21NO3,215.29
HEXAMINOLEVULINATE HYDROCHLORIDE,,CCCCCCOC(=O)CCC(=O)CN.Cl,,CHEMBL1201785,C11H22ClNO3,251.75
LAPYRIUM,,CCCCCCCCCCCC(=O)OCCNC(=O)C[n+]1ccccc1,,CHEMBL1201786,C21H35N2O3+,363.52
LAPYRIUM CHLORIDE,,CCCCCCCCCCCC(=O)OCCNC(=O)C[n+]1ccccc1.[Cl-],,CHEMBL1201787,C21H35ClN2O3,398.98
RIBOFLAVIN 5'-PHOSPHATE,,Cc1cc2nc3c(=O)[nH]c(=O)nc-3n(C[C@H](O)[C@H](O)[C@H](O)COP(=O)(O)O)c2cc1C,,CHEMBL1201794,C17H21N4O9P,456.35
DEXLANSOPRAZOLE,,Cc1c(OCC(F)(F)F)ccnc1C[S@@+]([O-])c1nc2ccccc2[nH]1,,CHEMBL1201863,C16H14F3N3O2S,369.37
DIENOGEST,,C[C@]12CCC3=C4CCC(=O)C=C4CC[C@H]3[C@@H]1CC[C@@]2(O)CC#N,,CHEMBL1201864,C20H25NO2,311.42
DEFLAZACORT,,CC(=O)OCC(=O)[C@@]12N=C(C)O[C@@H]1C[C@H]1[C@@H]3CCC4=CC(=O)C=C[C@]4(C)[C@H]3[C@@H](O)C[C@@]12C,,CHEMBL1201891,C25H31NO6,441.52
DILEVALOL HYDROCHLORIDE,,C[C@H](CCc1ccccc1)NC[C@H](O)c1ccc(O)c(C(N)=O)c1.Cl,,CHEMBL1204165,C19H25ClN2O3,364.87
GEPIRONE HYDROCHLORIDE,,CC1(C)CC(=O)N(CCCCN2CCN(c3ncccn3)CC2)C(=O)C1.Cl,,CHEMBL1204187,C19H30ClN5O2,395.94
PARECOXIB,,CCC(=O)NS(=O)(=O)c1ccc(-c2c(-c3ccccc3)noc2C)cc1,,CHEMBL1206690,C19H18N2O4S,370.43
ELAGOLIX,,COc1cccc(-c2c(C)n(Cc3c(F)cccc3C(F)(F)F)c(=O)n(C[C@H](NCCCC(=O)O)c3ccccc3)c2=O)c1F,,CHEMBL1208155,C32H30F5N3O5,631.60
ROSE BENGAL FREE ACID,,O=C(O)c1c(Cl)c(Cl)c(Cl)c(Cl)c1-c1c2cc(I)c(=O)c(I)c-2oc2c(I)c(O)c(I)cc12,,CHEMBL1208422,C20H4Cl4I4O5,973.67
THIOSULFURIC ACID,,O=S(O)(O)=S,,CHEMBL1208642,H2O3S2,114.15
THEOPHYLLINE GLYCINATE,,Cn1c(=O)c2[nH]cnc2n(C)c1=O.NCC(=O)O,,CHEMBL1208646,C9H13N5O4,255.23
DOLUTEGRAVIR SODIUM,,C[C@@H]1CCO[C@H]2Cn3cc(C(=O)NCc4ccc(F)cc4F)c(=O)c([O-])c3C(=O)N12.[Na+],,CHEMBL1213165,C20H18F2N3NaO5,441.37
CEFTOLOZANE SULFATE,,Cn1c(N)c(NC(=O)NCCN)c[n+]1CC1=C(C(=O)O)N2C(=O)[C@@H](NC(=O)/C(=N\OC(C)(C)C(=O)[O-])c3nsc(N)n3)[C@H]2SC1.O=S(=O)(O)O,,CHEMBL1213250,C23H32N12O12S3,764.78
CLOBENZOREX,,CC(Cc1ccccc1)NCc1ccccc1Cl,,CHEMBL1213251,C16H18ClN,259.78
CLORAZEPIC ACID,,O=C(O)C1N=C(c2ccccc2)c2cc(Cl)ccc2NC1=O,,CHEMBL1213252,C16H11ClN2O3,314.73
PROPOXYPHENE,,CCC(=O)O[C@](Cc1ccccc1)(c1ccccc1)[C@H](C)CN(C)C,,CHEMBL1213351,C22H29NO2,339.48
GIVINOSTAT,,CCN(CC)Cc1ccc2cc(COC(=O)Nc3ccc(C(=O)NO)cc3)ccc2c1,,CHEMBL1213492,C24H27N3O4,421.50
PERAMPANEL,,N#Cc1ccccc1-c1cc(-c2ccccn2)cn(-c2ccccc2)c1=O,,CHEMBL1214124,C23H15N3O,349.39
DEXTROSE,,OC[C@H]1OC(O)[C@H](O)[C@@H](O)[C@@H]1O,,CHEMBL1222250,C6H12O6,180.16
DOLUTEGRAVIR,,C[C@@H]1CCO[C@H]2Cn3cc(C(=O)NCc4ccc(F)cc4F)c(=O)c(O)c3C(=O)N12,,CHEMBL1229211,C20H19F2N3O5,419.38
VEMURAFENIB,,CCCS(=O)(=O)Nc1ccc(F)c(C(=O)c2c[nH]c3ncc(-c4ccc(Cl)cc4)cc23)c1F,,CHEMBL1229517,C23H18ClF2N3O3S,489.93
ESTETROL ANHYDROUS,,C[C@]12CC[C@@H]3c4ccc(O)cc4CC[C@H]3[C@@H]1[C@@H](O)[C@@H](O)[C@@H]2O,,CHEMBL1230314,C18H24O4,304.39
LEVOMEFOLIC ACID,,CN1c2c([nH]c(N)nc2=O)NC[C@@H]1CNc1ccc(C(=O)N[C@@H](CCC(=O)O)C(=O)O)cc1,,CHEMBL1231574,C20H25N7O6,459.46
DOBESILIC ACID,,O=S(=O)(O)c1cc(O)ccc1O,,CHEMBL1232131,C6H6O5S,190.18
KRYPTON,,[Kr],,CHEMBL1233877,Kr,83.80
NITROUS OXIDE,,[N-]=[N+]=O,,CHEMBL1234579,N2O,44.01
OXYGEN,,O=O,,CHEMBL1234886,O2,32.00
SULFUR,,S1SSSSSSS1,,CHEMBL1235452,S8,256.54
TARTARIC ACID,,O=C(O)[C@H](O)[C@@H](O)C(=O)O,,CHEMBL1236315,C4H6O6,150.09
XENON,,[Xe],,CHEMBL1236802,Xe,131.29
XYLOSE,,O=C[C@H](O)[C@@H](O)[C@H](O)CO,,CHEMBL1236821,C5H10O5,150.13
LURASIDONE,,O=C1[C@@H]2[C@H]3CC[C@H](C3)[C@@H]2C(=O)N1C[C@@H]1CCCC[C@H]1CN1CCN(c2nsc3ccccc23)CC1,,CHEMBL1237021,C28H36N4O2S,492.69
TRAMADOL,,COc1cccc(C2(O)CCCCC2CN(C)C)c1,,CHEMBL1237044,C16H25NO2,263.38
PLICAMYCIN,,CO[C@H](C(=O)[C@@H](O)[C@@H](C)O)[C@@H]1Cc2cc3cc(O[C@H]4C[C@@H](O[C@@H]5C[C@@H](O)[C@H](O)[C@@H](C)O5)[C@H](O)[C@@H](C)O4)c(C)c(O)c3c(O)c2C(=O)[C@H]1O[C@H]1C[C@@H](O[C@@H]2C[C@@H](O)[C@@H](O[C@@H]3C[C@](C)(O)[C@H](O)[C@@H](C)O3)[C@@H](C)O2)[C@H](O)[C@@H](C)O1,,CHEMBL1237054,C52H76O24,1085.16
HYDROMORPHONE HYDROCHLORIDE,,CN1CC[C@]23c4c5ccc(O)c4O[C@H]2C(=O)CC[C@H]3[C@H]1C5.Cl,,CHEMBL1237055,C17H20ClNO3,321.80
PITAVASTATIN CALCIUM,,O=C([O-])C[C@H](O)C[C@H](O)/C=C/c1c(C2CC2)nc2ccccc2c1-c1ccc(F)cc1.O=C([O-])C[C@H](O)C[C@H](O)/C=C/c1c(C2CC2)nc2ccccc2c1-c1ccc(F)cc1.[Ca+2],,CHEMBL1237061,C50H46CaF2N2O8,881.00
TRAMADOL HYDROCHLORIDE,,COc1cccc(C2(O)CCCCC2CN(C)C)c1.Cl,,CHEMBL1237065,C16H26ClNO2,299.84
CALCIUM GLUCEPTATE,,O=C([O-])C(O)[C@H](O)[C@@H](O)[C@H](O)[C@H](O)CO.O=C([O-])C(O)[C@H](O)[C@@H](O)[C@H](O)[C@H](O)CO.[Ca+2],,CHEMBL1237066,C14H26CaO16,490.42
MICAFUNGIN SODIUM,,CCCCCOc1ccc(-c2cc(-c3ccc(C(=O)N[C@H]4C[C@@H](O)[C@@H](O)NC(=O)[C@@H]5[C@@H](O)[C@@H](C)CN5C(=O)[C@H]([C@H](O)CC(N)=O)NC(=O)[C@H]([C@H](O)[C@@H](O)c5ccc(O)c(OS(=O)(=O)[O-])c5)NC(=O)[C@@H]5C[C@@H](O)CN5C(=O)[C@H]([C@@H](C)O)NC4=O)cc3)no2)cc1.[Na+],,CHEMBL1237070,C56H70N9NaO23S,1292.27
DIRITHROMYCIN,,CC[C@H]1OC(=O)[C@H](C)[C@@H](O[C@H]2C[C@@](C)(OC)[C@@H](O)[C@H](C)O2)[C@H](C)[C@@H](O[C@@H]2O[C@H](C)C[C@H](N(C)C)[C@H]2O)[C@](C)(O)C[C@@H](C)[C@@H]2N[C@@H](COCCOC)O[C@H]([C@H]2C)[C@]1(C)O,,CHEMBL1237072,C42H78N2O14,835.09
GRANISETRON HYDROCHLORIDE,,CN1C2CCCC1CC(NC(=O)c1nn(C)c3ccccc13)C2.Cl,,CHEMBL1237080,C18H25ClN4O,348.88
MECAMYLAMINE HYDROCHLORIDE,,CNC1(C)C2CCC(C2)C1(C)C.Cl,,CHEMBL1237082,C11H22ClN,203.76
DOXACURIUM CHLORIDE,,COc1cc(CC2c3c(cc(OC)c(OC)c3OC)CC[N+]2(C)CCCOC(=O)CCC(=O)OCCC[N+]2(C)CCc3cc(OC)c(OC)c(OC)c3C2Cc2cc(OC)c(OC)c(OC)c2)cc(OC)c1OC.[Cl-].[Cl-],,CHEMBL1237099,C56H78Cl2N2O16,1106.14
LEVOCABASTINE HYDROCHLORIDE,,C[C@@H]1CN([C@H]2CC[C@](C#N)(c3ccc(F)cc3)CC2)CC[C@]1(C(=O)O)c1ccccc1.Cl,,CHEMBL1237102,C26H30ClFN2O2,456.99
PROPOXYPHENE HYDROCHLORIDE,,CCC(=O)O[C@](Cc1ccccc1)(c1ccccc1)[C@H](C)CN(C)C.Cl,,CHEMBL1237104,C22H30ClNO2,375.94
CARBOPROST TROMETHAMINE,,CCCCC[C@](C)(O)/C=C/[C@@H]1[C@@H](C/C=C\CCCC(=O)O)[C@@H](O)C[C@H]1O.NC(CO)(CO)CO,,CHEMBL1237105,C25H47NO8,489.65
TREPROSTINIL,,CCCCC[C@H](O)CC[C@@H]1[C@H]2Cc3cccc(OCC(=O)O)c3C[C@H]2C[C@H]1O,,CHEMBL1237119,C23H34O5,390.52
CARBOPROST,,CCCCC[C@](C)(O)/C=C/[C@@H]1[C@@H](C/C=C\CCCC(=O)O)[C@@H](O)C[C@H]1O,,CHEMBL1237122,C21H36O5,368.51
DOXACURIUM,,COc1cc(CC2c3c(cc(OC)c(OC)c3OC)CC[N+]2(C)CCCOC(=O)CCC(=O)OCCC[N+]2(C)CCc3cc(OC)c(OC)c(OC)c3C2Cc2cc(OC)c(OC)c(OC)c2)cc(OC)c1OC,,CHEMBL1237123,C56H78N2O16+2,1035.24
CLEVIDIPINE,,CCCC(=O)OCOC(=O)C1=C(C)NC(C)=C(C(=O)OC)C1c1cccc(Cl)c1Cl,,CHEMBL1237132,C21H23Cl2NO6,456.32
MAPROTILINE HYDROCHLORIDE,,CNCCCC12CCC(c3ccccc31)c1ccccc12.Cl,,CHEMBL1237135,C20H24ClN,313.87
LETERMOVIR,,COc1cccc(N2CCN(C3=Nc4c(F)cccc4[C@H](CC(=O)O)N3c3cc(C(F)(F)F)ccc3OC)CC2)c1,,CHEMBL1241951,C29H28F4N4O4,572.56
LEVALLORPHAN,,C=CCN1CC[C@]23CCCC[C@H]2[C@H]1Cc1ccc(O)cc13,,CHEMBL1254682,C19H25NO,283.41
TETRACAINE HYDROCHLORIDE,,CCCCNc1ccc(C(=O)OCCN(C)C)cc1.Cl,,CHEMBL1255654,C15H25ClN2O2,300.83
METHAPYRILENE HYDROCHLORIDE,,CN(C)CCN(Cc1cccs1)c1ccccn1.Cl,,CHEMBL1255739,C14H20ClN3S,297.86
FIDAXOMICIN,,CCc1c(Cl)c(O)c(Cl)c(O)c1C(=O)O[C@H]1[C@H](O)[C@H](OC)[C@H](OC/C2=C\C=C\C[C@H](O)/C(C)=C/[C@H](CC)[C@@H](O[C@@H]3OC(C)(C)[C@@H](OC(=O)C(C)C)[C@H](O)[C@@H]3O)/C(C)=C/C(C)=C/C[C@@H]([C@@H](C)O)OC2=O)O[C@@H]1C,,CHEMBL1255800,C52H74Cl2O18,1058.05
CYSTEAMINE HYDROCHLORIDE,,Cl.NCCS,,CHEMBL1256137,C2H8ClNS,113.61
PIRFENIDONE,,Cc1ccc(=O)n(-c2ccccc2)c1,,CHEMBL1256391,C12H11NO,185.23
XYLOMETAZOLINE HYDROCHLORIDE,,Cc1cc(C(C)(C)C)cc(C)c1CC1=NCCN1.Cl,,CHEMBL1256400,C16H25ClN2,280.84
CARBETAPENTANE CITRATE,,CCN(CC)CCOCCOC(=O)C1(c2ccccc2)CCCC1.O=C(O)CC(O)(CC(=O)O)C(=O)O,,CHEMBL1256696,C26H39NO10,525.60
FORMOTEROL,,COc1ccc(CC(C)NCC(O)c2ccc(O)c(NC=O)c2)cc1,,CHEMBL1256786,C19H24N2O4,344.41
DEXTROMETHORPHAN HYDROBROMIDE,,Br.COc1ccc2c(c1)[C@]13CCCC[C@@H]1[C@H](C2)N(C)CC3.O,,CHEMBL1256818,C18H28BrNO2,370.33
NIALAMIDE,,O=C(CCNNC(=O)c1ccncc1)NCc1ccccc1,,CHEMBL1256841,C16H18N4O2,298.35
NOMIFENSINE MALEATE,,CN1Cc2c(N)cccc2C(c2ccccc2)C1.O=C(O)/C=C\C(=O)O,,CHEMBL1256842,C20H22N2O4,354.41
EPINEPHRINE BITARTRATE,,CNC[C@H](O)c1ccc(O)c(O)c1.O=C(O)C(O)C(O)C(=O)O,,CHEMBL1256958,C13H19NO9,333.29
FUSIDATE SODIUM,,CC(=O)O[C@H]1C[C@@]2(C)[C@@H](C[C@@H](O)[C@H]3[C@@]4(C)CC[C@@H](O)[C@@H](C)[C@@H]4CC[C@@]32C)/C1=C(\CCC=C(C)C)C(=O)[O-].[Na+],,CHEMBL1256987,C31H47NaO6,538.70
PICOTAMIDE,,COc1ccc(C(=O)NCc2cccnc2)cc1C(=O)NCc1cccnc1,,CHEMBL1257015,C21H20N4O3,376.42
TRIFLUOPERAZINE HYDROCHLORIDE,,CN1CCN(CCCN2c3ccccc3Sc3ccc(C(F)(F)F)cc32)CC1.Cl.Cl,,CHEMBL1257040,C21H26Cl2F3N3S,480.43
TEDIZOLID,,Cn1nnc(-c2ccc(-c3ccc(N4C[C@H](CO)OC4=O)cc3F)cn2)n1,,CHEMBL1257051,C17H15FN6O3,370.34
TECOVIRIMAT,,O=C(NN1C(=O)[C@@H]2[C@@H]3C=C[C@@H]([C@H]4C[C@@H]34)[C@@H]2C1=O)c1ccc(C(F)(F)F)cc1,,CHEMBL1257073,C19H15F3N2O3,376.33
SOFOSBUVIR,,CC(C)OC(=O)[C@H](C)N[P@](=O)(OC[C@H]1O[C@@H](n2ccc(=O)[nH]c2=O)[C@](C)(F)[C@@H]1O)Oc1ccccc1,,CHEMBL1259059,C22H29FN3O9P,529.46
EDOXABAN,,CN1CCc2nc(C(=O)N[C@@H]3C[C@@H](C(=O)N(C)C)CC[C@@H]3NC(=O)C(=O)Nc3ccc(Cl)cn3)sc2C1,,CHEMBL1269025,C24H30ClN7O4S,548.07
MIFEPRISTONE,,CC#C[C@]1(O)CC[C@H]2[C@@H]3CCC4=CC(=O)CCC4=C3[C@@H](c3ccc(N(C)C)cc3)C[C@@]21C,,CHEMBL1276308,C29H35NO2,429.60
FEDRATINIB,,Cc1cnc(Nc2ccc(OCCN3CCCC3)cc2)nc1Nc1cccc(S(=O)(=O)NC(C)(C)C)c1,,CHEMBL1287853,C27H36N6O3S,524.69
TIVOZANIB,,COc1cc2nccc(Oc3ccc(NC(=O)Nc4cc(C)on4)c(Cl)c3)c2cc1OC,,CHEMBL1289494,C22H19ClN4O5,454.87
LENVATINIB,,COc1cc2nccc(Oc3ccc(NC(=O)NC4CC4)c(Cl)c3)c2cc1C(N)=O,,CHEMBL1289601,C21H19ClN4O4,426.86
AXITINIB,,CNC(=O)c1ccccc1Sc1ccc2c(/C=C/c3ccccn3)n[nH]c2c1,,CHEMBL1289926,C22H18N4OS,386.48
PROCHLORPERAZINE MALEATE,,CN1CCN(CCCN2c3ccccc3Sc3ccc(Cl)cc32)CC1.O=C(O)/C=C\C(=O)O.O=C(O)/C=C\C(=O)O,,CHEMBL1314751,C28H32ClN3O8S,606.10
TERBUTALINE SULFATE,,CC(C)(C)NCC(O)c1cc(O)cc(O)c1.CC(C)(C)NCC(O)c1cc(O)cc(O)c1.O=S(=O)(O)O,,CHEMBL1315867,C24H40N2O10S,548.66
PENTOLINIUM TARTRATE,,C[N+]1(CCCCC[N+]2(C)CCCC2)CCCC1.O=C([O-])[C@H](O)[C@@H](O)C(=O)O.O=C([O-])[C@H](O)[C@@H](O)C(=O)O,,CHEMBL1318287,C23H42N2O12,538.59
BROMHEXINE HYDROCHLORIDE,,CN(Cc1cc(Br)cc(Br)c1N)C1CCCCC1.Cl,,CHEMBL1319139,C14H21Br2ClN2,412.60
HOMATROPINE HYDROBROMIDE,,Br.CN1[C@@H]2CC[C@H]1C[C@@H](OC(=O)C(O)c1ccccc1)C2,,CHEMBL1319362,C16H22BrNO3,356.26
PHENOTHRIN,,CC(C)=CC1C(C(=O)OCc2cccc(Oc3ccccc3)c2)C1(C)C,,CHEMBL1322884,C23H26O3,350.46
MOLSIDOMINE,,CCOC(=O)[N-]c1c[n+](N2CCOCC2)no1,,CHEMBL1329455,C9H14N4O4,242.24
ACETARSONE,,CC(=O)Nc1cc([As](=O)(O)O)ccc1O,,CHEMBL1330792,C8H10AsNO5,275.09
PERHEXILINE MALEATE,,C1CCC(C(CC2CCCCN2)C2CCCCC2)CC1.O=C(O)/C=C\C(=O)O,,CHEMBL1334033,C23H39NO4,393.57
SODIUM HYPOCHLORITE,,[Na+].[O-]Cl,,CHEMBL1334078,ClNaO,74.44
METHSCOPOLAMINE BROMIDE,,C[N+]1(C)[C@@H]2C[C@@H](OC(=O)[C@H](CO)c3ccccc3)C[C@H]1[C@@H]1O[C@@H]12.[Br-],,CHEMBL1354199,C18H24BrNO4,398.30
THEOPHYLLINE,,Cn1c(=O)c2nc[nH]c2n(C)c1=O.O,,CHEMBL1355736,C7H10N4O3,198.18
PYRITHIONE,,[O-][n+]1ccccc1S,,CHEMBL1356238,C5H5NOS,127.17
AMODIAQUINE HYDROCHLORIDE,,CCN(CC)Cc1cc(Nc2ccnc3cc(Cl)ccc23)ccc1O.Cl.Cl.O.O,,CHEMBL1357648,C20H28Cl3N3O3,464.82
METHYLPREDNISOLONE ACETATE,,CC(=O)OCC(=O)[C@@]1(O)CC[C@H]2[C@@H]3C[C@H](C)C4=CC(=O)C=C[C@]4(C)[C@H]3[C@@H](O)C[C@@]21C,,CHEMBL1364144,C24H32O6,416.51
MINAPRINE HYDROCHLORIDE,,Cc1cc(-c2ccccc2)nnc1NCCN1CCOCC1.Cl.Cl,,CHEMBL1364551,C17H24Cl2N4O,371.31
RITODRINE HYDROCHLORIDE,,CC(NCCc1ccc(O)cc1)C(O)c1ccc(O)cc1.Cl,,CHEMBL1367605,C17H22ClNO3,323.82
AMINOPHYLLINE,,Cn1c(=O)c2[nH]cnc2n(C)c1=O.Cn1c(=O)c2[nH]cnc2n(C)c1=O.NCCN,,CHEMBL1370561,C16H24N10O4,420.43
NICERGOLINE,,CO[C@]12C[C@@H](COC(=O)c3cncc(Br)c3)CN(C)[C@@H]1Cc1cn(C)c3cccc2c13,,CHEMBL1372950,C24H26BrN3O3,484.39
BENZONATATE,,CCCCNc1ccc(C(=O)OCCOCCOCCOCCOCCOCCOCCOCCOCCOC)cc1,,CHEMBL1374379,C30H53NO11,603.75
ZIPRASIDONE HYDROCHLORIDE,,Cl.O.O=C1Cc2cc(CCN3CCN(c4nsc5ccccc45)CC3)c(Cl)cc2N1,,CHEMBL1375743,C21H24Cl2N4O2S,467.42
"SULFADIAZINE, SILVER",,Nc1ccc(S(=O)(=O)[N-]c2ncccn2)cc1.[Ag+],,CHEMBL1382627,C10H9AgN4O2S,357.14
AMILORIDE HYDROCHLORIDE,,Cl.N=C(N)NC(=O)c1nc(Cl)c(N)nc1N.O.O,,CHEMBL1398126,C6H13Cl2N7O3,302.12
OXYPHENISATIN ACETATE,,CC(=O)Oc1ccc(C2(c3ccc(OC(C)=O)cc3)C(=O)Nc3ccccc32)cc1,,CHEMBL1402684,C24H19NO5,401.42
NEFOPAM HYDROCHLORIDE,,CN1CCOC(c2ccccc2)c2ccccc2C1.Cl,,CHEMBL1407915,C17H20ClNO,289.81
PARALDEHYDE,,CC1OC(C)OC(C)O1,,CHEMBL1410743,C6H12O3,132.16
METHAPYRILENE,,CN(C)CCN(Cc1cccs1)c1ccccn1,,CHEMBL1411979,C14H19N3S,261.39
SUXIBUZONE,,CCCCC1(COC(=O)CCC(=O)O)C(=O)N(c2ccccc2)N(c2ccccc2)C1=O,,CHEMBL1414320,C24H26N2O6,438.48
MITOXANTRONE HYDROCHLORIDE,,Cl.Cl.O=C1c2c(O)ccc(O)c2C(=O)c2c(NCCNCCO)ccc(NCCNCCO)c21,,CHEMBL1417019,C22H30Cl2N4O6,517.41
METHANDROSTENOLONE,,C[C@]12C=CC(=O)C=C1CC[C@@H]1[C@@H]2CC[C@@]2(C)[C@H]1CC[C@]2(C)O,,CHEMBL1418176,C20H28O2,300.44
NOREPINEPHRINE BITARTRATE,,NC[C@H](O)c1ccc(O)c(O)c1.O.O=C(O)C(O)C(O)C(=O)O,,CHEMBL1434513,C12H19NO10,337.28
ALBUTEROL SULFATE,,CC(C)(C)NCC(O)c1ccc(O)c(CO)c1.CC(C)(C)NCC(O)c1ccc(O)c(CO)c1.O=S(=O)(O)O,,CHEMBL1441059,C26H44N2O10S,576.71
DIBENZEPIN,,CN(C)CCN1C(=O)c2ccccc2N(C)c2ccccc21,,CHEMBL1442422,C18H21N3O,295.39
MEBEVERINE HYDROCHLORIDE,,CCN(CCCCOC(=O)c1ccc(OC)c(OC)c1)C(C)Cc1ccc(OC)cc1.Cl,,CHEMBL1446650,C25H36ClNO5,466.02
BETAHISTINE HYDROCHLORIDE,,CNCCc1ccccn1.Cl.Cl,,CHEMBL1446813,C8H14Cl2N2,209.12
BITHIONOLATE SODIUM,,[Na+].[Na+].[O-]c1c(Cl)cc(Cl)cc1Sc1cc(Cl)cc(Cl)c1[O-],,CHEMBL1447476,C12H4Cl4Na2O2S,400.02
FLUPHENAZINE HYDROCHLORIDE,,Cl.Cl.OCCN1CCN(CCCN2c3ccccc3Sc3ccc(C(F)(F)F)cc32)CC1,,CHEMBL1448187,C22H28Cl2F3N3OS,510.45
ORNIDAZOLE,,Cc1ncc([N+](=O)[O-])n1CC(O)CCl,,CHEMBL1449676,C7H10ClN3O3,219.63
FEPRAZONE,,CC(C)=CCC1C(=O)N(c2ccccc2)N(c2ccccc2)C1=O,,CHEMBL1452696,C20H20N2O2,320.39
NITROXOLINE,,O=[N+]([O-])c1ccc(O)c2ncccc12,,CHEMBL1454910,C9H6N2O3,190.16
CANRENONE,,C[C@]12CCC(=O)C=C1C=C[C@@H]1[C@@H]2CC[C@@]2(C)[C@H]1CC[C@@]21CCC(=O)O1,,CHEMBL1463345,C22H28O3,340.46
BISOPROLOL FUMARATE,,CC(C)NCC(O)COc1ccc(COCCOC(C)C)cc1.CC(C)NCC(O)COc1ccc(COCCOC(C)C)cc1.O=C(O)/C=C/C(=O)O,,CHEMBL1472989,C40H66N2O12,766.97
CLOBUTINOL,,CC(CN(C)C)C(C)(O)Cc1ccc(Cl)cc1,,CHEMBL1474889,C14H22ClNO,255.79
BENZARONE,,CCc1oc2ccccc2c1C(=O)c1ccc(O)cc1,,CHEMBL1474963,C17H14O3,266.30
NOMEGESTROL ACETATE,,CC(=O)O[C@]1(C(C)=O)CC[C@H]2[C@@H]3C=C(C)C4=CC(=O)CC[C@@H]4[C@H]3CC[C@@]21C,,CHEMBL1476022,C23H30O4,370.49
DOCUSATE,,CCCCC(CC)COC(=O)CC(C(=O)OCC(CC)CCCC)S(=O)(=O)O,,CHEMBL1477036,C20H38O7S,422.58
MEPTAZINOL HYDROCHLORIDE,,CCC1(c2cccc(O)c2)CCCCN(C)C1.Cl,,CHEMBL1477274,C15H24ClNO,269.82
CYCLANDELATE,,CC1CC(OC(=O)C(O)c2ccccc2)CC(C)(C)C1,,CHEMBL1480987,C17H24O3,276.38
DOTHIEPIN,,CN(C)CC/C=C1\c2ccccc2CSc2ccccc21,,CHEMBL1492500,C19H21NS,295.45
OXELADIN,,CCN(CC)CCOCCOC(=O)C(CC)(CC)c1ccccc1,,CHEMBL1500276,C20H33NO3,335.49
PIPERIDOLATE HYDROCHLORIDE,,CCN1CCCC(OC(=O)C(c2ccccc2)c2ccccc2)C1.Cl,,CHEMBL1511957,C21H26ClNO2,359.90
ETHAMSYLATE,,CCNCC.O=S(=O)(O)c1cc(O)ccc1O,,CHEMBL1514715,C10H17NO5S,263.31
BROMISOVALUM,,CC(C)C(Br)C(=O)NC(N)=O,,CHEMBL1515611,C6H11BrN2O2,223.07
TEGASEROD MALEATE,,CCCCCNC(=N)N/N=C/c1c[nH]c2ccc(OC)cc12.O=C(O)/C=C\C(=O)O,,CHEMBL1516474,C20H27N5O5,417.47
EPHEDRINE SULFATE,,CN[C@@H](C)[C@H](O)c1ccccc1.CN[C@@H](C)[C@H](O)c1ccccc1.O=S(=O)(O)O,,CHEMBL1523964,C20H32N2O6S,428.55
PHTHALYLSULFATHIAZOLE,,O=C(O)c1ccccc1C(=O)Nc1ccc(S(=O)(=O)Nc2nccs2)cc1,,CHEMBL1524273,C17H13N3O5S2,403.44
SULFALENE,,COc1nccnc1NS(=O)(=O)c1ccc(N)cc1,,CHEMBL1525826,C11H12N4O3S,280.31
BENZYDAMINE HYDROCHLORIDE,,CN(C)CCCOc1nn(Cc2ccccc2)c2ccccc12.Cl,,CHEMBL1528134,C19H24ClN3O,345.87
PHENFORMIN HYDROCHLORIDE,,Cl.N=C(N)NC(=N)NCCc1ccccc1,,CHEMBL1528839,C10H16ClN5,241.73
DEXAMETHASONE ACETATE,,CC(=O)OCC(=O)[C@@]1(O)[C@H](C)C[C@H]2[C@@H]3CCC4=CC(=O)C=C[C@]4(C)[C@@]3(F)[C@@H](O)C[C@@]21C,,CHEMBL1530428,C24H31FO6,434.50
PIRENZEPINE HYDROCHLORIDE,,CN1CCN(CC(=O)N2c3ccccc3C(=O)Nc3cccnc32)CC1.Cl.Cl,,CHEMBL1531864,C19H23Cl2N5O2,424.33
HISTAMINE DIHYDROCHLORIDE,,Cl.Cl.NCCc1c[nH]cn1,,CHEMBL1533310,C5H11Cl2N3,184.07
MIBEFRADIL DIHYDROCHLORIDE,,COCC(=O)O[C@]1(CCN(C)CCCc2nc3ccccc3[nH]2)CCc2cc(F)ccc2[C@@H]1C(C)C.Cl.Cl,,CHEMBL1534525,C29H40Cl2FN3O3,568.56
XANTHINOL NIACINATE,,CN(CCO)CC(O)Cn1cnc2c1c(=O)n(C)c(=O)n2C.O=C(O)c1cccnc1,,CHEMBL1560089,C19H26N6O6,434.45
MECLOFENAMATE SODIUM,,Cc1ccc(Cl)c(Nc2ccccc2C(=O)[O-])c1Cl.O.[Na+],,CHEMBL1562610,C14H12Cl2NNaO3,336.15
OMEPRAZOLE MAGNESIUM,,COc1ccc2[n-]c([S+]([O-])Cc3ncc(C)c(OC)c3C)nc2c1.COc1ccc2[n-]c([S+]([O-])Cc3ncc(C)c(OC)c3C)nc2c1.[Mg+2],,CHEMBL1567328,C34H36MgN6O6S2,713.14
METAPROTERENOL SULFATE,,CC(C)NCC(O)c1cc(O)cc(O)c1.CC(C)NCC(O)c1cc(O)cc(O)c1.O=S(=O)(O)O,,CHEMBL1568057,C22H36N2O10S,520.60
NAFCILLIN SODIUM,,CCOc1ccc2ccccc2c1C(=O)N[C@@H]1C(=O)N2[C@@H]1SC(C)(C)[C@@H]2C(=O)[O-].O.[Na+],,CHEMBL1568276,C21H23N2NaO6S,454.48
GANAXOLONE,,CC(=O)[C@H]1CC[C@H]2[C@@H]3CC[C@H]4C[C@](C)(O)CC[C@]4(C)[C@H]3CC[C@]12C,,CHEMBL1568698,C22H36O2,332.53
ISOCONAZOLE,,Clc1ccc(C(Cn2ccnc2)OCc2c(Cl)cccc2Cl)c(Cl)c1,,CHEMBL1571863,C18H14Cl4N2O,416.13
DEBRISOQUIN SULFATE,,N=C(N)N1CCc2ccccc2C1.N=C(N)N1CCc2ccccc2C1.O=S(=O)(O)O,,CHEMBL1593558,C20H28N6O4S,448.55
PHENICARBAZIDE,,NC(=O)NNc1ccccc1,,CHEMBL1593719,C7H9N3O,151.17
LEVOPROPOXYPHENE NAPSYLATE,,CCC(=O)O[C@@](Cc1ccccc1)(c1ccccc1)[C@@H](C)CN(C)C.O=S(=O)(O)c1ccc2ccccc2c1,,CHEMBL1593906,C32H37NO5S,547.72
PYRANTEL PAMOATE,,CN1CCCN=C1/C=C/c1cccs1.O=C(O)c1cc2ccccc2c(Cc2c(O)c(C(=O)O)cc3ccccc23)c1O,,CHEMBL1599768,C34H30N2O6S,594.69
ALFACALCIDOL,,C=C1/C(=C\C=C2/CCC[C@]3(C)[C@@H]([C@H](C)CCCC(C)C)CC[C@@H]23)C[C@@H](O)C[C@@H]1O,,CHEMBL1601669,C27H44O2,400.65
CETIRIZINE HYDROCHLORIDE,,Cl.Cl.O=C(O)COCCN1CCN(C(c2ccccc2)c2ccc(Cl)cc2)CC1,,CHEMBL1607273,C21H27Cl3N2O3,461.82
OXYTETRACYCLINE HYDROCHLORIDE,,CN(C)[C@@H]1C(O)=C(C(N)=O)C(=O)[C@@]2(O)C(O)=C3C(=O)c4c(O)cccc4[C@@](C)(O)[C@H]3[C@H](O)[C@@H]12.Cl,,CHEMBL1607480,C22H25ClN2O9,496.90
SELUMETINIB,,Cn1cnc2c(F)c(Nc3ccc(Br)cc3Cl)c(C(=O)NOCCO)cc21,,CHEMBL1614701,C17H15BrClFN4O3,457.69
CLOMACRAN,,CN(C)CCCC1c2ccccc2Nc2ccc(Cl)cc21,,CHEMBL1615350,C18H21ClN2,300.83
DABIGATRAN ETEXILATE MESYLATE,,CCCCCCOC(=O)NC(=N)c1ccc(NCc2nc3cc(C(=O)N(CCC(=O)OCC)c4ccccn4)ccc3n2C)cc1.CS(=O)(=O)O,,CHEMBL1615369,C35H45N7O8S,723.85
LEVOMEFOLATE CALCIUM,,CN1c2c([nH]c(N)nc2=O)NC[C@@H]1CNc1ccc(C(=O)N[C@@H](CCC(=O)[O-])C(=O)[O-])cc1.[Ca+2],,CHEMBL1615371,C20H23CaN7O6,497.53
LURASIDONE HYDROCHLORIDE,,Cl.O=C1[C@@H]2[C@H]3CC[C@H](C3)[C@@H]2C(=O)N1C[C@@H]1CCCC[C@H]1CN1CCN(c2nsc3ccccc23)CC1,,CHEMBL1615372,C28H37ClN4O2S,529.15
VILAZODONE HYDROCHLORIDE,,Cl.N#Cc1ccc2[nH]cc(CCCCN3CCN(c4ccc5oc(C(N)=O)cc5c4)CC3)c2c1,,CHEMBL1615374,C26H28ClN5O2,478.00
LEVOCABASTINE,,C[C@@H]1CN([C@H]2CC[C@](C#N)(c3ccc(F)cc3)CC2)CC[C@]1(C(=O)O)c1ccccc1,,CHEMBL1615438,C26H29FN2O2,420.53
PHENDIMETRAZINE,,C[C@H]1[C@H](c2ccccc2)OCCN1C,,CHEMBL1615439,C12H17NO,191.27
IODOXAMIC ACID,,O=C(CCOCCOCCOCCOCCC(=O)Nc1c(I)cc(I)c(C(=O)O)c1I)Nc1c(I)cc(I)c(C(=O)O)c1I,,CHEMBL1615487,C26H26I6N2O10,1287.92
IOBENGUANE I 131,,N=C(N)NCc1cccc([131I])c1,,CHEMBL1615779,C8H10IN3,279.10
HYPOCHLOROUS ACID,,OCl,,CHEMBL1616046,HClO,52.46
HOMATROPINE,,CN1[C@@H]2CC[C@H]1C[C@@H](OC(=O)C(O)c1ccccc1)C2,,CHEMBL1618018,C16H21NO3,275.35
IPRATROPIUM,,CC(C)[N+]1(C)[C@@H]2CC[C@H]1C[C@@H](OC(=O)C(CO)c1ccccc1)C2,,CHEMBL1621597,C20H30NO3+,332.46
PIPERIDOLATE,,CCN1CCCC(OC(=O)C(c2ccccc2)c2ccccc2)C1,,CHEMBL1623992,C21H25NO2,323.44
XANTHINOL,,CN(CCO)CC(O)Cn1cnc2c1c(=O)n(C)c(=O)n2C,,CHEMBL1624126,C13H21N5O4,311.34
PYRANTEL,,CN1CCCN=C1/C=C/c1cccs1,,CHEMBL1626223,C11H14N2S,206.31
HEXOCYCLIUM METHYLSULFATE,,COS(=O)(=O)[O-].C[N+]1(C)CCN(CC(O)(c2ccccc2)C2CCCCC2)CC1,,CHEMBL1626570,C21H36N2O5S,428.60
FLUOROESTRADIOL,,C[C@]12CC[C@@H]3c4ccc(O)cc4CC[C@H]3[C@@H]1C[C@@H](F)[C@@H]2O,,CHEMBL1627367,C18H23FO2,290.38
DOXEPIN,,CN(C)CCC=C1c2ccccc2COc2ccccc21,,CHEMBL1628227,C19H21NO,279.38
FLUORESCEIN SODIUM,,O=C([O-])c1ccccc1-c1c2ccc(=O)cc-2oc2cc([O-])ccc12.[Na+].[Na+],,CHEMBL1628233,C20H10Na2O5,376.28
DOXEPIN HYDROCHLORIDE,,CN(C)CCC=C1c2ccccc2COc2ccccc21.Cl,,CHEMBL1628234,C19H22ClNO,315.84
PROCAINE BENZYLPENICILLIN,,CC1(C)S[C@@H]2[C@H](NC(=O)Cc3ccccc3)C(=O)N2[C@H]1C(=O)O.CCN(CC)CCOC(=O)c1ccc(N)cc1,,CHEMBL1628385,C29H38N4O6S,570.71
GABAPENTIN ENACARBIL,,CC(OC(=O)NCC1(CC(=O)O)CCCCC1)OC(=O)C(C)C,,CHEMBL1628502,C16H27NO6,329.39
RILPIVIRINE HYDROCHLORIDE,,Cc1cc(/C=C/C#N)cc(C)c1Nc1ccnc(Nc2ccc(C#N)cc2)n1.Cl,,CHEMBL1628504,C22H19ClN6,402.89
CASPOFUNGIN,,CC[C@H](C)C[C@H](C)CCCCCCCCC(=O)N[C@H]1C[C@@H](O)[C@@H](NCCN)NC(=O)[C@@H]2[C@@H](O)CCN2C(=O)[C@H]([C@H](O)CCN)NC(=O)[C@H]([C@H](O)[C@@H](O)c2ccc(O)cc2)NC(=O)[C@@H]2C[C@@H](O)CN2C(=O)[C@H]([C@@H](C)O)NC1=O,,CHEMBL1630575,C52H88N10O15,1093.33
FEXINIDAZOLE,,CSc1ccc(OCc2ncc([N+](=O)[O-])n2C)cc1,,CHEMBL1631694,C12H13N3O3S,279.32
RAMOSETRON,,Cn1cc(C(=O)[C@@H]2CCc3[nH]cnc3C2)c2ccccc21,,CHEMBL1643895,C17H17N3O,279.34
POTASSIUM NITRATE,,O=[N+]([O-])[O-].[K+],,CHEMBL1644029,KNO3,101.10
SODIUM IODIDE,,[I-].[Na+],,CHEMBL1644695,INa,149.89
TRELAGLIPTIN,,Cn1c(=O)cc(N2CCC[C@@H](N)C2)n(Cc2cc(F)ccc2C#N)c1=O,,CHEMBL1650443,C18H20FN5O2,357.39
PLAZOMICIN,,CN[C@@H]1[C@@H](O)[C@@H](O[C@@H]2[C@@H](O)[C@H](O[C@H]3OC(CNCCO)=CC[C@H]3N)[C@@H](N)C[C@H]2NC(=O)[C@@H](O)CCN)OC[C@]1(C)O,,CHEMBL1650559,C25H48N6O10,592.69
AMDINOCILLIN PIVOXIL,,CC(C)(C)C(=O)OCOC(=O)[C@@H]1N2C(=O)[C@@H](/N=C/N3CCCCCC3)[C@H]2SC1(C)C,,CHEMBL1650818,C21H33N3O5S,439.58
FENTICONAZOLE,,Clc1ccc(C(Cn2ccnc2)OCc2ccc(Sc3ccccc3)cc2)c(Cl)c1,,CHEMBL1651990,C24H20Cl2N2OS,455.41
CEFTOBIPROLE MEDOCARIL FREE ACID,,Cc1oc(=O)oc1COC(=O)N1CC[C@@H](N2CC/C(=C\C3=C(C(=O)O)N4C(=O)[C@@H](NC(=O)/C(=N/O)c5nsc(N)n5)[C@H]4SC3)C2=O)C1,,CHEMBL1652606,C26H26N8O11S2,690.67
ERIBULIN MESYLATE,,C=C1C[C@@H]2CC[C@@]34C[C@H]5O[C@H]6[C@@H](O3)[C@H]3O[C@H](CC[C@@H]3O[C@H]6[C@H]5O4)CC(=O)C[C@@H]3[C@@H](OC)[C@@H](C[C@H](O)CN)O[C@H]3C[C@H]3O[C@@H](CC[C@@H]1O2)C[C@@H](C)C3=C.CS(=O)(=O)O,,CHEMBL1683544,C41H63NO14S,826.01
ERIBULIN,,C=C1C[C@@H]2CC[C@@]34C[C@H]5O[C@H]6[C@@H](O3)[C@H]3O[C@H](CC[C@@H]3O[C@H]6[C@H]5O4)CC(=O)C[C@@H]3[C@@H](OC)[C@@H](C[C@H](O)CN)O[C@H]3C[C@H]3O[C@@H](CC[C@@H]1O2)C[C@@H](C)C3=C,,CHEMBL1683590,C40H59NO11,729.91
ORITAVANCIN,,CN[C@H](CC(C)C)C(=O)N[C@H]1C(=O)N[C@@H](CC(N)=O)C(=O)N[C@H]2C(=O)N[C@H]3C(=O)N[C@H](C(=O)N[C@H](C(=O)O)c4cc(O)cc(O)c4-c4cc3ccc4O)[C@H](O[C@H]3C[C@](C)(N)[C@@H](O)[C@H](C)O3)c3ccc(c(Cl)c3)Oc3cc2cc(c3O[C@@H]2O[C@H](CO)[C@@H](O)[C@H](O)[C@H]2O[C@H]2C[C@](C)(NCc3ccc(-c4ccc(Cl)cc4)cc3)[C@@H](O)[C@H](C)O2)Oc2ccc(cc2Cl)[C@H]1O,,CHEMBL1688530,C86H97Cl3N10O26,1793.12
AVIBACTAM,,NC(=O)[C@@H]1CC[C@@H]2CN1C(=O)N2OS(=O)(=O)O,,CHEMBL1689063,C7H11N3O6S,265.25
OMADACYCLINE,,CN(C)c1cc(CNCC(C)(C)C)c(O)c2c1C[C@H]1C[C@H]3[C@H](N(C)C)C(O)=C(C(N)=O)C(=O)[C@@]3(O)C(O)=C1C2=O,,CHEMBL1689772,C29H40N4O7,556.66
CLOFOREX,,CCOC(=O)NC(C)(C)Cc1ccc(Cl)cc1,,CHEMBL1697686,C13H18ClNO2,255.75
MEZLOCILLIN SODIUM,,CC1(C)S[C@@H]2[C@H](NC(=O)[C@H](NC(=O)N3CCN(S(C)(=O)=O)C3=O)c3ccccc3)C(=O)N2[C@H]1C(=O)[O-].[Na+],,CHEMBL1697708,C21H24N5NaO8S2,561.57
CARBENOXOLONE SODIUM,,CC1(C)[C@@H](OC(=O)CCC(=O)[O-])CC[C@]2(C)[C@H]3C(=O)C=C4[C@@H]5C[C@@](C)(C(=O)[O-])CC[C@]5(C)CC[C@@]4(C)[C@]3(C)CC[C@@H]12.[Na+].[Na+],,CHEMBL1697717,C34H48Na2O7,614.73
CLOTIAZEPAM,,CCc1cc2c(s1)N(C)C(=O)CN=C2c1ccccc1Cl,,CHEMBL1697737,C16H15ClN2OS,318.83
ERDOSTEINE,,O=C(O)CSCC(=O)NC1CCSC1=O,,CHEMBL1697744,C8H11NO4S2,249.31
ISAXONINE PHOSPHATE,,CC(C)Nc1ncccn1.O=P(O)(O)O,,CHEMBL1697751,C7H14N3O4P,235.18
MUZOLIMINE,,CC(c1ccc(Cl)c(Cl)c1)N1N=C(N)CC1=O,,CHEMBL1697760,C11H11Cl2N3O,272.14
SODIUM PICOSULFATE,,O=S(=O)([O-])Oc1ccc(C(c2ccc(OS(=O)(=O)[O-])cc2)c2ccccn2)cc1.[Na+].[Na+],,CHEMBL1697768,C18H13NNa2O8S2,481.42
ISOMETHEPTENE,,CNC(C)CCC=C(C)C,,CHEMBL1697841,C9H19N,141.26
BUCETIN,,CCOc1ccc(NC(=O)CC(C)O)cc1,,CHEMBL1697856,C12H17NO3,223.27
GLUCOSAMINE HYDROCHLORIDE,,Cl.N[C@H]1C(O)O[C@H](CO)[C@@H](O)[C@@H]1O,,CHEMBL1707007,C6H14ClNO5,215.63
DOTHIEPIN HYDROCHLORIDE,,CN(C)CC/C=C1\c2ccccc2CSc2ccccc21.Cl,,CHEMBL1711280,C19H22ClNS,331.91
MEPAZINE ACETATE,,CC(=O)O.CN1CCCC(CN2c3ccccc3Sc3ccccc32)C1,,CHEMBL1712842,C21H26N2O2S,370.52
TERCONAZOLE,,CC(C)N1CCN(c2ccc(OCC3COC(Cn4cncn4)(c4ccc(Cl)cc4Cl)O3)cc2)CC1,,CHEMBL1714574,C26H31Cl2N5O3,532.47
TOLTERODINE TARTRATE,,Cc1ccc(O)c([C@H](CCN(C(C)C)C(C)C)c2ccccc2)c1.O=C(O)C(O)C(O)C(=O)O,,CHEMBL1722209,C26H37NO7,475.58
SULFACETAMIDE SODIUM,,CC(=O)[N-]S(=O)(=O)c1ccc(N)cc1.O.[Na+],,CHEMBL1723241,C8H11N2NaO4S,254.24
ALECTINIB,,CCc1cc2c(cc1N1CCC(N3CCOCC3)CC1)C(C)(C)c1[nH]c3cc(C#N)ccc3c1C2=O,,CHEMBL1738797,C30H34N4O2,482.63
LEVOPROPOXYPHENE,,CCC(=O)O[C@@](Cc1ccccc1)(c1ccccc1)[C@@H](C)CN(C)C,,CHEMBL1738990,C22H29NO2,339.48
ISAXONINE,,CC(C)Nc1ncccn1,,CHEMBL1740513,C7H11N3,137.19
PICOSULFURIC ACID,,O=S(=O)(O)Oc1ccc(C(c2ccc(OS(=O)(=O)O)cc2)c2ccccn2)cc1,,CHEMBL1741134,C18H15NO8S2,437.45
BILASTINE,,CCOCCn1c(C2CCN(CCc3ccc(C(C)(C)C(=O)O)cc3)CC2)nc2ccccc21,,CHEMBL1742423,C28H37N3O3,463.62
CELIPROLOL HYDROCHLORIDE,,CCN(CC)C(=O)Nc1ccc(OCC(O)CNC(C)(C)C)c(C(C)=O)c1.Cl,,CHEMBL1742424,C20H34ClN3O4,415.96
LANDIOLOL,,CC1(C)OC[C@@H](COC(=O)CCc2ccc(OC[C@@H](O)CNCCNC(=O)N3CCOCC3)cc2)O1,,CHEMBL1742466,C25H39N3O8,509.60
EBROTIDINE,,NC(N)=Nc1nc(CSCCN/C=N/S(=O)(=O)c2ccc(Br)cc2)cs1,,CHEMBL1742471,C14H17BrN6O2S3,477.44
ROSUVASTATIN CALCIUM,,CC(C)c1nc(N(C)S(C)(=O)=O)nc(-c2ccc(F)cc2)c1/C=C/[C@@H](O)C[C@@H](O)CC(=O)[O-].CC(C)c1nc(N(C)S(C)(=O)=O)nc(-c2ccc(F)cc2)c1/C=C/[C@@H](O)C[C@@H](O)CC(=O)[O-].[Ca+2],,CHEMBL1744447,C44H54CaF2N6O12S2,1001.15
DIQUAFOSOL TETRASODIUM,,O=c1ccn([C@@H]2O[C@H](COP(=O)([O-])OP(=O)([O-])OP(=O)([O-])OP(=O)([O-])OC[C@H]3O[C@@H](n4ccc(=O)[nH]c4=O)[C@H](O)[C@@H]3O)[C@@H](O)[C@H]2O)c(=O)[nH]1.[Na+].[Na+].[Na+].[Na+],,CHEMBL1767408,C18H22N4Na4O23P4,878.24
ERTUGLIFLOZIN,,CCOc1ccc(Cc2cc([C@]34OC[C@](CO)(O3)[C@@H](O)[C@H](O)[C@H]4O)ccc2Cl)cc1,,CHEMBL1770248,C22H25ClO7,436.89
NIROGACESTAT,,CCC[C@H](N[C@H]1CCc2cc(F)cc(F)c2C1)C(=O)Nc1cn(C(C)(C)CNCC(C)(C)C)cn1,,CHEMBL1770916,C27H41F2N5O,489.66
FLORBETAPIR F 18,,CNc1ccc(/C=C/c2ccc(OCCOCCOCC[18F])nc2)cc1,,CHEMBL1774461,C20H25FN2O3,359.43
EVOGLIPTIN,,CC(C)(C)OC[C@@H]1C(=O)NCCN1C(=O)C[C@H](N)Cc1cc(F)c(F)cc1F,,CHEMBL1779710,C19H26F3N3O3,401.43
LOFEXIDINE HYDROCHLORIDE,,CC(Oc1c(Cl)cccc1Cl)C1=NCCN1.Cl,,CHEMBL1788132,C11H13Cl3N2O,295.60
TILBROQUINOL,,Cc1cc(Br)c(O)c2ncccc12,,CHEMBL1788385,C10H8BrNO,238.08
TETRAMETHRIN,,CC(C)=CC1C(C(=O)OCN2C(=O)C3=C(CCCC3)C2=O)C1(C)C,,CHEMBL1788386,C19H25NO4,331.41
BIOALLETHRIN,,C=CCC1=C(C)C(OC(=O)[C@@H]2[C@@H](C=C(C)C)C2(C)C)CC1=O,,CHEMBL1788403,C19H26O3,302.41
INDACATEROL MALEATE,,CCc1cc2c(cc1CC)CC(NC[C@H](O)c1ccc(O)c3[nH]c(=O)ccc13)C2.O=C(O)/C=C\C(=O)O,,CHEMBL1789842,C28H32N2O7,508.57
RUXOLITINIB,,N#CC[C@H](C1CCCC1)n1cc(-c2ncnc3[nH]ccc23)cn1,,CHEMBL1789941,C17H18N6,306.37
RANITIDINE,,CNC(=C[N+](=O)[O-])NCCSCc1ccc(CN(C)C)o1,,CHEMBL1790041,C13H22N4O3S,314.41
RUXOLITINIB PHOSPHATE,,N#CC[C@H](C1CCCC1)n1cc(-c2ncnc3[nH]ccc23)cn1.O=P(O)(O)O,,CHEMBL1795071,C17H21N6O4P,404.37
HELIUM,,[He],,CHEMBL1796997,He,4.00
SULFUR HEXAFLUORIDE,,FS(F)(F)(F)(F)F,,CHEMBL1796998,F6S,146.06
RELUGOLIX,,CONC(=O)Nc1ccc(-c2sc3c(c2CN(C)C)c(=O)n(-c2ccc(OC)nn2)c(=O)n3Cc2c(F)cccc2F)cc1,,CHEMBL1800159,C29H27F2N7O5S,623.64
METABROMSALAN,,O=C(Nc1ccccc1)c1cc(Br)cc(Br)c1O,,CHEMBL1801800,C13H9Br2NO2,371.03
BEXAGLIFLOZIN,,OC[C@H]1O[C@@H](c2ccc(Cl)c(Cc3ccc(OCCOC4CC4)cc3)c2)[C@H](O)[C@@H](O)[C@@H]1O,,CHEMBL1808388,C24H29ClO7,464.94
INFIGRATINIB PHOSPHATE,,CCN1CCN(c2ccc(Nc3cc(N(C)C(=O)Nc4c(Cl)c(OC)cc(OC)c4Cl)ncn3)cc2)CC1.O=P(O)(O)O,,CHEMBL1834657,C26H34Cl2N7O7P,658.48
INFIGRATINIB,,CCN1CCN(c2ccc(Nc3cc(N(C)C(=O)Nc4c(Cl)c(OC)cc(OC)c4Cl)ncn3)cc2)CC1,,CHEMBL1852688,C26H31Cl2N7O3,560.49
INGENOL MEBUTATE,,C/C=C(/C)C(=O)O[C@H]1C(C)=C[C@]23C(=O)[C@@H](C=C(CO)[C@@H](O)[C@]12O)[C@H]1[C@@H](C[C@H]3C)C1(C)C,,CHEMBL1863513,C25H34O6,430.54
DIBUNIC ACID,,CC(C)(C)c1ccc2c(S(=O)(=O)O)c(C(C)(C)C)ccc2c1,,CHEMBL1865134,C18H24O3S,320.45
IBRUTINIB,,C=CC(=O)N1CCC[C@@H](n2nc(-c3ccc(Oc4ccccc4)cc3)c3c(N)ncnc32)C1,,CHEMBL1873475,C25H24N6O2,440.51
CINEPAZIDE,,COc1cc(/C=C/C(=O)N2CCN(CC(=O)N3CCCC3)CC2)cc(OC)c1OC,,CHEMBL1874750,C22H31N3O5,417.51
DEXFENFLURAMINE HYDROCHLORIDE,,CCN[C@@H](C)Cc1cccc(C(F)(F)F)c1.Cl,,CHEMBL1887891,C12H17ClF3N,267.72
TROSPIUM,,O=C(O[C@H]1C[C@H]2CC[C@@H](C1)[N+]21CCCC1)C(O)(c1ccccc1)c1ccccc1,,CHEMBL1888176,C25H30NO3+,392.52
ROPIVACAINE HYDROCHLORIDE,,CCCN1CCCC[C@H]1C(=O)Nc1c(C)cccc1C.Cl,,CHEMBL1889140,C17H27ClN2O,310.87
PERFLENAPENT,,FC(F)(F)C(F)(F)C(F)(F)C(F)(F)C(F)(F)F,,CHEMBL1899801,C5F12,288.03
TIOTROPIUM,,C[N+]1(C)[C@@H]2C[C@@H](OC(=O)C(O)(c3cccs3)c3cccs3)C[C@H]1[C@@H]1O[C@@H]12,,CHEMBL1900528,C19H22NO4S2+,392.52
DOCUSATE SODIUM,,CCCCC(CC)COC(=O)CC(C(=O)OCC(CC)CCCC)S(=O)(=O)[O-].[Na+],,CHEMBL1905872,C20H37NaO7S,444.57
FLOSEQUINAN,,Cn1cc([S+](C)[O-])c(=O)c2ccc(F)cc21,,CHEMBL1908307,C11H10FNO2S,239.27
GEMEPROST,,CCCCC(C)(C)[C@H](O)/C=C/[C@H]1[C@H](O)CC(=O)[C@@H]1CCCC/C=C/C(=O)OC,,CHEMBL1908315,C23H38O5,394.55
SPARTEINE SULFATE,,C1CCN2C[C@@H]3C[C@@H](CN4CCCC[C@@H]34)[C@H]2C1.O.O.O.O.O.O=S(=O)(O)O,,CHEMBL1908348,C15H38N2O9S,422.54
SODIUM MONOFLUOROPHOSPHATE,,O=P([O-])([O-])F.[Na+].[Na+],,CHEMBL1908359,FNa2O3P,143.95
EVEROLIMUS,,CO[C@H]1C[C@@H]2CC[C@@H](C)[C@@](O)(O2)C(=O)C(=O)N2CCCC[C@H]2C(=O)O[C@H]([C@H](C)C[C@@H]2CC[C@@H](OCCO)[C@H](OC)C2)CC(=O)[C@H](C)/C=C(\C)[C@@H](O)[C@@H](OC)C(=O)[C@H](C)C[C@H](C)/C=C/C=C/C=C/1C,,CHEMBL1908360,C53H83NO14,958.24
LEVOLEUCOVORIN CALCIUM,,Nc1nc(=O)c2c([nH]1)NC[C@H](CNc1ccc(C(=O)N[C@@H](CCC(=O)[O-])C(=O)[O-])cc1)N2C=O.[Ca+2],,CHEMBL1908361,C20H21CaN7O7,511.51
FINAFLOXACIN,,N#Cc1c(N2C[C@@H]3NCCO[C@H]3C2)c(F)cc2c(=O)c(C(=O)O)cn(C3CC3)c12,,CHEMBL1908370,C20H19FN4O4,398.39
PYRVINIUM PAMOATE,,Cc1cc(/C=C/c2ccc3cc(N(C)C)ccc3[n+]2C)c(C)n1-c1ccccc1.Cc1cc(/C=C/c2ccc3cc(N(C)C)ccc3[n+]2C)c(C)n1-c1ccccc1.O=C([O-])c1cc2ccccc2c(Cc2c(O)c(C(=O)[O-])cc3ccccc23)c1O,,CHEMBL1908377,C75H70N6O6,1151.42
LEVOLEUCOVORIN,,Nc1nc(=O)c2c([nH]1)NC[C@H](CNc1ccc(C(=O)N[C@@H](CCC(=O)O)C(=O)O)cc1)N2C=O,,CHEMBL1908841,C20H23N7O7,473.45
SPARTEINE,,C1CCN2C[C@@H]3C[C@@H](CN4CCCC[C@@H]34)[C@H]2C1,,CHEMBL1908847,C15H26N2,234.39
FLORBETABEN,,CNc1ccc(/C=C/c2ccc(OCCOCCOCCF)cc2)cc1,,CHEMBL1908906,C21H26FNO3,359.44
FLUCICLOVINE,,N[C@]1(C(=O)O)C[C@@H](F)C1,,CHEMBL1908917,C5H8FNO2,133.12
FLORBETAPIR,,CNc1ccc(/C=C/c2ccc(OCCOCCOCCF)nc2)cc1,,CHEMBL1908919,C20H25FN2O3,360.43
PIPAMAZINE,,NC(=O)C1CCN(CCCN2c3ccccc3Sc3ccc(Cl)cc32)CC1,,CHEMBL1909072,C21H24ClN3OS,401.96
FENCLOZIC ACID,,O=C(O)Cc1csc(-c2ccc(Cl)cc2)n1,,CHEMBL1909282,C11H8ClNO2S,253.71
MEBANAZINE,,CC(NN)c1ccccc1,,CHEMBL1909283,C8H12N2,136.20
NITREFAZOLE,,Cc1nc([N+](=O)[O-])cn1-c1ccc([N+](=O)[O-])cc1,,CHEMBL1909285,C10H8N4O4,248.20
PHENOXYPROPAZINE,,CC(COc1ccccc1)NN,,CHEMBL1909286,C9H14N2O,166.22
TRIACETYLDIPHENOLISATIN,,CC(=O)Oc1ccc(C2(c3ccc(OC(C)=O)cc3)C(=O)N(C(C)=O)c3ccccc32)cc1,,CHEMBL1909288,C26H21NO6,443.46
XENAZOIC ACID,,CCOC(Nc1ccc(C(=O)O)cc1)C(=O)c1ccc(-c2ccccc2)cc1,,CHEMBL1909289,C23H21NO4,375.42
PINAVERIUM BROMIDE,,COc1cc(Br)c(C[N+]2(CCOCCC3CCC4CC3C4(C)C)CCOCC2)cc1OC.[Br-],,CHEMBL1909298,C26H41Br2NO4,591.43
PINAVERIUM,,COc1cc(Br)c(C[N+]2(CCOCCC3CCC4CC3C4(C)C)CCOCC2)cc1OC,,CHEMBL1909324,C26H41BrNO4+,511.52
ANAGLIPTIN,,Cc1cc2ncc(C(=O)NCC(C)(C)NCC(=O)N3CCC[C@H]3C#N)cn2n1,,CHEMBL1929396,C19H25N7O2,383.46
IOFLUPANE,,COC(=O)[C@H]1[C@@H](c2ccc(I)cc2)C[C@@H]2CC[C@H]1N2CCCF,,CHEMBL1945778,C18H23FINO2,431.29
REGORAFENIB,,CNC(=O)c1cc(Oc2ccc(NC(=O)Nc3ccc(Cl)c(C(F)(F)F)c3)c(F)c2)ccn1,,CHEMBL1946170,C21H15ClF4N4O3,482.82
DIHYDROSTREPTOMYCIN,,CN[C@@H]1[C@H](O[C@H]2[C@H](O[C@H]3[C@H](O)[C@@H](O)[C@H](NC(=N)N)[C@@H](O)[C@@H]3NC(=N)N)O[C@@H](C)[C@]2(O)CO)O[C@@H](CO)[C@H](O)[C@H]1O,,CHEMBL1950576,C21H41N7O12,583.60
ARFORMOTEROL TARTRATE,,COc1ccc(C[C@@H](C)NC[C@H](O)c2ccc(O)c(NC=O)c2)cc1.O=C(O)C(O)C(O)C(=O)O,,CHEMBL1951071,C23H30N2O10,494.50
ERAVACYCLINE,,CN(C)[C@@H]1C(O)=C(C(N)=O)C(=O)[C@@]2(O)C(O)=C3C(=O)c4c(O)c(NC(=O)CN5CCCC5)cc(F)c4C[C@H]3C[C@@H]12,,CHEMBL1951095,C27H31FN4O8,558.56
AVANAFIL,,COc1ccc(CNc2nc(N3CCC[C@H]3CO)ncc2C(=O)NCc2ncccn2)cc1Cl,,CHEMBL1963681,C23H26ClN7O3,483.96
TAFLUPROST,,CC(C)OC(=O)CCC/C=C\C[C@@H]1[C@@H](/C=C/C(F)(F)COc2ccccc2)[C@H](O)C[C@@H]1O,,CHEMBL1963683,C25H34F2O5,452.54
STREPTOZOCIN,,CN(N=O)C(=O)N[C@@H](C=O)[C@@H](O)[C@H](O)[C@H](O)CO,,CHEMBL1977579,C8H15N3O7,265.22
ENTRECTINIB,,CN1CCN(c2ccc(C(=O)Nc3n[nH]c4ccc(Cc5cc(F)cc(F)c5)cc34)c(NC3CCOCC3)c2)CC1,,CHEMBL1983268,C31H34F2N6O2,560.65
STIRIPENTOL,,CC(C)(C)C(O)/C=C/c1ccc2c(c1)OCO2,,CHEMBL1983350,C14H18O3,234.29
PIFOXIME,,C/C(=N\O)c1ccc(OCC(=O)N2CCCCC2)cc1,,CHEMBL1998966,C15H20N2O3,276.34
BELUMOSUDIL,,CC(C)NC(=O)COc1cccc(-c2nc(Nc3ccc4[nH]ncc4c3)c3ccccc3n2)c1,,CHEMBL2005186,C26H24N6O2,452.52
SELENIOUS ACID,,O=[Se](O)O,,CHEMBL2009089,H2O3Se,128.97
IVACAFTOR,,CC(C)(C)c1cc(C(C)(C)C)c(NC(=O)c2c[nH]c3ccccc3c2=O)cc1O,,CHEMBL2010601,C24H28N2O3,392.50
IPRAGLIFLOZIN,,OC[C@H]1O[C@@H](c2ccc(F)c(Cc3cc4ccccc4s3)c2)[C@H](O)[C@@H](O)[C@@H]1O,,CHEMBL2018096,C21H21FO5S,404.46
FOSPROPOFOL DISODIUM,,CC(C)c1cccc(C(C)C)c1OCOP(=O)([O-])[O-].[Na+].[Na+],,CHEMBL2021422,C13H19Na2O5P,332.24
MAGNESIUM SULFATE ANHYDROUS,,O=S(=O)([O-])[O-].[Mg+2],,CHEMBL2021423,MgO4S,120.37
POTASSIUM SULFATE,,O=S(=O)([O-])[O-].[K+].[K+],,CHEMBL2021424,K2O4S,174.26
DEXAMETHASONE SODIUM PHOSPHATE,,C[C@@H]1C[C@H]2[C@@H]3CCC4=CC(=O)C=C[C@]4(C)[C@@]3(F)[C@@H](O)C[C@]2(C)[C@@]1(O)C(=O)COP(=O)([O-])[O-].[Na+].[Na+],,CHEMBL2021430,C22H28FNa2O8P,516.41
HYDROXYSTILBAMIDINE ISETHIONATE,,N=C(N)c1ccc(/C=C/c2ccc(C(=N)N)cc2O)cc1.O=S(=O)(O)CCO.O=S(=O)(O)CCO,,CHEMBL2023895,C20H28N4O9S2,532.60
DACLATASVIR,,COC(=O)N[C@H](C(=O)N1CCC[C@H]1c1ncc(-c2ccc(-c3ccc(-c4cnc([C@@H]5CCCN5C(=O)[C@@H](NC(=O)OC)C(C)C)[nH]4)cc3)cc2)[nH]1)C(C)C,,CHEMBL2023898,C40H50N8O6,738.89
CARIPRAZINE HYDROCHLORIDE,,CN(C)C(=O)N[C@H]1CC[C@H](CCN2CCN(c3cccc(Cl)c3Cl)CC2)CC1.Cl,,CHEMBL2024517,C21H33Cl3N4O,463.88
CARIPRAZINE,,CN(C)C(=O)N[C@H]1CC[C@H](CCN2CCN(c3cccc(Cl)c3Cl)CC2)CC1,,CHEMBL2028019,C21H32Cl2N4O,427.42
AZILSARTAN MEDOXOMIL,,CCOc1nc2cccc(C(=O)OCc3oc(=O)oc3C)c2n1Cc1ccc(-c2ccccc2-c2noc(=O)[nH]2)cc1,,CHEMBL2028661,C30H24N4O8,568.54
DABRAFENIB,,CC(C)(C)c1nc(-c2cccc(NS(=O)(=O)c3c(F)cccc3F)c2F)c(-c2ccnc(N)n2)s1,,CHEMBL2028663,C23H20F3N5O2S2,519.57
ICATIBANT,,N=C(N)NCCC[C@@H](N)C(=O)N[C@@H](CCCNC(=N)N)C(=O)N1CCC[C@H]1C(=O)N1C[C@H](O)C[C@H]1C(=O)NCC(=O)N[C@@H](Cc1cccs1)C(=O)N[C@@H](CO)C(=O)N1Cc2ccccc2C[C@@H]1C(=O)N1[C@H](C(=O)N[C@@H](CCCNC(=N)N)C(=O)O)C[C@@H]2CCCC[C@@H]21,,CHEMBL2028850,C59H89N19O13S,1304.55
ICATIBANT ACETATE,,CC(=O)O.N=C(N)NCCC[C@@H](N)C(=O)N[C@@H](CCCNC(=N)N)C(=O)N1CCC[C@H]1C(=O)N1C[C@H](O)C[C@H]1C(=O)NCC(=O)N[C@@H](Cc1cccs1)C(=O)N[C@@H](CO)C(=O)N1Cc2ccccc2C[C@@H]1C(=O)N1[C@H](C(=O)N[C@@H](CCCNC(=N)N)C(=O)O)C[C@@H]2CCCC[C@@H]21,,CHEMBL2028852,C61H93N19O15S,1364.60
DEGARELIX ACETATE,,CC(=O)N[C@H](Cc1ccc2ccccc2c1)C(=O)N[C@H](Cc1ccc(Cl)cc1)C(=O)N[C@H](Cc1cccnc1)C(=O)N[C@@H](CO)C(=O)N[C@@H](Cc1ccc(NC(=O)[C@@H]2CC(=O)NC(=O)N2)cc1)C(=O)N[C@H](Cc1ccc(NC(N)=O)cc1)C(=O)N[C@@H](CC(C)C)C(=O)N[C@@H](CCCCNC(C)C)C(=O)N1CCC[C@H]1C(=O)N[C@H](C)C(N)=O.CC(=O)O,,CHEMBL2028987,C84H107ClN18O18,1692.34
FLUDEOXYGLUCOSE F 18,,OC[C@H]1OC(O)[C@H]([18F])[C@@H](O)[C@@H]1O,,CHEMBL2030434,C6H11FO5,181.15
PACRITINIB,,C1=N/C2=N/c3ccc(OCCN4CCCC4)c(c3)COC/C=C/COCc3cccc(c3)C(=C1)N2,,CHEMBL2035187,C28H32N4O3,472.59
CICLESONIDE,,CC(C)C(=O)OCC(=O)[C@@]12O[C@H](C3CCCCC3)O[C@@H]1C[C@H]1[C@@H]3CCC4=CC(=O)C=C[C@]4(C)[C@H]3[C@@H](O)C[C@@]12C,,CHEMBL2040682,C32H44O7,540.70
FLUTEMETAMOL F 18,,CNc1ccc(-c2nc3ccc(O)cc3s2)cc1[18F],,CHEMBL2042122,C14H11FN2OS,273.32
GLASDEGIB,,CN1CC[C@@H](NC(=O)Nc2ccc(C#N)cc2)C[C@@H]1c1nc2ccccc2[nH]1,,CHEMBL2043437,C21H22N6O,374.45
LIFITEGRAST,,CS(=O)(=O)c1cccc(C[C@H](NC(=O)c2c(Cl)cc3c(c2Cl)CCN(C(=O)c2ccc4ccoc4c2)C3)C(=O)O)c1,,CHEMBL2048028,C29H24Cl2N2O7S,615.49
CANAGLIFLOZIN ANHYDROUS,,Cc1ccc([C@@H]2O[C@H](CO)[C@@H](O)[C@H](O)[C@H]2O)cc1Cc1ccc(-c2ccc(F)cc2)s1,,CHEMBL2048484,C24H25FO5S,444.52
PHENDIMETRAZINE TARTRATE,,C[C@H]1[C@H](c2ccccc2)OCCN1C.O=C(O)C(O)C(O)C(=O)O,,CHEMBL2062163,C16H23NO7,341.36
METARAMINOL BITARTRATE,,C[C@H](N)[C@H](O)c1cccc(O)c1.O=C(O)C(O)C(O)C(=O)O,,CHEMBL2062262,C13H19NO8,317.29
PHENYLEPHRINE BITARTRATE,,CNC[C@H](O)c1cccc(O)c1.O=C(O)C(O)C(O)C(=O)O,,CHEMBL2062264,C13H19NO8,317.29
DIHYDROCODEINE BITARTRATE,,COc1ccc2c3c1O[C@H]1[C@@H](O)CC[C@H]4[C@@H](C2)N(C)CC[C@@]341.O=C(O)C(O)C(O)C(=O)O,,CHEMBL2062266,C22H29NO9,451.47
LEVALLORPHAN TARTRATE,,C=CCN1CC[C@]23CCCC[C@H]2[C@H]1Cc1ccc(O)cc13.O=C(O)C(O)C(O)C(=O)O,,CHEMBL2062276,C23H31NO7,433.50
METOPROLOL TARTRATE,,COCCc1ccc(OCC(O)CNC(C)C)cc1.COCCc1ccc(OCC(O)CNC(C)C)cc1.O=C(O)C(O)C(O)C(=O)O,,CHEMBL2062335,C34H56N2O12,684.82
GRAZOPREVIR ANHYDROUS,,C=C[C@@H]1C[C@]1(NC(=O)[C@@H]1C[C@@H]2CN1C(=O)[C@H](C(C)(C)C)NC(=O)O[C@@H]1C[C@H]1CCCCCc1nc3ccc(OC)cc3nc1O2)C(=O)NS(=O)(=O)C1CC1,,CHEMBL2063090,C38H50N6O9S,766.92
VONOPRAZAN FUMARATE,,CNCc1cc(-c2ccccc2F)n(S(=O)(=O)c2cccnc2)c1.O=C(O)/C=C/C(=O)O,,CHEMBL2064032,C21H20FN3O6S,461.47
CALCIUM METRIZOATE,,CC(=O)Nc1c(I)c(C(=O)[O-])c(I)c(N(C)C(C)=O)c1I.CC(=O)Nc1c(I)c(C(=O)[O-])c(I)c(N(C)C(C)=O)c1I.[Ca+2],,CHEMBL2068723,C24H20CaI6N4O8,1293.95
ACAMPROSATE CALCIUM,,CC(=O)NCCCS(=O)(=O)[O-].CC(=O)NCCCS(=O)(=O)[O-].[Ca+2],,CHEMBL2068724,C10H20CaN2O8S2,400.49
IPODATE CALCIUM,,CN(C)/C=N/c1c(I)cc(I)c(CCC(=O)[O-])c1I.CN(C)/C=N/c1c(I)cc(I)c(CCC(=O)[O-])c1I.[Ca+2],,CHEMBL2068725,C24H24CaI6N4O4,1233.98
FLUDEOXYGLUCOSE,,OC[C@H]1OC(O)[C@H](F)[C@@H](O)[C@@H]1O,,CHEMBL2068864,C6H11FO5,182.15
SODIUM GLUCONATE,,O=C([O-])[C@H]1O[C@H](O)[C@H](O)[C@@H](O)[C@@H]1O.[Na+],,CHEMBL2068884,C6H9NaO7,216.12
BREMELANOTIDE,,CCCC[C@H](NC(C)=O)C(=O)N[C@H]1CC(=O)NCCCC[C@@H](C(=O)O)NC(=O)[C@H](Cc2c[nH]c3ccccc23)NC(=O)[C@H](CCCNC(=N)N)NC(=O)[C@@H](Cc2ccccc2)NC(=O)[C@H](Cc2c[nH]cn2)NC1=O,,CHEMBL2070241,C50H68N14O10,1025.18
VONOPRAZAN,,CNCc1cc(-c2ccccc2F)n(S(=O)(=O)c2cccnc2)c1,,CHEMBL2079130,C17H16FN3O2S,345.40
STANOZOLOL,,C[C@]12Cc3c[nH]nc3C[C@@H]1CC[C@@H]1[C@@H]2CC[C@@]2(C)[C@H]1CC[C@]2(C)O,,CHEMBL2079587,C21H32N2O,328.50
PENCICLOVIR SODIUM,,Nc1nc([O-])c2ncn(CCC(CO)CO)c2n1.[Na+],,CHEMBL2079793,C10H14N5NaO3,275.24
BOSUTINIB MONOHYDRATE,,COc1cc(Nc2c(C#N)cnc3cc(OCCCN4CCN(C)CC4)c(OC)cc23)c(Cl)cc1Cl.O,,CHEMBL2095206,C26H31Cl2N5O4,548.47
CHOLINE C-11,,C[N+](C)([11CH3])CCO.[Cl-],,CHEMBL2095207,C5H14ClNO,138.63
COBICISTAT,,CC(C)c1nc(CN(C)C(=O)N[C@@H](CCN2CCOCC2)C(=O)N[C@H](CC[C@H](Cc2ccccc2)NC(=O)OCc2cncs2)Cc2ccccc2)cs1,,CHEMBL2095208,C40H53N7O5S2,776.04
ICOSAPENT ETHYL,,CC/C=C\C/C=C\C/C=C\C/C=C\C/C=C\CCCC(=O)OCC,,CHEMBL2095209,C22H34O2,330.51
LORCASERIN HYDROCHLORIDE,,C[C@H]1CNCCc2ccc(Cl)cc21.Cl,,CHEMBL2095211,C11H15Cl2N,232.15
MIRABEGRON,,Nc1nc(CC(=O)Nc2ccc(CCNC[C@H](O)c3ccccc3)cc2)cs1,,CHEMBL2095212,C21H24N4O2S,396.52
CLORAZEPATE DIPOTASSIUM,,O=C([O-])C1N=C(c2ccccc2)c2cc(Cl)ccc2NC1=O.[K+].[K+].[OH-],,CHEMBL2096631,C16H11ClK2N2O4,408.92
MAGNESIUM TRISILICATE,,O=[Si]([O-])O[Si]([O-])([O-])O[Si](=O)[O-].[Mg+2].[Mg+2],,CHEMBL2096633,Mg2O8Si3,260.86
UREA C 14,,N[14C](N)=O,,CHEMBL2096635,CH4N2O,62.05
BACITRACIN ZINC,,CC[C@H](C)[C@H](N)C1=N[C@H](C(=O)N[C@@H](CC(C)C)C(=O)N[C@H](CCC(=O)[O-])C(=O)N[C@H](C(=O)N[C@H]2CCCCNC(=O)[C@H](CC(N)=O)NC(=O)[C@@H](CC(=O)[O-])NC(=O)[C@H](Cc3cnc[nH]3)NC(=O)[C@@H](Cc3ccccc3)NC(=O)[C@H]([C@@H](C)CC)NC(=O)[C@@H](CCCN)NC2=O)[C@@H](C)CC)CS1.[Zn+2],,CHEMBL2096639,C66H101N17O16SZn,1486.09
INAMRINONE LACTATE,,CC(O)C(=O)O.Nc1cc(-c2ccncc2)c[nH]c1=O,,CHEMBL2096642,C13H15N3O4,277.28
AMINOSALICYLATE SODIUM,,Nc1ccc(C(=O)[O-])c(O)c1.O.O.[Na+],,CHEMBL2096646,C7H10NNaO5,211.15
UREA C 13,,N[13C](N)=O,,CHEMBL2096648,CH4N2O,61.05
SODIUM THIOSULFATE,,O.O.O.O.O.O=S([O-])([O-])=S.[Na+].[Na+],,CHEMBL2096650,H10Na2O8S2,248.19
CETRORELIX ACETATE,,CC(=O)N[C@H](Cc1ccc2ccccc2c1)C(=O)N[C@H](Cc1ccc(Cl)cc1)C(=O)N[C@H](Cc1cccnc1)C(=O)N[C@@H](CO)C(=O)N[C@@H](Cc1ccc(O)cc1)C(=O)N[C@H](CCCNC(N)=O)C(=O)N[C@@H](CC(C)C)C(=O)N[C@@H](CCCNC(=N)N)C(=O)N1CCC[C@H]1C(=O)N[C@H](C)C(N)=O.CC(=O)O,,CHEMBL2103735,C72H96ClN17O16,1491.12
FENOPROFEN CALCIUM,,CC(C(=O)[O-])c1cccc(Oc2ccccc2)c1.CC(C(=O)[O-])c1cccc(Oc2ccccc2)c1.O.O.[Ca+2],,CHEMBL2103736,C30H30CaO8,558.64
LITHIUM CITRATE,,O.O.O.O.O=C([O-])CC(O)(CC(=O)[O-])C(=O)[O-].[Li+].[Li+].[Li+],,CHEMBL2103738,C6H13Li3O11,281.98
EMEDASTINE DIFUMARATE,,CCOCCn1c(N2CCCN(C)CC2)nc2ccccc21.O=C(O)/C=C/C(=O)O.O=C(O)/C=C/C(=O)O,,CHEMBL2103739,C25H34N4O9,534.57
LEVOTHYROXINE SODIUM,,N[C@@H](Cc1cc(I)c(Oc2cc(I)c(O)c(I)c2)c(I)c1)C(=O)[O-].O.[Na+],,CHEMBL2103741,C15H12I4NNaO5,816.87
TOFACITINIB CITRATE,,C[C@@H]1CCN(C(=O)CC#N)C[C@@H]1N(C)c1ncnc2[nH]ccc12.O=C(O)CC(O)(CC(=O)O)C(=O)O,,CHEMBL2103743,C22H28N6O8,504.50
MORPHINE SULFATE,,CN1CC[C@]23c4c5ccc(O)c4O[C@H]2[C@@H](O)C=C[C@H]3[C@H]1C5.CN1CC[C@]23c4c5ccc(O)c4O[C@H]2[C@@H](O)C=C[C@H]3[C@H]1C5.O.O.O.O.O.O=S(=O)(O)O,,CHEMBL2103744,C34H50N2O15S,758.84
PRAMLINTIDE,,CC[C@H](C)[C@H](NC(=O)[C@@H]1CCCN1C(=O)CNC(=O)[C@H](Cc1ccccc1)NC(=O)[C@H](CC(N)=O)NC(=O)[C@H](CC(N)=O)NC(=O)[C@H](CO)NC(=O)[C@H](CO)NC(=O)[C@H](Cc1c[nH]cn1)NC(=O)[C@@H](NC(=O)[C@H](CC(C)C)NC(=O)[C@H](Cc1ccccc1)NC(=O)[C@H](CC(N)=O)NC(=O)[C@H](C)NC(=O)[C@H](CC(C)C)NC(=O)[C@H](CCCNC(=N)N)NC(=O)[C@H](CCC(N)=O)NC(=O)[C@@H](NC(=O)[C@H](C)NC(=O)[C@@H]1CSSC[C@H](NC(=O)[C@@H](N)CCCCN)C(=O)N[C@@H](CC(N)=O)C(=O)N[C@@H]([C@@H](C)O)C(=O)N[C@@H](C)C(=O)N[C@@H]([C@@H](C)O)C(=O)N1)[C@@H](C)O)C(C)C)C(=O)N[C@@H](CC(C)C)C(=O)N1CCC[C@H]1C(=O)N1CCC[C@H]1C(=O)N[C@H](C(=O)N[C@@H](CC(N)=O)C(=O)N[C@H](C(=O)NCC(=O)N[C@@H](CO)C(=O)N[C@@H](CC(N)=O)C(=O)N[C@H](C(=O)N[C@@H](Cc1ccc(O)cc1)C(N)=O)[C@@H](C)O)C(C)C)[C@@H](C)O,,CHEMBL2103758,C171H267N51O53S2,3949.45
RACECADOTRIL,,CC(=O)SCC(Cc1ccccc1)C(=O)NCC(=O)OCc1ccccc1,,CHEMBL2103772,C21H23NO4S,385.49
TIBOLONE,,C#C[C@]1(O)CC[C@H]2[C@@H]3[C@H](C)CC4=C(CCC(=O)C4)[C@H]3CC[C@@]21C,,CHEMBL2103774,C21H28O2,312.45
COSYNTROPIN,,CSCC[C@H](NC(=O)[C@H](CO)NC(=O)[C@H](Cc1ccc(O)cc1)NC(=O)[C@@H](N)CO)C(=O)N[C@@H](CCC(=O)O)C(=O)N[C@@H](Cc1c[nH]cn1)C(=O)N[C@@H](Cc1ccccc1)C(=O)N[C@@H](CCCNC(=N)N)C(=O)N[C@@H](Cc1c[nH]c2ccccc12)C(=O)NCC(=O)N[C@@H](CCCCN)C(=O)N1CCC[C@H]1C(=O)N[C@H](C(=O)NCC(=O)N[C@@H](CCCCN)C(=O)N[C@@H](CCCCN)C(=O)N[C@@H](CCCNC(=N)N)C(=O)N[C@@H](CCCNC(=N)N)C(=O)N1CCC[C@H]1C(=O)N[C@H](C(=O)N[C@@H](CCCCN)C(=O)N[C@H](C(=O)N[C@@H](Cc1ccc(O)cc1)C(=O)N1CCC[C@H]1C(=O)O)C(C)C)C(C)C)C(C)C,,CHEMBL2103784,C136H210N40O31S,2933.49
AZILSARTAN KAMEDOXOMIL,,CCOc1nc2cccc(C(=O)OCc3oc(=O)oc3C)c2n1Cc1ccc(-c2ccccc2-c2noc(=O)[n-]2)cc1.[K+],,CHEMBL2103795,C30H23KN4O8,606.63
DAPAGLIFLOZIN PROPANEDIOL,,CCOc1ccc(Cc2cc([C@@H]3O[C@H](CO)[C@@H](O)[C@H](O)[C@H]3O)ccc2Cl)cc1.C[C@H](O)CO.O,,CHEMBL2103802,C24H35ClO9,502.99
TASIMELTEON,,CCC(=O)NC[C@@H]1C[C@H]1c1cccc2c1CCO2,,CHEMBL2103822,C15H19NO2,245.32
DROXIDOPA,,N[C@H](C(=O)O)[C@H](O)c1ccc(O)c(O)c1,,CHEMBL2103827,C9H11NO5,213.19
FOSTAMATINIB,,COc1cc(Nc2ncc(F)c(Nc3ccc4c(n3)N(COP(=O)(O)O)C(=O)C(C)(C)O4)n2)cc(OC)c1OC,,CHEMBL2103830,C23H26FN6O9P,580.47
TAFAMIDIS,,O=C(O)c1ccc2nc(-c3cc(Cl)cc(Cl)c3)oc2c1,,CHEMBL2103837,C14H7Cl2NO3,308.12
PIXANTRONE DIMALEATE,,NCCNc1ccc(NCCN)c2c1C(=O)c1ccncc1C2=O.O=C(O)/C=C\C(=O)O.O=C(O)/C=C\C(=O)O,,CHEMBL2103844,C25H27N5O10,557.52
ULIPRISTAL,,CC(=O)[C@@]1(O)CC[C@H]2[C@@H]3CCC4=CC(=O)CCC4=C3[C@@H](c3ccc(N(C)C)cc3)C[C@@]21C,,CHEMBL2103846,C28H35NO3,433.59
OMADACYCLINE TOSYLATE,,CN(C)c1cc(CNCC(C)(C)C)c(O)c2c1C[C@H]1C[C@H]3[C@H](N(C)C)C(O)=C(C(N)=O)C(=O)[C@@]3(O)C(O)=C1C2=O.Cc1ccc(S(=O)(=O)O)cc1,,CHEMBL2103854,C36H48N4O10S,728.87
TELOTRISTAT,,Cc1ccn(-c2cc(Cl)ccc2[C@@H](Oc2cc(-c3ccc(C[C@H](N)C(=O)O)cc3)nc(N)n2)C(F)(F)F)n1,,CHEMBL2103855,C25H22ClF3N6O3,546.94
PLECANATIDE,,CC(C)C[C@H](NC(=O)[C@@H]1CSSC[C@@H]2NC(=O)[C@H](CC(C)C)NC(=O)[C@H](CCC(=O)O)NC(=O)[C@@H](NC(=O)[C@H](CCC(=O)O)NC(=O)[C@H](CC(=O)O)NC(=O)[C@@H](N)CC(N)=O)CSSC[C@H](NC(=O)[C@H](C)NC(=O)[C@H](C(C)C)NC(=O)[C@H](CC(N)=O)NC(=O)[C@H](C(C)C)NC2=O)C(=O)N[C@@H]([C@@H](C)O)C(=O)NCC(=O)N1)C(=O)O,,CHEMBL2103867,C65H104N18O26S4,1681.91
CABOZANTINIB S-MALATE,,COc1cc2nccc(Oc3ccc(NC(=O)C4(C(=O)Nc5ccc(F)cc5)CC4)cc3)c2cc1OC.O=C(O)C[C@H](O)C(=O)O,,CHEMBL2103868,C32H30FN3O10,635.60
LUMACAFTOR,,Cc1ccc(NC(=O)C2(c3ccc4c(c3)OC(F)(F)O4)CC2)nc1-c1cccc(C(=O)O)c1,,CHEMBL2103870,C24H18F2N2O5,452.41
CEFTOLOZANE,,Cn1c(N)c(NC(=O)NCCN)c[n+]1CC1=C(C(=O)O)N2C(=O)[C@@H](NC(=O)/C(=N\OC(C)(C)C(=O)[O-])c3nsc(N)n3)[C@H]2SC1,,CHEMBL2103872,C23H30N12O8S2,666.70
MACITENTAN,,CCCNS(=O)(=O)Nc1ncnc(OCCOc2ncc(Br)cn2)c1-c1ccc(Br)cc1,,CHEMBL2103873,C19H20Br2N6O4S,588.28
TRAMETINIB,,CC(=O)Nc1cccc(-n2c(=O)n(C3CC3)c(=O)c3c(Nc4ccc(I)cc4F)n(C)c(=O)c(C)c32)c1,,CHEMBL2103875,C26H23FIN5O4,615.40
EFINACONAZOLE,,C=C1CCN([C@H](C)[C@](O)(Cn2cncn2)c2ccc(F)cc2F)CC1,,CHEMBL2103877,C18H22F2N4O,348.40
AVATROMBOPAG,,O=C(Nc1nc(-c2cc(Cl)cs2)c(N2CCN(C3CCCCC3)CC2)s1)c1cnc(N2CCC(C(=O)O)CC2)c(Cl)c1,,CHEMBL2103883,C29H34Cl2N6O3S2,649.67
LYMECYCLINE,,CN(C)[C@@H]1C(O)=C(C(=O)NCNCCCC[C@H](N)C(=O)O)C(=O)[C@@]2(O)C(O)=C3C(=O)c4c(O)cccc4[C@@](C)(O)[C@H]3C[C@@H]12,,CHEMBL2103929,C29H38N4O10,602.64
CHOLINE SALICYLATE,,C[N+](C)(C)CCO.O=C([O-])c1ccccc1O,,CHEMBL2104095,C12H19NO4,241.29
CLOMACRAN PHOSPHATE,,CN(C)CCCC1c2ccccc2Nc2ccc(Cl)cc21.O=P(O)(O)O,,CHEMBL2104136,C18H24ClN2O4P,398.83
DIBENZEPIN HYDROCHLORIDE,,CN(C)CCN1C(=O)c2ccccc2N(C)c2ccccc21.Cl,,CHEMBL2104287,C18H22ClN3O,331.85
KETAZOLAM,,CC1=CC(=O)N2CC(=O)N(C)c3ccc(Cl)cc3C2(c2ccccc2)O1,,CHEMBL2104356,C20H17ClN2O3,368.82
INSULIN DETEMIR,,CCCCCCCCCCCCCC(=O)NCCCC[C@H](NC(=O)[C@@H]1CCCN1C(=O)[C@@H](NC(=O)[C@H](Cc1ccc(O)cc1)NC(=O)[C@H](Cc1ccccc1)NC(=O)[C@H](Cc1ccccc1)NC(=O)CNC(=O)[C@H](CCCNC(=N)N)NC(=O)[C@H](CCC(=O)O)NC(=O)CNC(=O)[C@@H]1CSSC[C@@H](C(=O)N[C@@H](CC(N)=O)C(=O)O)NC(=O)[C@H](Cc2ccc(O)cc2)NC(=O)[C@H](CC(N)=O)NC(=O)[C@H](CCC(=O)O)NC(=O)[C@H](CC(C)C)NC(=O)[C@H](CCC(N)=O)NC(=O)[C@H](Cc2ccc(O)cc2)NC(=O)[C@H](CC(C)C)NC(=O)[C@H](CO)NC(=O)[C@@H]2CSSC[C@H](NC(=O)[C@H](CCC(N)=O)NC(=O)[C@H](CCC(=O)O)NC(=O)[C@@H](NC(=O)[C@@H](NC(=O)CN)[C@@H](C)CC)C(C)C)C(=O)N[C@@H](CSSC[C@H](NC(=O)[C@H](CC(C)C)NC(=O)[C@H](Cc3c[nH]cn3)NC(=O)[C@H](CCC(N)=O)NC(=O)[C@H](CC(N)=O)NC(=O)[C@@H](NC(=O)[C@@H](N)Cc3ccccc3)C(C)C)C(=O)NCC(=O)N[C@@H](CO)C(=O)N[C@@H](Cc3c[nH]cn3)C(=O)N[C@@H](CC(C)C)C(=O)N[C@@H](C(C)C)C(=O)N[C@@H](CCC(=O)O)C(=O)N[C@@H](C)C(=O)N[C@@H](CC(C)C)C(=O)N[C@@H](Cc3ccc(O)cc3)C(=O)N[C@@H](CC(C)C)C(=O)N[C@@H](C(C)C)C(=O)N1)C(=O)N[C@@H]([C@@H](C)O)C(=O)N[C@@H](CO)C(=O)N[C@@H]([C@@H](C)CC)C(=O)N2)[C@@H](C)O)C(=O)O,,CHEMBL2104391,C267H402N64O76S6,5916.93
MOXIDECTIN,,CO/N=C1\C[C@]2(C[C@@H]3C[C@@H](C/C=C(\C)C[C@@H](C)/C=C/C=C4\CO[C@@H]5[C@H](O)C(C)=C[C@@H](C(=O)O3)[C@]45O)O2)O[C@H](/C(C)=C/C(C)C)[C@H]1C,,CHEMBL2104415,C37H53NO8,639.83
TRITOQUALINE,,CCOc1c(N)c2c(c(OCC)c1OCC)C(C1c3c(cc4c(c3OC)OCO4)CCN1C)OC2=O,,CHEMBL2104445,C26H32N2O8,500.55
ANAGESTONE ACETATE,,CC(=O)O[C@]1(C(C)=O)CCC2[C@@H]3C[C@H](C)C4=CCCC[C@]4(C)[C@H]3CC[C@@]21C,,CHEMBL2104489,C24H36O3,372.55
AMOPROXAN,,COc1cc(C(=O)OC(COCCC(C)C)CN2CCOCC2)cc(OC)c1OC,,CHEMBL2104537,C22H35NO7,425.52
CALCIUM GLUBIONATE,,O.O=C([O-])[C@H](O)[C@@H](O)[C@H](O)[C@H](O)CO.O=C([O-])[C@H](O)[C@@H](O)[C@H](O[C@@H]1O[C@H](CO)[C@H](O)[C@H](O)[C@H]1O)[C@H](O)CO.[Ca+2],,CHEMBL2104594,C18H34CaO20,610.53
PYROVALERONE HYDROCHLORIDE,,CCCC(C(=O)c1ccc(C)cc1)N1CCCC1.Cl,,CHEMBL2104793,C16H24ClNO,281.83
SULFADICRAMIDE,,CC(C)=CC(=O)NS(=O)(=O)c1ccc(N)cc1,,CHEMBL2104910,C11H14N2O3S,254.31
INDORAMIN HYDROCHLORIDE,,Cl.O=C(NC1CCN(CCc2c[nH]c3ccccc23)CC1)c1ccccc1,,CHEMBL2104941,C22H26ClN3O,383.92
TEDUGLUTIDE,,CC[C@H](C)[C@H](NC(=O)[C@H](Cc1ccccc1)NC(=O)[C@H](CC(=O)O)NC(=O)[C@H](CCCNC(=N)N)NC(=O)[C@H](C)NC(=O)[C@H](C)NC(=O)[C@H](CC(C)C)NC(=O)[C@H](CC(N)=O)NC(=O)[C@H](CC(=O)O)NC(=O)[C@H](CC(C)C)NC(=O)[C@@H](NC(=O)[C@@H](NC(=O)[C@H](CC(N)=O)NC(=O)[C@H](CCSC)NC(=O)[C@H](CCC(=O)O)NC(=O)[C@H](CC(=O)O)NC(=O)[C@H](CO)NC(=O)[C@H](Cc1ccccc1)NC(=O)[C@H](CO)NC(=O)CNC(=O)[C@H](CC(=O)O)NC(=O)CNC(=O)[C@@H](N)Cc1c[nH]cn1)[C@@H](C)O)[C@@H](C)CC)C(=O)N[C@@H](CC(N)=O)C(=O)N[C@@H](Cc1c[nH]c2ccccc12)C(=O)N[C@@H](CC(C)C)C(=O)N[C@H](C(=O)N[C@@H](CCC(N)=O)C(=O)N[C@H](C(=O)N[C@@H](CCCCN)C(=O)N[C@H](C(=O)N[C@H](C(=O)N[C@@H](CC(=O)O)C(=O)O)[C@@H](C)O)[C@@H](C)CC)[C@@H](C)O)[C@@H](C)CC,,CHEMBL2104987,C164H252N44O55S,3752.14
VORTIOXETINE,,Cc1ccc(Sc2ccccc2N2CCNCC2)c(C)c1,,CHEMBL2104993,C18H22N2S,298.46
INDIGOTINDISULFONATE SODIUM,,O=C1/C(=C2\Nc3ccc(S(=O)(=O)[O-])cc3C2=O)Nc2ccc(S(=O)(=O)[O-])cc21.[Na+].[Na+],,CHEMBL2105023,C16H8N2Na2O8S2,466.36
MEFRUSIDE,,CN(CC1(C)CCCO1)S(=O)(=O)c1ccc(Cl)c(S(N)(=O)=O)c1,,CHEMBL2105131,C13H19ClN2O5S2,382.89
PHOLCODINE,,CN1CC[C@]23c4c5ccc(OCCN6CCOCC6)c4O[C@H]2[C@@H](O)C=C[C@H]3[C@H]1C5,,CHEMBL2105224,C23H30N2O4,398.50
PROXIBARBAL,,C=CCC1(CC(C)O)C(=O)NC(=O)NC1=O,,CHEMBL2105233,C10H14N2O4,226.23
POTASSIUM BITARTRATE,,O=C([O-])[C@H](O)[C@@H](O)C(=O)O.[K+],,CHEMBL2105248,C4H5KO6,188.18
PROPYLHEXEDRINE,,CNC(C)CC1CCCCC1,,CHEMBL2105275,C10H21N,155.28
PROPANIDID,,CCCOC(=O)Cc1ccc(OCC(=O)N(CC)CC)c(OC)c1,,CHEMBL2105345,C18H27NO5,337.42
OSPEMIFENE,,OCCOc1ccc(/C(=C(/CCCl)c2ccccc2)c2ccccc2)cc1,,CHEMBL2105395,C24H23ClO2,378.90
TAUROLIDINE,,O=S1(=O)CCN(CN2CCS(=O)(=O)NC2)CN1,,CHEMBL2105420,C7H16N4O4S2,284.36
THENALIDINE,,CN1CCC(N(Cc2cccs2)c2ccccc2)CC1,,CHEMBL2105458,C17H22N2S,286.44
ZIPEPROL,,COC(CN1CCN(CC(O)C(OC)c2ccccc2)CC1)c1ccccc1,,CHEMBL2105497,C23H32N2O3,384.52
TETRAZEPAM,,CN1C(=O)CN=C(C2=CCCCC2)c2cc(Cl)ccc21,,CHEMBL2105527,C16H17ClN2O,288.78
FENPROPOREX,,CC(Cc1ccccc1)NCCC#N,,CHEMBL2105566,C12H16N2,188.27
VERALIPRIDE,,C=CCN1CCCC1CNC(=O)c1cc(S(N)(=O)=O)cc(OC)c1OC,,CHEMBL2105581,C17H25N3O5S,383.47
TACALCITOL,,C=C1/C(=C\C=C2/CCC[C@]3(C)[C@@H]([C@H](C)CC[C@@H](O)C(C)C)CC[C@@H]23)C[C@@H](O)C[C@@H]1O,,CHEMBL2105611,C27H44O3,416.65
DIVALPROEX SODIUM,,CCCC(CCC)C(=O)O.CCCC(CCC)C(=O)[O-].[Na+],,CHEMBL2105613,C16H31NaO4,310.41
VINFLUNINE DITARTRATE,,CC[C@]12C=CCN3CC[C@@]4(c5cc([C@@]6(C(=O)OC)C[C@@H]7C[C@@H](C(C)(F)F)CN(Cc8c6[nH]c6ccccc86)C7)c(OC)cc5N(C)[C@H]4[C@@](O)(C(=O)OC)[C@@H]1OC(C)=O)[C@@H]32.O=C(O)C(O)C(O)C(=O)O.O=C(O)C(O)C(O)C(=O)O,,CHEMBL2105629,C53H66F2N4O20,1117.12
DELAFLOXACIN,,Nc1nc(-n2cc(C(=O)O)c(=O)c3cc(F)c(N4CC(O)C4)c(Cl)c32)c(F)cc1F,,CHEMBL2105637,C18H12ClF3N4O4,440.77
DELAFLOXACIN MEGLUMINE,,CNC[C@H](O)[C@@H](O)[C@H](O)[C@H](O)CO.Nc1nc(-n2cc(C(=O)O)c(=O)c3cc(F)c(N4CC(O)C4)c(Cl)c32)c(F)cc1F,,CHEMBL2105638,C25H29ClF3N5O9,635.98
PALOVAROTENE,,CC1(C)CCC(C)(C)c2cc(Cn3cccn3)c(/C=C/c3ccc(C(=O)O)cc3)cc21,,CHEMBL2105648,C27H30N2O2,414.55
LOMITAPIDE MESYLATE,,CS(=O)(=O)O.O=C(NC1CCN(CCCCC2(C(=O)NCC(F)(F)F)c3ccccc3-c3ccccc32)CC1)c1ccccc1-c1ccc(C(F)(F)F)cc1,,CHEMBL2105662,C40H41F6N3O5S,789.84
TEDIZOLID PHOSPHATE,,Cn1nnc(-c2ccc(-c3ccc(N4C[C@H](COP(=O)(O)O)OC4=O)cc3F)cn2)n1,,CHEMBL2105669,C17H16FN6O6P,450.32
TAFAMIDIS MEGLUMINE,,CNC[C@H](O)[C@@H](O)[C@H](O)[C@H](O)CO.O=C(O)c1ccc2nc(-c3cc(Cl)cc(Cl)c3)oc2c1,,CHEMBL2105675,C21H24Cl2N2O8,503.34
RIFAMYCIN SODIUM,,CO[C@H]1/C=C/O[C@@]2(C)Oc3c(C)c([O-])c4c(O)c(cc(O)c4c3C2=O)NC(=O)/C(C)=C\C=C\[C@H](C)[C@H](O)[C@@H](C)[C@@H](O)[C@@H](C)[C@H](OC(C)=O)[C@@H]1C.[Na+],,CHEMBL2105680,C37H46NNaO12,719.76
EDOXABAN TOSYLATE,,CN1CCc2nc(C(=O)N[C@@H]3C[C@@H](C(=O)N(C)C)CC[C@@H]3NC(=O)C(=O)Nc3ccc(Cl)cn3)sc2C1.Cc1ccc(S(=O)(=O)O)cc1,,CHEMBL2105682,C31H38ClN7O7S2,720.27
SELUMETINIB SULFATE,,Cn1cnc2c(F)c(Nc3ccc(Br)cc3Cl)c(C(=O)NOCCO)cc21.O=S(=O)(O)O,,CHEMBL2105684,C17H17BrClFN4O7S,555.77
LULICONAZOLE,,N#C/C(=C1/SC[C@@H](c2ccc(Cl)cc2Cl)S1)n1ccnc1,,CHEMBL2105689,C14H9Cl2N3S2,354.29
TELOTRISTAT ETHYL,,CCOC(=O)[C@@H](N)Cc1ccc(-c2cc(O[C@H](c3ccc(Cl)cc3-n3ccc(C)n3)C(F)(F)F)nc(N)n2)cc1,,CHEMBL2105695,C27H26ClF3N6O3,574.99
BEDAQUILINE FUMARATE,,COc1nc2ccc(Br)cc2cc1[C@@H](c1ccccc1)[C@@](O)(CCN(C)C)c1cccc2ccccc12.O=C(O)/C=C/C(=O)O,,CHEMBL2105700,C36H35BrN2O6,671.59
LENVATINIB MESYLATE,,COc1cc2nccc(Oc3ccc(NC(=O)NC4CC4)c(Cl)c3)c2cc1C(N)=O.CS(=O)(=O)O,,CHEMBL2105704,C22H23ClN4O7S,522.97
PONATINIB HYDROCHLORIDE,,Cc1ccc(C(=O)Nc2ccc(CN3CCN(C)CC3)c(C(F)(F)F)c2)cc1C#Cc1cnc2cccnn12.Cl,,CHEMBL2105708,C29H28ClF3N6O,569.03
QUIZARTINIB DIHYDROCHLORIDE,,CC(C)(C)c1cc(NC(=O)Nc2ccc(-c3cn4c(n3)sc3cc(OCCN5CCOCC5)ccc34)cc2)no1.Cl.Cl,,CHEMBL2105709,C29H34Cl2N6O4S,633.60
TOFOGLIFLOZIN,,CCc1ccc(Cc2ccc3c(c2)[C@]2(OC3)O[C@H](CO)[C@@H](O)[C@H](O)[C@H]2O)cc1.O,,CHEMBL2105711,C22H28O7,404.46
AFATINIB DIMALEATE,,CN(C)C/C=C/C(=O)Nc1cc2c(Nc3ccc(F)c(Cl)c3)ncnc2cc1O[C@H]1CCOC1.O=C(O)/C=C\C(=O)O.O=C(O)/C=C\C(=O)O,,CHEMBL2105712,C32H33ClFN5O11,718.09
CABOZANTINIB,,COc1cc2nccc(Oc3ccc(NC(=O)C4(C(=O)Nc5ccc(F)cc5)CC4)cc3)c2cc1OC,,CHEMBL2105717,C28H24FN3O5,501.51
DACOMITINIB,,COc1cc2ncnc(Nc3ccc(F)c(Cl)c3)c2cc1NC(=O)/C=C/CN1CCCCC1.O,,CHEMBL2105719,C24H27ClFN5O3,487.96
LESINURAD,,O=C(O)CSc1nnc(Br)n1-c1ccc(C2CC2)c2ccccc12,,CHEMBL2105720,C17H14BrN3O2S,404.29
NOMEGESTROL,,CC(=O)[C@@]1(O)CC[C@H]2[C@@H]3C=C(C)C4=CC(=O)CC[C@@H]4[C@H]3CC[C@@]21C,,CHEMBL2105722,C21H28O3,328.45
DABRAFENIB MESYLATE,,CC(C)(C)c1nc(-c2cccc(NS(=O)(=O)c3c(F)cccc3F)c2F)c(-c2ccnc(N)n2)s1.CS(=O)(=O)O,,CHEMBL2105729,C24H24F3N5O5S3,615.68
LEVOMILNACIPRAN HYDROCHLORIDE,,CCN(CC)C(=O)[C@@]1(c2ccccc2)C[C@H]1CN.Cl,,CHEMBL2105732,C15H23ClN2O,282.81
ASUNAPREVIR,,C=C[C@@H]1C[C@]1(NC(=O)[C@@H]1C[C@@H](Oc2ncc(OC)c3ccc(Cl)cc23)CN1C(=O)[C@@H](NC(=O)OC(C)(C)C)C(C)(C)C)C(=O)NS(=O)(=O)C1CC1,,CHEMBL2105735,C35H46ClN5O9S,748.30
SONIDEGIB,,Cc1c(C(=O)Nc2ccc(N3C[C@@H](C)O[C@@H](C)C3)nc2)cccc1-c1ccc(OC(F)(F)F)cc1,,CHEMBL2105737,C26H26F3N3O3,485.51
SITAXENTAN SODIUM,,Cc1cc2c(cc1CC(=O)c1sccc1S(=O)(=O)[N-]c1onc(C)c1Cl)OCO2.[Na+],,CHEMBL2105740,C18H14ClN2NaO6S2,476.90
TRAMETINIB DIMETHYL SULFOXIDE,,CC(=O)Nc1cccc(-n2c(=O)n(C3CC3)c(=O)c3c(Nc4ccc(I)cc4F)n(C)c(=O)c(C)c32)c1.C[S+](C)[O-],,CHEMBL2105741,C28H29FIN5O5S,693.54
OLODATEROL HYDROCHLORIDE,,COc1ccc(CC(C)(C)NC[C@H](O)c2cc(O)cc3c2OCC(=O)N3)cc1.Cl,,CHEMBL2105743,C21H27ClN2O5,422.91
GLYCEROL PHENYLBUTYRATE,,O=C(CCCc1ccccc1)OCC(COC(=O)CCCc1ccccc1)OC(=O)CCCc1ccccc1,,CHEMBL2105745,C33H38O6,530.66
PRUCALOPRIDE SUCCINATE,,COCCCN1CCC(NC(=O)c2cc(Cl)c(N)c3c2OCC3)CC1.O=C(O)CCC(=O)O,,CHEMBL2105748,C22H32ClN3O7,485.97
SAMIDORPHAN L-MALATE,,NC(=O)c1ccc2c(c1O)[C@]13CCN(CC4CC4)[C@H](C2)[C@]1(O)CCC(=O)C3.O=C(O)C[C@H](O)C(=O)O,,CHEMBL2105749,C25H32N2O9,504.54
TRELAGLIPTIN SUCCINATE,,Cn1c(=O)cc(N2CCC[C@@H](N)C2)n(Cc2cc(F)ccc2C#N)c1=O.O=C(O)CCC(=O)O,,CHEMBL2105754,C22H26FN5O6,475.48
NALDEMEDINE,,CC(C)(NC(=O)C1=C(O)[C@@H]2Oc3c(O)ccc4c3[C@@]23CCN(CC2CC2)[C@H](C4)[C@]3(O)C1)c1nc(-c2ccccc2)no1,,CHEMBL2105755,C32H34N4O6,570.65
TIVOZANIB HYDROCHLORIDE,,COc1cc2nccc(Oc3ccc(NC(=O)Nc4cc(C)on4)c(Cl)c3)c2cc1OC.Cl.O,,CHEMBL2105756,C22H22Cl2N4O6,509.35
AVATROMBOPAG MALEATE,,O=C(Nc1nc(-c2cc(Cl)cs2)c(N2CCN(C3CCCCC3)CC2)s1)c1cnc(N2CCC(C(=O)O)CC2)c(Cl)c1.O=C(O)/C=C\C(=O)O,,CHEMBL2105758,C33H38Cl2N6O7S2,765.74
BARICITINIB,,CCS(=O)(=O)N1CC(CC#N)(n2cc(-c3ncnc4[nH]ccc34)cn2)C1,,CHEMBL2105759,C16H17N7O2S,371.43
BREXPIPRAZOLE,,O=c1ccc2ccc(OCCCCN3CCN(c4cccc5sccc45)CC3)cc2[nH]1,,CHEMBL2105760,C25H27N3O2S,433.58
OMARIGLIPTIN,,CS(=O)(=O)n1cc2c(n1)CN([C@H]1CO[C@H](c3cc(F)ccc3F)[C@@H](N)C1)C2,,CHEMBL2105762,C17H20F2N4O3S,398.44
"GLYCEROL, IODINATED",,CC(I)C1OCC(CO)O1,,CHEMBL2105827,C6H11IO3,258.05
CORTIVAZOL,,CC(=O)OCC(=O)[C@@]1(O)[C@H](C)C[C@H]2[C@@H]3C=C(C)C4=Cc5c(cnn5-c5ccccc5)C[C@]4(C)[C@H]3[C@@H](O)C[C@@]21C,,CHEMBL2105842,C32H38N2O5,530.67
BARIUM SULFATE,,O=S(=O)([O-])[O-].[Ba+2],,CHEMBL2105897,BaO4S,233.39
BARBITAL SODIUM,,CCC1(CC)C(=O)[N-]C(=O)NC1=O.[Na+],,CHEMBL2105904,C8H11N2NaO3,206.18
AMOBARBITAL SODIUM,,CCC1(CCC(C)C)C(=O)N=C([O-])NC1=O.[Na+],,CHEMBL2105941,C11H17N2NaO3,248.26
CHLORPHENOXAMINE HYDROCHLORIDE,,CN(C)CCOC(C)(c1ccccc1)c1ccc(Cl)cc1.Cl,,CHEMBL2105980,C18H23Cl2NO,340.29
CEFPIROME SULFATE,,CO/N=C(\C(=O)N[C@@H]1C(=O)N2C(C(=O)[O-])=C(C[n+]3cccc4c3CCC4)CS[C@H]12)c1csc(N)n1.O=S(=O)(O)O,,CHEMBL2106076,C22H24N6O9S3,612.67
CALCIUM GLUCONATE,,O=C([O-])[C@H](O)[C@@H](O)[C@H](O)[C@H](O)CO.O=C([O-])[C@H](O)[C@@H](O)[C@H](O)[C@H](O)CO.[Ca+2],,CHEMBL2106119,C12H22CaO14,430.37
EMEPRONIUM BROMIDE,,CC[N+](C)(C)C(C)CC(c1ccccc1)c1ccccc1.[Br-],,CHEMBL2106122,C20H28BrN,362.36
ENCAINIDE HYDROCHLORIDE,,COc1ccc(C(=O)Nc2ccccc2CCC2CCCCN2C)cc1.Cl,,CHEMBL2106155,C22H29ClN2O2,388.94
DEXMEDETOMIDINE HYDROCHLORIDE,,Cc1cccc([C@H](C)c2c[nH]cn2)c1C.Cl,,CHEMBL2106195,C13H17ClN2,236.75
BUSERELIN ACETATE,,CC(=O)O.CCNC(=O)[C@@H]1CCCN1C(=O)[C@H](CCCNC(=N)N)NC(=O)[C@H](CC(C)C)NC(=O)[C@@H](COC(C)(C)C)NC(=O)[C@H](Cc1ccc(O)cc1)NC(=O)[C@H](CO)NC(=O)[C@H](Cc1c[nH]c2ccccc12)NC(=O)[C@H](Cc1cnc[nH]1)NC(=O)[C@@H]1CCC(=O)N1,,CHEMBL2106198,C62H90N16O15,1299.50
FENFLURAMINE HYDROCHLORIDE,,CCNC(C)Cc1cccc(C(F)(F)F)c1.Cl,,CHEMBL2106217,C12H17ClF3N,267.72
IOTHALAMATE SODIUM I 125,,CNC(=O)c1c(I)c(NC(C)=O)c([125I])c(C(=O)[O-])c1[125I].[Na+],,CHEMBL2106318,C11H8I3N2NaO4,631.90
PIPOTIAZINE PALMITATE,,CCCCCCCCCCCCCCCC(=O)OCCC1CCN(CCCN2c3ccccc3Sc3ccc(S(=O)(=O)N(C)C)cc32)CC1,,CHEMBL2106439,C40H63N3O4S2,714.09
NOXYTIOLIN,,CNC(=S)NCO,,CHEMBL2106441,C3H8N2OS,120.18
VILOXAZINE HYDROCHLORIDE,,CCOc1ccccc1OCC1CNCCO1.Cl,,CHEMBL2106483,C13H20ClNO3,273.76
CYCLOBARBITAL CALCIUM,,CCC1(C2=CCCCC2)C(=O)[N-]C(=O)NC1=O.CCC1(C2=CCCCC2)C(=O)[N-]C(=O)NC1=O.[Ca+2],,CHEMBL2106556,C24H30CaN4O6,510.60
BAZEDOXIFENE ACETATE,,CC(=O)O.Cc1c(-c2ccc(O)cc2)n(Cc2ccc(OCCN3CCCCCC3)cc2)c2ccc(O)cc12,,CHEMBL2106615,C32H38N2O5,530.67
LOFEPRAMINE HYDROCHLORIDE,,CN(CCCN1c2ccccc2CCc2ccccc21)CC(=O)c1ccc(Cl)cc1.Cl,,CHEMBL2106638,C26H28Cl2N2O,455.43
MYCOPHENOLATE SODIUM,,COc1c(C)c2c(c(O)c1C/C=C(\C)CCC(=O)[O-])C(=O)OC2.[Na+],,CHEMBL2106643,C17H19NaO6,342.32
ACEFYLLINE PIPERAZINE,,C1CNCCN1.Cn1c(=O)c2c(ncn2CC(=O)O)n(C)c1=O.Cn1c(=O)c2c(ncn2CC(=O)O)n(C)c1=O,,CHEMBL2106660,C22H30N10O8,562.54
NOSCAPINE HYDROCHLORIDE,,COc1ccc2c(c1OC)C(=O)O[C@@H]2[C@H]1c2c(cc3c(c2OC)OCO3)CCN1C.Cl,,CHEMBL2106732,C22H24ClNO7,449.89
NAFTAZONE,,NC(=O)N/N=C1\C=Cc2ccccc2C1=O,,CHEMBL2106794,C11H9N3O2,215.21
MEDROGESTONE,,CC(=O)[C@@]1(C)CC[C@H]2[C@@H]3C=C(C)C4=CC(=O)CC[C@]4(C)[C@H]3CC[C@@]21C,,CHEMBL2106825,C23H32O2,340.51
METHAQUALONE HYDROCHLORIDE,,Cc1ccccc1-n1c(C)nc2ccccc2c1=O.Cl,,CHEMBL2106829,C16H15ClN2O,286.76
METHIODAL SODIUM,,O=S(=O)([O-])CI.[Na+],,CHEMBL2106907,CH2INaO3S,243.99
METHOPHOLINE,,COc1cc2c(cc1OC)C(CCc1ccc(Cl)cc1)N(C)CC2,,CHEMBL2106915,C20H24ClNO2,345.87
POLIHEXANIDE,,CCCCCCNC(=N)NC(=N)N,,CHEMBL2106939,C8H19N5,185.27
POTASSIUM BICARBONATE,,O=C([O-])O.[K+],,CHEMBL2106975,CHKO3,100.11
OXYPERTINE,,COc1cc2[nH]c(C)c(CCN3CCN(c4ccccc4)CC3)c2cc1OC,,CHEMBL2107011,C23H29N3O2,379.50
TESTOSTERONE UNDECANOATE,,CCCCCCCCCCC(=O)O[C@H]1CC[C@H]2[C@@H]3CCC4=CC(=O)CC[C@]4(C)[C@H]3CC[C@]12C,,CHEMBL2107067,C30H48O3,456.71
PROTHIPENDYL HYDROCHLORIDE,,CN(C)CCCN1c2ccccc2Sc2cccnc21.Cl,,CHEMBL2107124,C16H20ClN3S,321.88
RANELIC ACID,,N#Cc1c(N(CC(=O)O)CC(=O)O)sc(C(=O)O)c1CC(=O)O,,CHEMBL2107175,C12H10N2O8S,342.29
IOMEPROL,,CN(C(=O)CO)c1c(I)c(C(=O)NCC(O)CO)c(I)c(C(=O)NCC(O)CO)c1I,,CHEMBL2107214,C17H22I3N3O8,777.09
IOXITALAMIC ACID,,CC(=O)Nc1c(I)c(C(=O)O)c(I)c(C(=O)NCCO)c1I,,CHEMBL2107239,C12H11I3N2O5,643.94
SULFADIMETHOXINE SODIUM,,COc1cc([N-]S(=O)(=O)c2ccc(N)cc2)nc(OC)n1.[Na+],,CHEMBL2107253,C12H13N4NaO4S,332.32
SULFAMERAZINE SODIUM,,Cc1ccnc([N-]S(=O)(=O)c2ccc(N)cc2)n1.[Na+],,CHEMBL2107260,C11H11N4NaO2S,286.29
DIMETHYL FUMARATE,,COC(=O)/C=C/C(=O)OC,,CHEMBL2107333,C6H8O4,144.13
MIFAMURTIDE,,CCCCCCCCCCCCCCCC(=O)OC[C@H](COP(=O)([O-])OCCNC(=O)[C@H](C)NC(=O)CC[C@@H](NC(=O)[C@H](C)NC(=O)[C@@H](C)O[C@H]1[C@H](O)[C@@H](CO)OC(O)[C@@H]1NC(C)=O)C(N)=O)OC(=O)CCCCCCCCCCCCCCC.O.[Na+],,CHEMBL2107354,C59H110N6NaO20P,1277.51
MIGALASTAT HYDROCHLORIDE,,Cl.OC[C@H]1NC[C@H](O)[C@@H](O)[C@H]1O,,CHEMBL2107355,C6H14ClNO4,199.63
PALIPERIDONE PALMITATE,,CCCCCCCCCCCCCCCC(=O)OC1CCCn2c1nc(C)c(CCN1CCC(c3noc4cc(F)ccc34)CC1)c2=O,,CHEMBL2107360,C39H57FN4O4,664.91
SUGAMMADEX SODIUM,,O=C([O-])CCSC[C@H]1O[C@@H]2O[C@H]3[C@H](O)[C@@H](O)[C@@H](O[C@H]4[C@H](O)[C@@H](O)[C@@H](O[C@H]5[C@H](O)[C@@H](O)[C@@H](O[C@H]6[C@H](O)[C@@H](O)[C@@H](O[C@H]7[C@H](O)[C@@H](O)[C@@H](O[C@H]8[C@H](O)[C@@H](O)[C@@H](O[C@H]9[C@H](O)C(O)[C@@H](O[C@H]1[C@H](O)[C@H]2O)O[C@@H]9CSCCC(=O)[O-])O[C@@H]8CSCCC(=O)[O-])O[C@@H]7CSCCC(=O)[O-])O[C@@H]6CSCCC(=O)[O-])O[C@@H]5CSCCC(=O)[O-])O[C@@H]4CSCCC(=O)[O-])O[C@@H]3CSCCC(=O)[O-].[Na+].[Na+].[Na+].[Na+].[Na+].[Na+].[Na+].[Na+],,CHEMBL2107374,C72H104Na8O48S8,2178.03
URIDINE TRIACETATE,,CC(=O)OC[C@H]1O[C@@H](n2ccc(=O)[nH]c2=O)[C@H](OC(C)=O)[C@@H]1OC(C)=O,,CHEMBL2107381,C15H18N2O9,370.31
VERNAKALANT HYDROCHLORIDE,,COc1ccc(CCO[C@@H]2CCCC[C@H]2N2CC[C@@H](O)C2)cc1OC.Cl,,CHEMBL2107383,C20H32ClNO4,385.93
VORAPAXAR SULFATE,,CCOC(=O)N[C@@H]1CC[C@@H]2[C@@H](C1)C[C@H]1C(=O)O[C@H](C)[C@H]1[C@H]2/C=C/c1ccc(-c2cccc(F)c2)cn1.O=S(=O)(O)O,,CHEMBL2107386,C29H35FN2O8S,590.67
VORTIOXETINE HYDROBROMIDE,,Br.Cc1ccc(Sc2ccccc2N2CCNCC2)c(C)c1,,CHEMBL2107387,C18H23BrN2S,379.37
FLUTRIMAZOLE,,Fc1ccc(C(c2ccccc2)(c2ccccc2F)n2ccnc2)cc1,,CHEMBL2107430,C22H16F2N2,346.38
LYNESTRENOL,,C#C[C@]1(O)CC[C@H]2[C@@H]3CCC4=CCCC[C@@H]4[C@H]3CC[C@@]21C,,CHEMBL2107431,C20H28O,284.44
TEMAFLOXACIN HYDROCHLORIDE,,CC1CN(c2cc3c(cc2F)c(=O)c(C(=O)O)cn3-c2ccc(F)cc2F)CCN1.Cl,,CHEMBL2107495,C21H19ClF3N3O3,453.85
CHLORNAPHAZINE,,ClCCN(CCCl)c1ccc2ccccc2c1,,CHEMBL2107519,C14H15Cl2N,268.19
SODIUM PHOSPHATE P 32,,O=[32P]([O-])([O-])O.[Na+].[Na+],,CHEMBL2107525,HNa2O4P,142.96
SODIUM DIBUNATE,,CC(C)(C)c1ccc2c(S(=O)(=O)[O-])c(C(C)(C)C)ccc2c1.[Na+],,CHEMBL2107554,C18H23NaO3S,342.44
"SODIUM PHOSPHATE, DIBASIC",,O.O.O=P([O-])([O-])O.[Na+].[Na+],,CHEMBL2107560,H5Na2O6P,177.99
FENTICONAZOLE NITRATE,,Clc1ccc(C(Cn2ccnc2)OCc2ccc(Sc3ccccc3)cc2)c(Cl)c1.O=[N+]([O-])O,,CHEMBL2107703,C24H21Cl2N3O4S,518.42
ARIMOCLOMOL,,[O-][n+]1cccc(/C(Cl)=N/OC[C@H](O)CN2CCCCC2)c1,,CHEMBL2107726,C14H20ClN3O3,313.79
NORGESTREL,,C#CC1(O)CC[C@H]2[C@@H]3CCC4=CC(=O)CC[C@@H]4[C@H]3CC[C@@]21CC,,CHEMBL2107797,C21H28O2,312.45
FLURPIRIDAZ F 18,,CC(C)(C)n1ncc(OCc2ccc(COCC[18F])cc2)c(Cl)c1=O,,CHEMBL2107799,C18H22ClFN2O3,367.84
TALAPORFIN SODIUM,,C=Cc1c(C)c2cc3nc(c(CC(=O)N[C@@H](CC(=O)[O-])C(=O)[O-])c4[nH]c(cc5nc(cc1[nH]2)C(C)=C5CC)c(C)c4C(=O)[O-])[C@@H](CCC(=O)[O-])[C@@H]3C.[Na+].[Na+].[Na+].[Na+],,CHEMBL2107806,C38H37N5Na4O9,799.70
TREPROSTINIL DIOLAMINE,,CCCCC[C@H](O)CC[C@@H]1[C@H]2Cc3cccc(OCC(=O)O)c3C[C@H]2C[C@H]1O.OCCNCCO,,CHEMBL2107815,C27H45NO7,495.66
RADIUM RA 223 DICHLORIDE,,Cl[223Ra]Cl,,CHEMBL2107816,Cl2Ra,293.92
AVIBACTAM SODIUM,,NC(=O)[C@@H]1CC[C@@H]2CN1C(=O)N2OS(=O)(=O)[O-].[Na+],,CHEMBL2107817,C7H10N3NaO6S,287.23
TENOFOVIR ALAFENAMIDE,,CC(C)OC(=O)[C@H](C)N[P@](=O)(CO[C@H](C)Cn1cnc2c(N)ncnc21)Oc1ccccc1,,CHEMBL2107825,C21H29N6O5P,476.47
VIBEGRON,,O=C(Nc1ccc(C[C@@H]2CC[C@H]([C@H](O)c3ccccc3)N2)cc1)[C@@H]1CCc2nccc(=O)n21,,CHEMBL2107826,C26H28N4O3,444.54
EMPAGLIFLOZIN,,OC[C@H]1O[C@@H](c2ccc(Cl)c(Cc3ccc(O[C@H]4CCOC4)cc3)c2)[C@H](O)[C@@H](O)[C@@H]1O,,CHEMBL2107830,C23H27ClO7,450.92
LUSUTROMBOPAG,,CCCCCCO[C@@H](C)c1cccc(-c2csc(NC(=O)c3cc(Cl)c(/C=C(\C)C(=O)O)c(Cl)c3)n2)c1OC,,CHEMBL2107831,C29H32Cl2N2O5S,591.56
RIOCIGUAT,,COC(=O)N(C)c1c(N)nc(-c2nn(Cc3ccccc3F)c3ncccc23)nc1N,,CHEMBL2107834,C20H19FN8O2,422.42
TRISILICATE,,O=[Si](O)O[Si](O)(O)O[Si](=O)O,,CHEMBL2109882,H4O8Si3,216.28
TRIMETHOPRIM SULFATE,,COc1cc(Cc2cnc(N)nc2N)cc(OC)c1OC.COc1cc(Cc2cnc(N)nc2N)cc(OC)c1OC.O=S(=O)(O)O,,CHEMBL2110367,C28H38N8O10S,678.73
BETHANIDINE SULFATE,,C/N=C(\NC)NCc1ccccc1.C/N=C(\NC)NCc1ccccc1.O=S(=O)(O)O,,CHEMBL2110368,C20H32N6O4S,452.58
RANITIDINE HYDROCHLORIDE,,CNC(=C[N+](=O)[O-])NCCSCc1ccc(CN(C)C)o1.Cl,,CHEMBL2110372,C13H23ClN4O3S,350.87
RUBIDIUM CHLORIDE,,[Cl-].[Rb+],,CHEMBL2110557,ClRb,120.92
ELIGLUSTAT,,CCCCCCCC(=O)N[C@H](CN1CCCC1)[C@H](O)c1ccc2c(c1)OCCO2,,CHEMBL2110588,C23H36N2O4,404.55
BUNAMIODYL,,CCCC(=O)Nc1c(I)cc(I)c(/C=C(\CC)C(=O)O)c1I,,CHEMBL2110636,C15H16I3NO3,639.01
VINFLUNINE,,CC[C@]12C=CCN3CC[C@@]4(c5cc([C@@]6(C(=O)OC)C[C@@H]7C[C@@H](C(C)(F)F)CN(Cc8c6[nH]c6ccccc86)C7)c(OC)cc5N(C)[C@H]4[C@@](O)(C(=O)OC)[C@@H]1OC(C)=O)[C@@H]32,,CHEMBL2110725,C45H54F2N4O8,816.94
TOFOGLIFLOZIN ANHYDROUS,,CCc1ccc(Cc2ccc3c(c2)[C@]2(OC3)O[C@H](CO)[C@@H](O)[C@H](O)[C@H]2O)cc1,,CHEMBL2110731,C22H26O6,386.44
DACOMITINIB ANHYDROUS,,COc1cc2ncnc(Nc3ccc(F)c(Cl)c3)c2cc1NC(=O)/C=C/CN1CCCCC1,,CHEMBL2110732,C24H25ClFN5O2,469.95
CHLORPHENOXAMINE,,CN(C)CCOC(C)(c1ccccc1)c1ccc(Cl)cc1,,CHEMBL2110774,C18H22ClNO,303.83
EMEPRONIUM,,CC[N+](C)(C)C(C)CC(c1ccccc1)c1ccccc1,,CHEMBL2110805,C20H28N+,282.45
BUTRIPTYLINE,,CC(CC1c2ccccc2CCc2ccccc21)CN(C)C,,CHEMBL2110816,C21H27N,293.45
BUSERELIN,,CCNC(=O)[C@@H]1CCCN1C(=O)[C@H](CCCNC(=N)N)NC(=O)[C@H](CC(C)C)NC(=O)[C@@H](COC(C)(C)C)NC(=O)[C@H](Cc1ccc(O)cc1)NC(=O)[C@H](CO)NC(=O)[C@H](Cc1c[nH]c2ccccc12)NC(=O)[C@H](Cc1cnc[nH]1)NC(=O)[C@@H]1CCC(=O)N1,,CHEMBL2110824,C60H86N16O13,1239.45
MEFENOREX,,CC(Cc1ccccc1)NCCCCl,,CHEMBL2110962,C12H18ClN,211.74
METHIODAL,,O=S(=O)(O)CI,,CHEMBL2110978,CH3IO3S,222.00
PROTHIPENDYL,,CN(C)CCCN1c2ccccc2Sc2cccnc21,,CHEMBL2111030,C16H19N3S,285.42
LEVAMLODIPINE,,CCOC(=O)C1=C(COCCN)NC(C)=C(C(=O)OC)[C@@H]1c1ccccc1Cl,,CHEMBL2111097,C20H25ClN2O5,408.88
MIFAMURTIDE ACID,,CCCCCCCCCCCCCCCC(=O)OC[C@H](COP(=O)(O)OCCNC(=O)[C@H](C)NC(=O)CC[C@@H](NC(=O)[C@H](C)NC(=O)[C@@H](C)O[C@H]1[C@H](O)[C@@H](CO)OC(O)[C@@H]1NC(C)=O)C(N)=O)OC(=O)CCCCCCCCCCCCCCC,,CHEMBL2111100,C59H109N6O19P,1237.52
PIMAVANSERIN,,CC(C)COc1ccc(CNC(=O)N(Cc2ccc(F)cc2)C2CCN(C)CC2)cc1,,CHEMBL2111101,C25H34FN3O2,427.56
SUGAMMADEX,,O=C(O)CCSC[C@H]1O[C@@H]2O[C@H]3[C@H](O)[C@@H](O)[C@@H](O[C@H]4[C@H](O)[C@@H](O)[C@@H](O[C@H]5[C@H](O)[C@@H](O)[C@@H](O[C@H]6[C@H](O)[C@@H](O)[C@@H](O[C@H]7[C@H](O)[C@@H](O)[C@@H](O[C@H]8[C@H](O)[C@@H](O)[C@@H](O[C@H]9[C@H](O)C(O)[C@@H](O[C@H]1[C@H](O)[C@H]2O)O[C@@H]9CSCCC(=O)O)O[C@@H]8CSCCC(=O)O)O[C@@H]7CSCCC(=O)O)O[C@@H]6CSCCC(=O)O)O[C@@H]5CSCCC(=O)O)O[C@@H]4CSCCC(=O)O)O[C@@H]3CSCCC(=O)O,,CHEMBL2111107,C72H112O48S8,2002.18
VERNAKALANT,,COc1ccc(CCO[C@@H]2CCCC[C@H]2N2CC[C@@H](O)C2)cc1OC,,CHEMBL2111112,C20H31NO4,349.47
TALAPORFIN,,C=Cc1c(C)c2cc3nc(c(CC(=O)N[C@@H](CC(=O)O)C(=O)O)c4[nH]c(cc5nc(cc1[nH]2)C(C)=C5CC)c(C)c4C(=O)O)[C@@H](CCC(=O)O)[C@@H]3C,,CHEMBL2111186,C38H41N5O9,711.77
RADIUM DICHLORIDE,,Cl[Ra]Cl,,CHEMBL2111187,Cl2Ra,296.91
RANITIDINE BISMUTH CITRATE,,CNC(=C[N+](=O)[O-])NCCSCc1ccc(CN(C)C)o1.O=C([O-])CC(O)(CC(=O)[O-])C(=O)[O-].[Bi+3],,CHEMBL2111286,C19H27BiN4O10S,712.49
IPRATROPIUM BROMIDE,,CC(C)[N+]1(C)[C@@H]2CC[C@H]1C[C@@H](OC(=O)C(CO)c1ccccc1)C2.O.[Br-],,CHEMBL2134724,C20H32BrNO4,430.38
TERLIPRESSIN,,NCCCC[C@H](NC(=O)[C@@H]1CCCN1C(=O)[C@@H]1CSSC[C@H](NC(=O)CNC(=O)CNC(=O)CN)C(=O)N[C@@H](Cc2ccc(O)cc2)C(=O)N[C@@H](Cc2ccccc2)C(=O)N[C@@H](CCC(N)=O)C(=O)N[C@@H](CC(N)=O)C(=O)N1)C(=O)NCC(N)=O,,CHEMBL2135460,C52H74N16O15S2,1227.40
FROVATRIPTAN SUCCINATE,,CN[C@@H]1CCc2[nH]c3ccc(C(N)=O)cc3c2C1.O.O=C(O)CCC(=O)O,,CHEMBL2138684,C18H25N3O6,379.41
IVABRADINE HYDROCHLORIDE,,COc1cc2c(cc1OC)CC(=O)N(CCCN(C)C[C@H]1Cc3cc(OC)c(OC)cc31)CC2.Cl,,CHEMBL2145077,C27H37ClN2O5,505.06
CHLORTETRACYCLINE HYDROCHLORIDE,,CN(C)[C@@H]1C(O)=C(C(N)=O)C(=O)[C@@]2(O)C(O)=C3C(=O)c4c(O)ccc(Cl)c4[C@@](C)(O)[C@H]3C[C@@H]12.Cl,,CHEMBL2146063,C22H24Cl2N2O8,515.35
EPHEDRINE HYDROCHLORIDE,,CN[C@@H](C)[C@H](O)c1ccccc1.Cl,,CHEMBL2146102,C10H16ClNO,201.70
METHACYCLINE HYDROCHLORIDE,,C=C1c2cccc(O)c2C(=O)C2=C(O)[C@]3(O)C(=O)C(C(N)=O)=C(O)[C@@H](N(C)C)[C@@H]3[C@@H](O)[C@H]12.Cl,,CHEMBL2146123,C22H23ClN2O8,478.89
CEFUROXIME SODIUM,,CO/N=C(\C(=O)N[C@@H]1C(=O)N2C(C(=O)[O-])=C(COC(N)=O)CS[C@H]12)c1ccco1.[Na+],,CHEMBL2146124,C16H15N4NaO8S,446.37
ESOMEPRAZOLE STRONTIUM,,COc1ccc2[n-]c([S@@+]([O-])Cc3ncc(C)c(OC)c3C)nc2c1.COc1ccc2[n-]c([S@@+]([O-])Cc3ncc(C)c(OC)c3C)nc2c1.O.O.O.O.[Sr+2],,CHEMBL2146140,C34H44N6O10S2Sr,848.51
ATROPINE SULFATE,,CN1[C@@H]2CC[C@H]1C[C@@H](OC(=O)C(CO)c1ccccc1)C2.O=S(=O)(O)O,,CHEMBL2146146,C17H25NO7S,387.45
COBIMETINIB,,O=C(c1ccc(F)c(F)c1Nc1ccc(I)cc1F)N1CC(O)([C@@H]2CCCCN2)C1,,CHEMBL2146883,C21H21F3IN3O2,531.32
TENELIGLIPTIN,,Cc1cc(N2CCN([C@@H]3CN[C@H](C(=O)N4CCSC4)C3)CC2)n(-c2ccccc2)n1,,CHEMBL2147777,C22H30N6OS,426.59
ELUXADOLINE,,COc1ccc(CN(C(=O)[C@@H](N)Cc2c(C)cc(C(N)=O)cc2C)[C@@H](C)c2ncc(-c3ccccc3)[nH]2)cc1C(=O)O,,CHEMBL2159122,C32H35N5O5,569.66
APROCITENTAN,,NS(=O)(=O)Nc1ncnc(OCCOc2ncc(Br)cn2)c1-c1ccc(Br)cc1,,CHEMBL2165326,C16H14Br2N6O4S,546.20
RIMEGEPANT,,N[C@@H]1c2cccnc2[C@H](OC(=O)N2CCC(n3c(=O)[nH]c4ncccc43)CC2)CC[C@H]1c1cccc(F)c1F,,CHEMBL2178422,C28H28F2N6O3,534.57
FINERENONE,,CCOc1ncc(C)c2c1[C@H](c1ccc(C#N)cc1OC)C(C(N)=O)=C(C)N2,,CHEMBL2181927,C21H22N4O3,378.43
ABAMETAPIR,,Cc1ccc(-c2ccc(C)cn2)nc1,,CHEMBL2205807,C12H12N2,184.24
PAROMOMYCIN SULFATE,,NC[C@@H]1O[C@H](O[C@H]2[C@@H](O)[C@H](O[C@@H]3[C@@H](O)[C@H](N)C[C@H](N)[C@H]3O[C@H]3O[C@H](CO)[C@@H](O)[C@H](O)[C@H]3N)O[C@@H]2CO)[C@H](N)[C@@H](O)[C@@H]1O.O=S(=O)(O)O,,CHEMBL2206196,C23H47N5O18S,713.71
IDELALISIB,,CC[C@H](Nc1ncnc2[nH]cnc12)c1nc2cccc(F)c2c(=O)n1-c1ccccc1,,CHEMBL2216870,C22H18FN7O,415.43
QUINAGOLIDE,,CCCN1CC(NS(=O)(=O)N(CC)CC)CC2Cc3c(O)cccc3CC21,,CHEMBL2218861,C20H33N3O3S,395.57
ERYTHROMYCIN ESTOLATE,,CCC(=O)O[C@H]1[C@H](O[C@@H]2[C@@H](C)[C@H](O[C@H]3C[C@@](C)(OC)[C@@H](O)[C@H](C)O3)[C@@H](C)C(=O)O[C@H](CC)[C@@](C)(O)[C@H](O)[C@@H](C)C(=O)[C@H](C)C[C@@]2(C)O)O[C@H](C)C[C@@H]1N(C)C.CCCCCCCCCCCCOS(=O)(=O)O,,CHEMBL2218877,C52H97NO18S,1056.40
TRIMETREXATE GLUCURONATE,,COc1cc(NCc2ccc3nc(N)nc(N)c3c2C)cc(OC)c1OC.O=C(O)[C@H]1O[C@H](O)[C@H](O)[C@@H](O)[C@@H]1O,,CHEMBL2218878,C25H33N5O10,563.56
FLUVASTATIN SODIUM,,CC(C)n1c(/C=C/C(O)CC(O)CC(=O)[O-])c(-c2ccc(F)cc2)c2ccccc21.[Na+],,CHEMBL2218894,C24H25FNNaO4,433.45
NABILONE,,CCCCCCC(C)(C)c1cc(O)c2c(c1)OC(C)(C)C1CCC(=O)CC21,,CHEMBL2218896,C24H36O3,372.55
CAPREOMYCIN SULFATE,,C[C@@H]1NC(=O)[C@@H](N)CNC(=O)[C@H](C2CCNC(=N)N2)NC(=O)/C(=C/NC(N)=O)NC(=O)[C@H](CNC(=O)CC(N)CCCN)NC1=O.N=C1NCCC([C@@H]2NC(=O)/C(=C/NC(N)=O)NC(=O)[C@H](CNC(=O)CC(N)CCCN)NC(=O)[C@H](CO)NC(=O)[C@@H](N)CNC2=O)N1.O=S(=O)(O)O.O=S(=O)(O)O,,CHEMBL2218913,C50H92N28O23S2,1517.59
CEVIMELINE HYDROCHLORIDE,,CC1OC2(CS1)CN1CCC2CC1.Cl.O,,CHEMBL2218917,C10H20ClNO2S,253.79
MOMELOTINIB DIHYDROCHLORIDE,,Cl.Cl.N#CCNC(=O)c1ccc(-c2ccnc(Nc3ccc(N4CCOCC4)cc3)n2)cc1,,CHEMBL2219411,C23H24Cl2N6O2,487.39
ERAVACYCLINE DIHYDROCHLORIDE,,CN(C)[C@@H]1C(O)=C(C(N)=O)C(=O)[C@@]2(O)C(O)=C3C(=O)c4c(O)c(NC(=O)CN5CCCC5)cc(F)c4C[C@H]3C[C@@H]12.Cl.Cl,,CHEMBL2219414,C27H33Cl2FN4O8,631.49
NALOXEGOL OXALATE,,C=CCN1CC[C@]23c4c5ccc(O)c4O[C@H]2[C@@H](OCCOCCOCCOCCOCCOCCOCCOC)CC[C@@]3(O)[C@H]1C5.O=C(O)C(=O)O,,CHEMBL2219416,C36H55NO15,741.83
NALOXEGOL,,C=CCN1CC[C@]23c4c5ccc(O)c4O[C@H]2[C@@H](OCCOCCOCCOCCOCCOCCOCCOC)CC[C@@]3(O)[C@H]1C5,,CHEMBL2219418,C34H53NO11,651.79
ARIPIPRAZOLE LAUROXIL,,CCCCCCCCCCCC(=O)OCN1C(=O)CCc2ccc(OCCCCN3CCN(c4cccc(Cl)c4Cl)CC3)cc21,,CHEMBL2219425,C36H51Cl2N3O4,660.73
MIPOMERSEN,,COCCO[C@@H]1[C@H](SP(=O)(O)OC[C@H]2O[C@@H](n3cc(C)c(=O)[nH]c3=O)[C@H](OCCOC)[C@@H]2SP(=O)(O)OC[C@H]2O[C@@H](n3cc(C)c(N)nc3=O)[C@H](OCCOC)[C@@H]2SP(=O)(O)OC[C@H]2O[C@@H](n3cnc4c(N)ncnc43)C[C@@H]2SP(=O)(O)OC[C@H]2O[C@@H](n3cnc4c(=O)[nH]c(N)nc43)C[C@@H]2SP(=O)(O)OC[C@H]2O[C@@H](n3cc(C)c(=O)[nH]c3=O)C[C@@H]2SP(=O)(O)OC[C@H]2O[C@@H](n3cc(C)c(N)nc3=O)C[C@@H]2SP(=O)(O)OC[C@H]2O[C@@H](n3cc(C)c(=O)[nH]c3=O)C[C@@H]2SP(=O)(O)OC[C@H]2O[C@@H](n3cnc4c(=O)[nH]c(N)nc43)C[C@@H]2SP(=O)(O)OC[C@H]2O[C@@H](n3cc(C)c(N)nc3=O)C[C@@H]2SP(=O)(O)OC[C@H]2O[C@@H](n3cc(C)c(=O)[nH]c3=O)C[C@@H]2SP(=O)(O)OC[C@H]2O[C@@H](n3cc(C)c(=O)[nH]c3=O)C[C@@H]2SP(=O)(O)OC[C@H]2O[C@@H](n3cc(C)c(N)nc3=O)C[C@@H]2SP(=O)(O)OC[C@H]2O[C@@H](n3cnc4c(=O)[nH]c(N)nc43)[C@H](OCCOC)[C@@H]2SP(=O)(O)OC[C@@H]2O[C@H](n3cc(C)c(N)nc3=O)[C@@H](OCCOC)[C@H]2SP(=O)(O)OC[C@@H]2O[C@H](n3cnc4c(N)ncnc43)[C@@H](OCCOC)[C@H]2SP(=O)(O)OC[C@@H]2O[C@H](n3cc(C)c(N)nc3=O)[C@@H](OCCOC)[C@H]2SP(=O)(O)OC[C@@H]2O[C@H](n3cc(C)c(N)nc3=O)[C@@H](OCCOC)[C@H]2O)[C@@H](COP(=O)(O)S[C@H]2[C@@H](OCCOC)[C@H](n3cc(C)c(N)nc3=O)O[C@@H]2COP(=O)(O)S[C@H]2[C@@H](OCCOC)[C@H](n3cnc4c(=O)[nH]c(N)nc43)O[C@@H]2CO)O[C@H]1n1cc(C)c(N)nc1=O,,CHEMBL2219536,C230H324N67O122P19S19,7177.25
STRONTIUM CHLORIDE,,[Cl-].[Cl-].[Sr+2],,CHEMBL2219640,Cl2Sr,158.53
MAGNESIUM CHLORIDE ANHYDROUS,,[Cl-].[Cl-].[Mg+2],,CHEMBL2219642,Cl2Mg,95.21
CALCIUM GLUBIONATE ANHYDROUS,,O=C([O-])[C@H](O)[C@@H](O)[C@H](O)[C@H](O)CO.O=C([O-])[C@H](O)[C@@H](O)[C@H](O[C@@H]1O[C@H](CO)[C@H](O)[C@H](O)[C@H]1O)[C@H](O)CO.[Ca+2],,CHEMBL2219740,C18H32CaO19,592.51
ERYTHROMYCIN PROPIONATE,,CCC(=O)O[C@H]1[C@H](O[C@@H]2[C@@H](C)[C@H](O[C@H]3C[C@@](C)(OC)[C@@H](O)[C@H](C)O3)[C@@H](C)C(=O)O[C@H](CC)[C@@](C)(O)[C@H](O)[C@@H](C)C(=O)[C@H](C)C[C@@]2(C)O)O[C@H](C)C[C@@H]1N(C)C,,CHEMBL2220427,C40H71NO14,790.00
FLUVASTATIN,,CC(C)n1c(/C=C/C(O)CC(O)CC(=O)O)c(-c2ccc(F)cc2)c2ccccc21,,CHEMBL2220442,C24H26FNO4,411.47
CAPREOMYCIN,,C[C@@H]1NC(=O)[C@@H](N)CNC(=O)[C@H](C2CCNC(=N)N2)NC(=O)/C(=C/NC(N)=O)NC(=O)[C@H](CNC(=O)CC(N)CCCN)NC1=O.N=C1NCCC([C@@H]2NC(=O)/C(=C/NC(N)=O)NC(=O)[C@H](CNC(=O)CC(N)CCCN)NC(=O)[C@H](CO)NC(=O)[C@@H](N)CNC2=O)N1,,CHEMBL2221250,C50H88N28O15,1321.44
DACLATASVIR DIHYDROCHLORIDE,,COC(=O)N[C@H](C(=O)N1CCC[C@H]1c1ncc(-c2ccc(-c3ccc(-c4cnc([C@@H]5CCCN5C(=O)[C@@H](NC(=O)OC)C(C)C)[nH]4)cc3)cc2)[nH]1)C(C)C.Cl.Cl,,CHEMBL2303621,C40H52Cl2N8O6,811.81
CLOBETASONE BUTYRATE,,CCCC(=O)O[C@]1(C(=O)CCl)[C@H](C)C[C@@H]2[C@@H]3CCC4=CC(=O)C=C[C@]4(C)[C@]3(F)C(=O)C[C@@]21C,,CHEMBL2308885,C26H32ClFO5,478.99
ERGOLOID MESYLATES,,CC(C)C[C@H]1C(=O)N2CCC[C@H]2[C@]2(O)O[C@](NC(=O)[C@@H]3C[C@@H]4c5cccc6[nH]cc(c56)C[C@H]4N(C)C3)(C(C)C)C(=O)N12.CC(C)[C@@]1(NC(=O)[C@@H]2C[C@@H]3c4cccc5[nH]cc(c45)C[C@H]3N(C)C2)O[C@@]2(O)[C@@H]3CCCN3C(=O)[C@H](Cc3ccccc3)N2C1=O.CC(C)[C@H]1C(=O)N2CCC[C@H]2[C@]2(O)O[C@](NC(=O)[C@@H]3C[C@@H]4c5cccc6[nH]cc(c56)C[C@H]4N(C)C3)(C(C)C)C(=O)N12.CCC(C)[C@H]1C(=O)N2CCC[C@H]2[C@]2(O)O[C@](NC(=O)[C@@H]3C[C@@H]4c5cccc6[nH]cc(c56)C[C@H]4N(C)C3)(C(C)C)C(=O)N12.CS(=O)(=O)O.CS(=O)(=O)O.CS(=O)(=O)O.CS(=O)(=O)O,,CHEMBL2311030,C134H184N20O32S4,2715.32
VINYL CHLORIDE,,C=CCl,,CHEMBL2311071,C2H3Cl,62.50
CAPIVASERTIB,,NC1(C(=O)N[C@@H](CCO)c2ccc(Cl)cc2)CCN(c2nc[nH]c3nccc2-3)CC1,,CHEMBL2325741,C21H25ClN6O2,428.92
XANOMELINE TARTRATE,,CCCCCCOc1nsnc1C1=CCCN(C)C1.O=C(O)C(O)C(O)C(=O)O,,CHEMBL2336050,C18H29N3O7S,431.51
SIPONIMOD,,CCc1cc(/C(C)=N/OCc2ccc(C3CCCCC3)c(C(F)(F)F)c2)ccc1CN1CC(C(=O)O)C1,,CHEMBL2336071,C29H35F3N2O3,516.60
ROXADUSTAT,,Cc1nc(C(=O)NCC(=O)O)c(O)c2ccc(Oc3ccccc3)cc12,,CHEMBL2338329,C19H16N2O5,352.35
FOSDENOPTERIN,,Nc1nc(=O)c2c([nH]1)N[C@@H]1O[C@@H]3COP(=O)(O)O[C@@H]3C(O)(O)[C@@H]1N2,,CHEMBL2338675,C10H14N5O8P,363.22
VAMOROLONE,,C[C@@H]1C[C@H]2[C@@H]3CCC4=CC(=O)C=C[C@]4(C)C3=CC[C@]2(C)[C@@]1(O)C(=O)CO,,CHEMBL2348780,C22H28O4,356.46
CLOMIPHENE,,CCN(CC)CCOc1ccc(C(=C(Cl)c2ccccc2)c2ccccc2)cc1,,CHEMBL2355051,C26H28ClNO,405.97
ZIMELDINE HYDROCHLORIDE,,CN(C)C/C=C(/c1ccc(Br)cc1)c1cccnc1.Cl.Cl.O,,CHEMBL2355333,C16H21BrCl2N2O,408.17
IBUTILIDE FUMARATE,,CCCCCCCN(CC)CCCC(O)c1ccc(NS(C)(=O)=O)cc1.CCCCCCCN(CC)CCCC(O)c1ccc(NS(C)(=O)=O)cc1.O=C(O)/C=C/C(=O)O,,CHEMBL2355456,C44H76N4O10S2,885.24
ISOMETHEPTENE MUCATE,,CNC(C)CCC=C(C)C.CNC(C)CCC=C(C)C.O=C(O)[C@@H](O)[C@H](O)[C@H](O)[C@@H](O)C(=O)O,,CHEMBL2355839,C24H48N2O8,492.65
DIHYDROTACHYSTEROL,,CC(C)[C@@H](C)/C=C/[C@@H](C)[C@H]1CC[C@H]2/C(=C/C=C3\C[C@@H](O)CC[C@@H]3C)CCC[C@]12C,,CHEMBL2356023,C28H46O,398.68
METOPROLOL SUCCINATE,,COCCc1ccc(OCC(O)CNC(C)C)cc1.COCCc1ccc(OCC(O)CNC(C)C)cc1.O=C(O)CCC(=O)O,,CHEMBL2356097,C34H56N2O10,652.83
CARPHENAZINE MALEATE,,CCC(=O)c1ccc2c(c1)N(CCCN1CCN(CCO)CC1)c1ccccc1S2.O=C(O)/C=C\C(=O)O.O=C(O)/C=C\C(=O)O,,CHEMBL2358147,C32H39N3O10S,657.74
THIETHYLPERAZINE MALATE,,CCSc1ccc2c(c1)N(CCCN1CCN(C)CC1)c1ccccc1S2.O=C(O)CC(O)C(=O)O.O=C(O)CC(O)C(=O)O,,CHEMBL2359670,C30H41N3O10S2,667.80
QUININE SULFATE,,C=C[C@H]1CN2CC[C@H]1C[C@H]2[C@H](O)c1ccnc2ccc(OC)cc12.C=C[C@H]1CN2CC[C@H]1C[C@H]2[C@H](O)c1ccnc2ccc(OC)cc12.O.O.O=S(=O)(O)O,,CHEMBL2359966,C40H54N4O10S,782.96
ACETOPHENAZINE MALEATE,,CC(=O)c1ccc2c(c1)N(CCCN1CCN(CCO)CC1)c1ccccc1S2.O=C(O)/C=C\C(=O)O.O=C(O)/C=C\C(=O)O,,CHEMBL2360079,C31H37N3O10S,643.72
PEMETREXED DISODIUM,,Nc1nc2[nH]cc(CCc3ccc(C(=O)N[C@@H](CCC(=O)[O-])C(=O)[O-])cc3)c2c(=O)[nH]1.[Na+].[Na+],,CHEMBL2360464,C20H19N5Na2O6,471.38
BUCLIZINE HYDROCHLORIDE,,CC(C)(C)c1ccc(CN2CCN(C(c3ccccc3)c3ccc(Cl)cc3)CC2)cc1.Cl.Cl,,CHEMBL2360580,C28H35Cl3N2,505.96
PENBUTOLOL SULFATE,,CC(C)(C)NC[C@H](O)COc1ccccc1C1CCCC1.CC(C)(C)NC[C@H](O)COc1ccccc1C1CCCC1.O=S(=O)(O)O,,CHEMBL2361370,C36H60N2O8S,680.95
LANDIOLOL HYDROCHLORIDE,,CC1(C)OC[C@@H](COC(=O)CCc2ccc(OC[C@@H](O)CNCCNC(=O)N3CCOCC3)cc2)O1.Cl,,CHEMBL2362410,C25H40ClN3O8,546.06
DOXYCYCLINE CALCIUM,,C[C@H]1c2cccc([O-])c2C(=O)C2=C(O)[C@]3(O)C(=O)C(C(N)=O)=C(O)[C@@H](N(C)C)[C@@H]3[C@@H](O)[C@@H]21.C[C@H]1c2cccc([O-])c2C(=O)C2=C(O)[C@]3(O)C(=O)C(C(N)=O)=C(O)[C@@H](N(C)C)[C@@H]3[C@@H](O)[C@@H]21.[Ca+2],,CHEMBL2364574,C44H46CaN4O16,926.94
COBIMETINIB FUMARATE,,O=C(O)/C=C/C(=O)O.O=C(c1ccc(F)c(F)c1Nc1ccc(I)cc1F)N1CC(O)([C@@H]2CCCCN2)C1.O=C(c1ccc(F)c(F)c1Nc1ccc(I)cc1F)N1CC(O)([C@@H]2CCCCN2)C1,,CHEMBL2364607,C46H46F6I2N6O8,1178.70
DORAVIRINE,,Cn1c(Cn2ccc(C(F)(F)F)c(Oc3cc(Cl)cc(C#N)c3)c2=O)n[nH]c1=O,,CHEMBL2364608,C17H11ClF3N5O3,425.75
ESKETAMINE HYDROCHLORIDE,,CN[C@]1(c2ccccc2Cl)CCCCC1=O.Cl,,CHEMBL2364609,C13H17Cl2NO,274.19
LATANOPROSTENE BUNOD,,O=C(CCC/C=C\C[C@@H]1[C@@H](CC[C@@H](O)CCc2ccccc2)[C@H](O)C[C@@H]1O)OCCCCO[N+](=O)[O-],,CHEMBL2364612,C27H41NO8,507.62
MACIMORELIN ACETATE,,CC(=O)O.CC(C)(N)C(=O)N[C@H](Cc1c[nH]c2ccccc12)C(=O)N[C@H](Cc1c[nH]c2ccccc12)NC=O,,CHEMBL2364617,C28H34N6O5,534.62
PLAZOMICIN SULFATE,,CN[C@@H]1[C@@H](O)[C@@H](O[C@@H]2[C@@H](O)[C@H](O[C@H]3OC(CNCCO)=CC[C@H]3N)[C@@H](N)C[C@H]2NC(=O)[C@@H](O)CCN)OC[C@]1(C)O.O=S(=O)(O)O,,CHEMBL2364623,C25H50N6O14S,690.77
RIMEGEPANT SULFATE,,N[C@@H]1c2cccnc2[C@H](OC(=O)N2CCC(n3c(=O)[nH]c4ncccc43)CC2)CC[C@H]1c1cccc(F)c1F.N[C@@H]1c2cccnc2[C@H](OC(=O)N2CCC(n3c(=O)[nH]c4ncccc43)CC2)CC[C@H]1c1cccc(F)c1F.O.O.O.O=S(=O)(O)O,,CHEMBL2364629,C56H64F4N12O13S,1221.26
SARECYCLINE,,CON(C)Cc1ccc(O)c2c1C[C@H]1C[C@H]3[C@H](N(C)C)C(O)=C(C(N)=O)C(=O)[C@@]3(O)C(O)=C1C2=O,,CHEMBL2364632,C24H29N3O8,487.51
SARECYCLINE HYDROCHLORIDE,,CON(C)Cc1ccc(O)c2c1C[C@H]1C[C@H]3[C@H](N(C)C)C(O)=C(C(N)=O)C(=O)[C@@]3(O)C(O)=C1C2=O.Cl,,CHEMBL2364633,C24H30ClN3O8,523.97
TAFENOQUINE SUCCINATE,,COc1cc(C)c2c(Oc3cccc(C(F)(F)F)c3)c(OC)cc(NC(C)CCCN)c2n1.O=C(O)CCC(=O)O,,CHEMBL2364635,C28H34F3N3O7,581.59
TENOFOVIR ALAFENAMIDE FUMARATE,,CC(C)OC(=O)[C@H](C)N[P@](=O)(CO[C@H](C)Cn1cnc2c(N)ncnc21)Oc1ccccc1.CC(C)OC(=O)[C@H](C)N[P@](=O)(CO[C@H](C)Cn1cnc2c(N)ncnc21)Oc1ccccc1.O=C(O)/C=C/C(=O)O,,CHEMBL2364637,C46H62N12O14P2,1069.02
UBROGEPANT,,C[C@@H]1[C@H](c2ccccc2)C[C@H](NC(=O)c2cnc3c(c2)C[C@@]2(C3)C(=O)Nc3ncccc32)C(=O)N1CC(F)(F)F,,CHEMBL2364638,C29H26F3N5O3,549.55
VALBENAZINE,,COc1cc2c(cc1OC)[C@H]1C[C@@H](OC(=O)[C@@H](N)C(C)C)[C@H](CC(C)C)CN1CC2,,CHEMBL2364639,C24H38N2O4,418.58
METRIZOATE MAGNESIUM,,CC(=O)Nc1c(I)c(C(=O)[O-])c(I)c(N(C)C(C)=O)c1I.CC(=O)Nc1c(I)c(C(=O)[O-])c(I)c(N(C)C(C)=O)c1I.[Mg+2],,CHEMBL2364738,C24H20I6MgN4O8,1278.17
ERGOLOID,,CC(C)C[C@H]1C(=O)N2CCC[C@H]2[C@]2(O)O[C@](NC(=O)[C@@H]3C[C@@H]4c5cccc6[nH]cc(c56)C[C@H]4N(C)C3)(C(C)C)C(=O)N12.CC(C)[C@@]1(NC(=O)[C@@H]2C[C@@H]3c4cccc5[nH]cc(c45)C[C@H]3N(C)C2)O[C@@]2(O)[C@@H]3CCCN3C(=O)[C@H](Cc3ccccc3)N2C1=O.CC(C)[C@H]1C(=O)N2CCC[C@H]2[C@]2(O)O[C@](NC(=O)[C@@H]3C[C@@H]4c5cccc6[nH]cc(c56)C[C@H]4N(C)C3)(C(C)C)C(=O)N12.CCC(C)[C@H]1C(=O)N2CCC[C@H]2[C@]2(O)O[C@](NC(=O)[C@@H]3C[C@@H]4c5cccc6[nH]cc(c56)C[C@H]4N(C)C3)(C(C)C)C(=O)N12,,CHEMBL2364968,C130H168N20O20,2330.89
BUPRENORPHINE HYDROCHLORIDE,,CO[C@@]12CC[C@@]3(C[C@@H]1[C@](C)(O)C(C)(C)C)[C@H]1Cc4ccc(O)c5c4[C@@]3(CCN1CC1CC1)[C@H]2O5.Cl,,CHEMBL2368861,C29H42ClNO4,504.11
DOLASETRON MESYLATE,,CS(=O)(=O)O.O.O=C(O[C@@H]1C[C@@H]2C[C@H]3C[C@H](C1)N2CC3=O)c1c[nH]c2ccccc12,,CHEMBL2368924,C20H26N2O7S,438.50
DOLASETRON,,O=C(O[C@@H]1C[C@@H]2C[C@H]3C[C@H](C1)N2CC3=O)c1c[nH]c2ccccc12,,CHEMBL2368925,C19H20N2O3,324.38
LEDIPASVIR,,COC(=O)N[C@H](C(=O)N1CC2(CC2)C[C@H]1c1nc(-c2ccc3c(c2)C(F)(F)c2cc(-c4ccc5[nH]c([C@@H]6[C@H]7CC[C@H](C7)N6C(=O)[C@@H](NC(=O)OC)C(C)C)nc5c4)ccc2-3)c[nH]1)C(C)C,,CHEMBL2374220,C49H54F2N8O6,889.02
ALPELISIB,,Cc1nc(NC(=O)N2CCC[C@H]2C(N)=O)sc1-c1ccnc(C(C)(C)C(F)(F)F)c1,,CHEMBL2396661,C19H22F3N5O2S,441.48
ZAVEGEPANT,,Cc1cc(C[C@@H](NC(=O)N2CCC(c3cc4ccccc4[nH]c3=O)CC2)C(=O)N2CCN(C3CCN(C)CC3)CC2)cc2cn[nH]c12,,CHEMBL2397415,C36H46N8O3,638.82
CERITINIB,,Cc1cc(Nc2ncc(Cl)c(Nc3ccccc3S(=O)(=O)C(C)C)n2)c(OC(C)C)cc1C1CCNCC1,,CHEMBL2403108,C28H36ClN5O3S,558.15
CABOTEGRAVIR,,C[C@H]1CO[C@@H]2Cn3cc(C(=O)NCc4ccc(F)cc4F)c(=O)c(O)c3C(=O)N12,,CHEMBL2403238,C19H17F2N3O5,405.36
OLICERIDINE,,COc1ccsc1CNCC[C@@]1(c2ccccn2)CCOC2(CCCC2)C1,,CHEMBL2443262,C22H30N2O2S,386.56
ERGOTAMINE TARTRATE,,CN1C[C@H](C(=O)N[C@]2(C)O[C@@]3(O)[C@@H]4CCCN4C(=O)[C@H](Cc4ccccc4)N3C2=O)C=C2c3cccc4[nH]cc(c34)C[C@H]21.CN1C[C@H](C(=O)N[C@]2(C)O[C@@]3(O)[C@@H]4CCCN4C(=O)[C@H](Cc4ccccc4)N3C2=O)C=C2c3cccc4[nH]cc(c34)C[C@H]21.O=C(O)C(O)C(O)C(=O)O,,CHEMBL2448612,C70H76N10O16,1313.43
PIMAVANSERIN TARTRATE,,CC(C)COc1ccc(CNC(=O)N(Cc2ccc(F)cc2)C2CCN(C)CC2)cc1.CC(C)COc1ccc(CNC(=O)N(Cc2ccc(F)cc2)C2CCN(C)CC2)cc1.O=C(O)C(O)C(O)C(=O)O,,CHEMBL2448613,C54H74F2N6O10,1005.21
DUVELISIB,,C[C@H](Nc1ncnc2nc[nH]c12)c1cc2cccc(Cl)c2c(=O)n1-c1ccccc1,,CHEMBL3039502,C22H17ClN6O,416.87
NINTEDANIB ESYLATE,,CCS(=O)(=O)O.COC(=O)c1ccc2c(c1)NC(=O)/C2=C(\Nc1ccc(N(C)C(=O)CN2CCN(C)CC2)cc1)c1ccccc1,,CHEMBL3039504,C33H39N5O7S,649.77
SOTAGLIFLOZIN,,CCOc1ccc(Cc2cc([C@@H]3O[C@H](SC)[C@@H](O)[C@H](O)[C@H]3O)ccc2Cl)cc1,,CHEMBL3039507,C21H25ClO5S,424.95
NALDEMEDINE TOSYLATE,,CC(C)(NC(=O)C1=C(O)[C@@H]2Oc3c(O)ccc4c3[C@@]23CCN(CC2CC2)[C@H](C4)[C@]3(O)C1)c1nc(-c2ccccc2)no1.Cc1ccc(S(=O)(=O)O)cc1,,CHEMBL3039508,C39H42N4O9S,742.85
ELBASVIR,,COC(=O)N[C@H](C(=O)N1CCC[C@H]1c1nc(-c2ccc3c(c2)O[C@@H](c2ccccc2)n2c-3cc3cc(-c4c[nH]c([C@@H]5CCCN5C(=O)[C@@H](NC(=O)OC)C(C)C)n4)ccc32)c[nH]1)C(C)C,,CHEMBL3039514,C49H55N9O7,882.03
LASMIDITAN,,CN1CCC(C(=O)c2cccc(NC(=O)c3c(F)cc(F)cc3F)n2)CC1,,CHEMBL3039520,C19H18F3N3O2,377.37
LASMIDITAN SUCCINATE,,CN1CCC(C(=O)c2cccc(NC(=O)c3c(F)cc(F)cc3F)n2)CC1.CN1CCC(C(=O)c2cccc(NC(=O)c3c(F)cc(F)cc3F)n2)CC1.O=C(O)CCC(=O)O,,CHEMBL3039526,C42H42F6N6O8,872.82
FOSINOPRIL SODIUM,,CCC(=O)O[C@@H](O[P@](=O)(CCCCc1ccccc1)CC(=O)N1C[C@H](C2CCCCC2)C[C@H]1C(=O)[O-])C(C)C.[Na+],,CHEMBL3039596,C30H45NNaO7P,585.65
FOSINOPRIL,,CCC(=O)O[C@@H](O[P@](=O)(CCCCc1ccccc1)CC(=O)N1C[C@H](C2CCCCC2)C[C@H]1C(=O)O)C(C)C,,CHEMBL3039598,C30H46NO7P,563.67
TROSPIUM CHLORIDE,,O=C(O[C@H]1C[C@H]2CC[C@@H](C1)[N+]21CCCC1)C(O)(c1ccccc1)c1ccccc1.[Cl-],,CHEMBL3084748,C25H30ClNO3,427.97
VIOMYCIN,,NCCC[C@H](N)CC(=O)N[C@H]1CNC(=O)[C@H]([C@H]2C[C@H](O)NC(N)=N2)NC(=O)/C(=C/NC(N)=O)NC(=O)[C@H](CO)NC(=O)[C@H](CO)NC1=O,,CHEMBL3085436,C25H43N13O10,685.70
OSILODROSTAT,,N#Cc1ccc([C@H]2CCc3cncn32)c(F)c1,,CHEMBL3099695,C13H10FN3,227.24
RELEBACTAM ANHYDROUS,,O=C(NC1CCNCC1)[C@@H]1CC[C@@H]2CN1C(=O)N2OS(=O)(=O)O,,CHEMBL3112741,C12H20N4O6S,348.38
OMBITASVIR,,COC(=O)N[C@H](C(=O)N1CCC[C@H]1C(=O)Nc1ccc([C@@H]2CC[C@@H](c3ccc(NC(=O)[C@@H]4CCCN4C(=O)[C@@H](NC(=O)OC)C(C)C)cc3)N2c2ccc(C(C)(C)C)cc2)cc1)C(C)C,,CHEMBL3127326,C50H67N7O8,894.13
SACUBITRIL,,CCOC(=O)[C@H](C)C[C@@H](Cc1ccc(-c2ccccc2)cc1)NC(=O)CCC(=O)O,,CHEMBL3137301,C24H29NO5,411.50
PEFICITINIB,,NC(=O)c1cnc2[nH]ccc2c1N[C@@H]1[C@@H]2CC3C[C@H]1C[C@@](O)(C3)C2,,CHEMBL3137308,C18H22N4O2,326.40
VENETOCLAX,,CC1(C)CCC(CN2CCN(c3ccc(C(=O)NS(=O)(=O)c4ccc(NCC5CCOCC5)c([N+](=O)[O-])c4)c(Oc4cnc5[nH]ccc5c4)c3)CC2)=C(c2ccc(Cl)cc2)C1,,CHEMBL3137309,C45H50ClN7O7S,868.46
BENZHYDROCODONE HYDROCHLORIDE,,COc1ccc2c3c1O[C@H]1C(OC(=O)c4ccccc4)=CC[C@@H]4[C@@H](C2)N(C)CC[C@@]341.Cl,,CHEMBL3137310,C25H26ClNO4,439.94
DASABUVIR,,COc1c(-c2ccc3cc(NS(C)(=O)=O)ccc3c2)cc(-n2ccc(=O)[nH]c2=O)cc1C(C)(C)C,,CHEMBL3137312,C26H27N3O5S,493.59
SONIDEGIB PHOSPHATE,,Cc1c(C(=O)Nc2ccc(N3C[C@@H](C)O[C@@H](C)C3)nc2)cccc1-c1ccc(OC(F)(F)F)cc1.O=P(O)(O)O.O=P(O)(O)O,,CHEMBL3137317,C26H32F3N3O11P2,681.49
TALAZOPARIB TOSYLATE,,Cc1ccc(S(=O)(=O)O)cc1.Cn1ncnc1[C@H]1c2n[nH]c(=O)c3cc(F)cc(c23)N[C@@H]1c1ccc(F)cc1,,CHEMBL3137318,C26H22F2N6O4S,552.56
TALAZOPARIB,,Cn1ncnc1[C@H]1c2n[nH]c(=O)c3cc(F)cc(c23)N[C@@H]1c1ccc(F)cc1,,CHEMBL3137320,C19H14F2N6O,380.36
BENZHYDROCODONE,,COc1ccc2c3c1O[C@H]1C(OC(=O)c4ccccc4)=CC[C@@H]4[C@@H](C2)N(C)CC[C@@]341,,CHEMBL3137321,C25H25NO4,403.48
DEUTETRABENAZINE,,[2H]C([2H])([2H])Oc1cc2c(cc1OC([2H])([2H])[2H])C1CC(=O)C(CC(C)C)CN1CC2,,CHEMBL3137326,C19H27NO3,323.47
OMEGA-3-CARBOXYLIC ACIDS,,CC/C=C\C/C=C\C/C=C\C/C=C\C/C=C\C/C=C\CCC(=O)O.CC/C=C\C/C=C\C/C=C\C/C=C\C/C=C\CCCC(=O)O.CC/C=C\C/C=C\C/C=C\C/C=C\C/C=C\CCCCC(=O)O.CC/C=C\C/C=C\C/C=C\C/C=C\C/C=C\CCCCCC(=O)O.CC/C=C\C/C=C\C/C=C\C/C=C\CCCCCCC(=O)O.CC/C=C\C/C=C\C/C=C\CCCCCCCC(=O)O.CCCCC/C=C\C/C=C\C/C=C\C/C=C\C/C=C\CCC(=O)O.CCCCC/C=C\C/C=C\C/C=C\CCCCC(=O)O.CCCCC/C=C\C/C=C\CCCCCCCC(=O)O,,CHEMBL3137327,C181H286O18,2750.26
PEFICITINIB HYDROBROMIDE,,Br.NC(=O)c1cnc2[nH]ccc2c1N[C@@H]1[C@@H]2CC3C[C@H]1C[C@@](O)(C3)C2,,CHEMBL3137329,C18H23BrN4O2,407.31
CABOTEGRAVIR SODIUM,,C[C@H]1CO[C@@H]2Cn3cc(C(=O)NCc4ccc(F)cc4F)c(=O)c([O-])c3C(=O)N12.[Na+],,CHEMBL3137330,C19H16F2N3NaO5,427.34
ISAVUCONAZONIUM SULFATE,,CNCC(=O)OCc1cccnc1N(C)C(=O)OC(C)[n+]1cnn(C[C@](O)(c2cc(F)ccc2F)[C@@H](C)c2nc(-c3ccc(C#N)cc3)cs2)c1.O=S(=O)([O-])O,,CHEMBL3137333,C35H36F2N8O9S2,814.85
SIMEPREVIR SODIUM,,COc1ccc2c(O[C@@H]3C[C@H]4C(=O)N[C@]5(C(=O)[N-]S(=O)(=O)C6CC6)C[C@H]5/C=C\CCCCN(C)C(=O)[C@@H]4C3)cc(-c3nc(C(C)C)cs3)nc2c1C.[Na+],,CHEMBL3137358,C38H46N5NaO7S2,771.94
ETHAMBUTOL HYDROCHLORIDE,,CC[C@@H](CO)NCCN[C@@H](CC)CO.Cl.Cl,,CHEMBL3140361,C10H26Cl2N2O2,277.24
BUTAMBEN PICRATE,,CCCCOC(=O)c1ccc(N)cc1.CCCCOC(=O)c1ccc(N)cc1.O=[N+]([O-])c1cc([N+](=O)[O-])c(O)c([N+](=O)[O-])c1,,CHEMBL3142541,C28H33N5O11,615.60
METHICILLIN SODIUM,,COc1cccc(OC)c1C(=O)N[C@@H]1C(=O)N2[C@@H]1SC(C)(C)[C@@H]2C(=O)[O-].O.[Na+],,CHEMBL3181832,C17H21N2NaO7S,420.42
RAMOSETRON HYDROCHLORIDE,,Cl.Cn1cc(C(=O)[C@@H]2CCc3[nH]cnc3C2)c2ccccc21,,CHEMBL3181841,C17H18ClN3O,315.80
BROMFENAC SODIUM,,Nc1c(CC(=O)[O-])cccc1C(=O)c1ccc(Br)cc1.Nc1c(CC(=O)[O-])cccc1C(=O)c1ccc(Br)cc1.O.O.O.[Na+].[Na+],,CHEMBL3181947,C30H28Br2N2Na2O9,766.35
TROXERUTIN,,C[C@@H]1O[C@@H](OC[C@H]2O[C@@H](Oc3c(-c4ccc(OCCO)c(OCCO)c4)oc4cc(OCCO)cc(O)c4c3=O)[C@H](O)[C@@H](O)[C@@H]2O)[C@H](O)[C@H](O)[C@H]1O,,CHEMBL3182320,C33H42O19,742.68
PIVAMPICILLIN,,CC(C)(C)C(=O)OCOC(=O)[C@@H]1N2C(=O)[C@@H](NC(=O)[C@H](N)c3ccccc3)[C@H]2SC1(C)C,,CHEMBL3182343,C22H29N3O6S,463.56
PRAMIPEXOLE DIHYDROCHLORIDE,,CCCN[C@H]1CCc2nc(N)sc2C1.Cl.Cl.O,,CHEMBL3182733,C10H21Cl2N3OS,302.27
NIZATIDINE,,CNC(=C[N+](=O)[O-])NCCSCc1csc(CN(C)C)n1,,CHEMBL3183075,C12H21N5O2S2,331.47
OCTINOXATE,,CCCCC(CC)COC(=O)C=Cc1ccc(OC)cc1,,CHEMBL3183184,C18H26O3,290.40
CEFMENOXIME HYDROCHLORIDE,,CO/N=C(\C(=O)N[C@@H]1C(=O)N2C(C(=O)O)=C(CSc3nnnn3C)CS[C@H]12)c1csc(N)n1.CO/N=C(\C(=O)N[C@@H]1C(=O)N2C(C(=O)O)=C(CSc3nnnn3C)CS[C@H]12)c1csc(N)n1.Cl,,CHEMBL3183193,C32H35ClN18O10S6,1059.60
APALUTAMIDE,,CNC(=O)c1ccc(N2C(=S)N(c3cnc(C#N)c(C(F)(F)F)c3)C(=O)C23CCC3)cc1F,,CHEMBL3183409,C21H15F4N5O2S,477.44
GARENOXACIN MESYLATE,,CS(=O)(=O)O.C[C@H]1NCc2cc(-c3ccc4c(=O)c(C(=O)O)cn(C5CC5)c4c3OC(F)F)ccc21.O,,CHEMBL3183451,C24H26F2N2O8S,540.54
NOVOBIOCIN SODIUM,,CO[C@@H]1[C@@H](OC(N)=O)[C@@H](O)[C@H](Oc2ccc3c([O-])c(NC(=O)c4ccc(O)c(CC=C(C)C)c4)c(=O)oc3c2C)OC1(C)C.[Na+],,CHEMBL3183453,C31H35N2NaO11,634.61
GUANADREL SULFATE,,N=C(N)NCC1COC2(CCCCC2)O1.N=C(N)NCC1COC2(CCCCC2)O1.O=S(=O)(O)O,,CHEMBL3184143,C20H40N6O8S,524.64
CLINDAMYCIN PHOSPHATE,,CCC[C@@H]1C[C@@H](C(=O)N[C@@H]([C@H]2O[C@H](SC)[C@H](OP(=O)(O)O)[C@@H](O)[C@H]2O)[C@H](C)Cl)N(C)C1,,CHEMBL3184512,C18H34ClN2O8PS,504.97
STREPTOMYCIN SULFATE,,CN[C@@H]1[C@H](O[C@H]2[C@H](O[C@H]3[C@H](O)[C@@H](O)[C@H](N=C(N)N)[C@@H](O)[C@@H]3N=C(N)N)O[C@@H](C)[C@]2(O)C=O)O[C@@H](CO)[C@H](O)[C@H]1O.CN[C@@H]1[C@H](O[C@H]2[C@H](O[C@H]3[C@H](O)[C@@H](O)[C@H](N=C(N)N)[C@@H](O)[C@@H]3N=C(N)N)O[C@@H](C)[C@]2(O)C=O)O[C@@H](CO)[C@H](O)[C@H]1O.O=S(=O)(O)O.O=S(=O)(O)O.O=S(=O)(O)O,,CHEMBL3184791,C42H84N14O36S3,1457.40
MEPHENTERMINE SULFATE,,CNC(C)(C)Cc1ccccc1.CNC(C)(C)Cc1ccccc1.O=S(=O)(O)O,,CHEMBL3184799,C22H36N2O4S,424.61
ZINC ACETATE,,CC(=O)[O-].CC(=O)[O-].O.O.[Zn+2],,CHEMBL3184986,C4H10O6Zn,219.51
MAGNESIUM CHLORIDE,,O.O.O.O.O.O.[Cl-].[Cl-].[Mg+2],,CHEMBL3185229,H12Cl2MgO6,203.30
CLOMIPHENE CITRATE,,CCN(CC)CCOc1ccc(C(=C(Cl)c2ccccc2)c2ccccc2)cc1.O=C(O)CC(O)(CC(=O)O)C(=O)O,,CHEMBL3185958,C32H36ClNO8,598.09
ONDANSETRON HYDROCHLORIDE,,Cc1nccn1CC1CCc2c(c3ccccc3n2C)C1=O.Cl.O.O,,CHEMBL3186492,C18H24ClN3O3,365.86
HYDROXYZINE HYDROCHLORIDE,,Cl.Cl.OCCOCCN1CCN(C(c2ccccc2)c2ccc(Cl)cc2)CC1,,CHEMBL3186993,C21H29Cl3N2O2,447.83
METHAPYRILENE FUMARATE,,CN(C)CCN(Cc1cccs1)c1ccccn1.CN(C)CCN(Cc1cccs1)c1ccccn1.O=C(O)/C=C/C(=O)O.O=C(O)/C=C/C(=O)O.O=C(O)/C=C/C(=O)O,,CHEMBL3187246,C40H50N6O12S2,871.00
ASENAPINE,,CN1CC2c3ccccc3Oc3ccc(Cl)cc3C2C1,,CHEMBL3187365,C17H16ClNO,285.77
BINIMETINIB,,Cn1cnc2c(F)c(Nc3ccc(Br)cc3F)c(C(=O)NOCCO)cc21,,CHEMBL3187723,C17H15BrF2N4O3,441.23
APOMORPHINE HYDROCHLORIDE,,CN1CCc2cccc3c2[C@H]1Cc1ccc(O)c(O)c1-3.CN1CCc2cccc3c2[C@H]1Cc1ccc(O)c(O)c1-3.Cl.Cl.O,,CHEMBL3187985,C34H38Cl2N2O5,625.59
TRIPROLIDINE HYDROCHLORIDE,,Cc1ccc(/C(=C\CN2CCCC2)c2ccccn2)cc1.Cl.O,,CHEMBL3188034,C19H25ClN2O,332.88
CAPMATINIB,,CNC(=O)c1ccc(-c2cnc3ncc(Cc4ccc5ncccc5c4)n3n2)cc1F,,CHEMBL3188267,C23H17FN6O,412.43
DIHYDROSTREPTOMYCIN SULFATE,,CN[C@@H]1[C@H](O[C@H]2[C@H](O[C@H]3[C@H](O)[C@@H](O)[C@H](NC(=N)N)[C@@H](O)[C@@H]3NC(=N)N)O[C@@H](C)[C@]2(O)CO)O[C@@H](CO)[C@H](O)[C@H]1O.CN[C@@H]1[C@H](O[C@H]2[C@H](O[C@H]3[C@H](O)[C@@H](O)[C@H](NC(=N)N)[C@@H](O)[C@@H]3NC(=N)N)O[C@@H](C)[C@]2(O)CO)O[C@@H](CO)[C@H](O)[C@H]1O.O=S(=O)(O)O.O=S(=O)(O)O.O=S(=O)(O)O,,CHEMBL3188576,C42H88N14O36S3,1461.43
QUETIAPINE FUMARATE,,O=C(O)/C=C/C(=O)O.OCCOCCN1CCN(C2=Nc3ccccc3Sc3ccccc32)CC1.OCCOCCN1CCN(C2=Nc3ccccc3Sc3ccccc32)CC1,,CHEMBL3188993,C46H54N6O8S2,883.11
TIROFIBAN HYDROCHLORIDE,,CCCCS(=O)(=O)N[C@@H](Cc1ccc(OCCCCC2CCNCC2)cc1)C(=O)O.Cl.O,,CHEMBL3189072,C22H39ClN2O6S,495.08
COPANLISIB,,COc1c(OCCCN2CCOCC2)ccc2c1N=C(NC(=O)c1cnc(N)nc1)N1CCN=C21,,CHEMBL3218576,C23H28N8O4,480.53
LUMATEPERONE TOSYLATE,,CN1CCN2c3c(cccc31)[C@@H]1CN(CCCC(=O)c3ccc(F)cc3)CC[C@@H]12.Cc1ccc(S(=O)(=O)O)cc1,,CHEMBL3233142,C31H36FN3O4S,565.71
CEDAZURIDINE,,O=C1N[C@H](O)CCN1[C@@H]1O[C@H](CO)[C@@H](O)C1(F)F,,CHEMBL3237547,C9H14F2N2O5,268.22
METHOTREXATE SODIUM,,CN(Cc1cnc2nc(N)nc(N)c2n1)c1ccc(C(=O)N[C@@H](CCC(=O)[O-])C(=O)[O-])cc1.[Na+].[Na+],,CHEMBL3244648,C20H20N8Na2O5,498.41
RESMETIROM,,CC(C)c1cc(Oc2c(Cl)cc(-n3nc(C#N)c(=O)[nH]c3=O)cc2Cl)n[nH]c1=O,,CHEMBL3261331,C17H12Cl2N6O4,435.23
LORLATINIB,,C[C@H]1Oc2cc(cnc2N)-c2c(nn(C)c2C#N)CN(C)C(=O)c2ccc(F)cc21,,CHEMBL3286830,C21H19FN6O2,406.42
LEFAMULIN,,C=C[C@]1(C)C[C@@H](OC(=O)CS[C@@H]2CC[C@@H](N)C[C@H]2O)[C@]2(C)[C@H](C)CC[C@]3(CCC(=O)[C@H]32)[C@@H](C)[C@@H]1O,,CHEMBL3291398,C28H45NO5S,507.74
FOSTEMSAVIR,,COc1cnc(-n2cnc(C)n2)c2c1c(C(=O)C(=O)N1CCN(C(=O)c3ccccc3)CC1)cn2COP(=O)(O)O,,CHEMBL3301594,C25H26N7O8P,583.50
FOSTEMSAVIR TROMETHAMINE,,COc1cnc(-n2cnc(C)n2)c2c1c(C(=O)C(=O)N1CCN(C(=O)c3ccccc3)CC1)cn2COP(=O)(O)O.NC(CO)(CO)CO,,CHEMBL3301598,C29H37N8O11P,704.63
GILTERITINIB FUMARATE,,CCc1nc(C(N)=O)c(Nc2ccc(N3CCC(N4CCN(C)CC4)CC3)c(OC)c2)nc1NC1CCOCC1.CCc1nc(C(N)=O)c(Nc2ccc(N3CCC(N4CCN(C)CC4)CC3)c(OC)c2)nc1NC1CCOCC1.O=C(O)/C=C/C(=O)O,,CHEMBL3301603,C62H92N16O10,1221.52
RELEBACTAM,,O.O=C(NC1CCNCC1)[C@@H]1CC[C@@H]2CN1C(=O)N2OS(=O)(=O)O,,CHEMBL3301605,C12H22N4O7S,366.40
FILGOTINIB,,O=C(Nc1nc2cccc(-c3ccc(CN4CCS(=O)(=O)CC4)cc3)n2n1)C1CC1,,CHEMBL3301607,C21H23N5O3S,425.51
ABEMACICLIB,,CCN1CCN(Cc2ccc(Nc3ncc(F)c(-c4cc(F)c5nc(C)n(C(C)C)c5c4)n3)nc2)CC1,,CHEMBL3301610,C27H32F2N8,506.61
AMIFAMPRIDINE PHOSPHATE,,Nc1ccncc1N.O=P(O)(O)O,,CHEMBL3301611,C5H10N3O4P,207.13
ENCORAFENIB,,COC(=O)N[C@@H](C)CNc1nccc(-c2cn(C(C)C)nc2-c2cc(Cl)cc(NS(C)(=O)=O)c2F)n1,,CHEMBL3301612,C22H27ClFN7O4S,540.02
GILTERITINIB,,CCc1nc(C(N)=O)c(Nc2ccc(N3CCC(N4CCN(C)CC4)CC3)c(OC)c2)nc1NC1CCOCC1,,CHEMBL3301622,C29H44N8O3,552.72
SETMELANOTIDE,,CC(=O)N[C@@H](CCCNC(=N)N)C(=O)N[C@H]1CSSC[C@@H](C(N)=O)NC(=O)[C@H](Cc2c[nH]c3ccccc23)NC(=O)[C@H](CCCNC(=N)N)NC(=O)[C@@H](Cc2ccccc2)NC(=O)[C@H](Cc2c[nH]cn2)NC(=O)[C@@H](C)NC1=O,,CHEMBL3301624,C49H68N18O9S2,1117.33
TENAPANOR HYDROCHLORIDE,,CN1Cc2c(Cl)cc(Cl)cc2[C@H](c2cccc(S(=O)(=O)NCCOCCOCCNC(=O)NCCCCNC(=O)NCCOCCOCCNS(=O)(=O)c3cccc([C@@H]4CN(C)Cc5c(Cl)cc(Cl)cc54)c3)c2)C1.Cl.Cl,,CHEMBL3301627,C50H68Cl6N8O10S2,1217.99
DALBAVANCIN HYDROCHLORIDE,,CN[C@H]1C(=O)N[C@@H]2Cc3ccc(cc3)Oc3cc4cc(c3O[C@@H]3O[C@H](C(=O)O)[C@@H](O)[C@H](O)[C@H]3NC(=O)CCCCCCCCC(C)C)Oc3ccc(cc3Cl)[C@@H](O)[C@@H]3NC(=O)[C@H](NC(=O)[C@@H]4NC(=O)[C@@H](NC2=O)c2cc(cc(O)c2Cl)Oc2cc1ccc2O)c1ccc(O)c(c1)-c1c(O[C@H]2O[C@H](CO)[C@@H](O)[C@H](O)[C@@H]2O)cc(O)cc1[C@@H](C(=O)NCCCN(C)C)NC3=O.Cl,,CHEMBL3301650,C88H101Cl3N10O28,1853.18
CARBETOCIN,,CC[C@H](C)[C@@H]1NC(=O)[C@H](Cc2ccc(OC)cc2)NC(=O)CCCSC[C@@H](C(=O)N2CCC[C@H]2C(=O)N[C@@H](CC(C)C)C(=O)NCC(N)=O)NC(=O)[C@H](CC(N)=O)NC(=O)[C@H](CCC(N)=O)NC1=O,,CHEMBL3301668,C45H69N11O12S,988.18
DALBAVANCIN,,CN[C@H]1C(=O)N[C@@H]2Cc3ccc(cc3)Oc3cc4cc(c3O[C@@H]3O[C@H](C(=O)O)[C@@H](O)[C@H](O)[C@H]3NC(=O)CCCCCCCCC(C)C)Oc3ccc(cc3Cl)[C@@H](O)[C@@H]3NC(=O)[C@H](NC(=O)[C@@H]4NC(=O)[C@@H](NC2=O)c2cc(cc(O)c2Cl)Oc2cc1ccc2O)c1ccc(O)c(c1)-c1c(O[C@H]2O[C@H](CO)[C@@H](O)[C@H](O)[C@@H]2O)cc(O)cc1[C@@H](C(=O)NCCCN(C)C)NC3=O,,CHEMBL3301669,C88H100Cl2N10O28,1816.72
DIFEMERINE HYDROCHLORIDE,,CN(C)CC(C)(C)OC(=O)C(O)(c1ccccc1)c1ccccc1.Cl,,CHEMBL3301670,C20H26ClNO3,363.89
LINACLOTIDE,,C[C@@H]1NC(=O)[C@@H]2CCCN2C(=O)[C@H](CC(N)=O)NC(=O)[C@@H]2CSSC[C@H](N)C(=O)N[C@H]3CSSC[C@H](NC1=O)C(=O)N[C@@H]([C@@H](C)O)C(=O)NCC(=O)N[C@H](C(=O)N[C@@H](Cc1ccc(O)cc1)C(=O)O)CSSC[C@H](NC(=O)[C@H](Cc1ccc(O)cc1)NC(=O)[C@H](CCC(=O)O)NC3=O)C(=O)N2,,CHEMBL3301675,C59H79N15O21S6,1526.77
TELAVANCIN HYDROCHLORIDE,,CCCCCCCCCCNCCN[C@@]1(C)C[C@H](O[C@H]2[C@H](Oc3c4cc5cc3Oc3ccc(cc3Cl)[C@@H](O)[C@@H](NC(=O)[C@@H](CC(C)C)NC)C(=O)N[C@@H](CC(N)=O)C(=O)N[C@H]5C(=O)N[C@H]3C(=O)N[C@H](C(=O)N[C@H](C(=O)O)c5cc(O)c(CNCP(=O)(O)O)c(O)c5-c5cc3ccc5O)[C@H](O)c3ccc(c(Cl)c3)O4)O[C@H](CO)[C@@H](O)[C@@H]2O)O[C@@H](C)[C@H]1O.Cl,,CHEMBL3301680,C80H107Cl3N11O27P,1792.12
TENAPANOR,,CN1Cc2c(Cl)cc(Cl)cc2[C@H](c2cccc(S(=O)(=O)NCCOCCOCCNC(=O)NCCCCNC(=O)NCCOCCOCCNS(=O)(=O)c3cccc([C@@H]4CN(C)Cc5c(Cl)cc(Cl)cc54)c3)c2)C1,,CHEMBL3304485,C50H66Cl4N8O10S2,1145.07
DIFEMERINE,,CN(C)CC(C)(C)OC(=O)C(O)(c1ccccc1)c1ccccc1,,CHEMBL3304486,C20H25NO3,327.42
LUMATEPERONE,,CN1CCN2c3c(cccc31)[C@@H]1CN(CCCC(=O)c3ccc(F)cc3)CC[C@@H]12,,CHEMBL3306803,C24H28FN3O,393.51
OTESECONAZOLE,,O[C@@](Cn1cnnn1)(c1ccc(F)cc1F)C(F)(F)c1ccc(-c2ccc(OCC(F)(F)F)cc2)cn1,,CHEMBL3311228,C23H16F7N5O2,527.40
VABORBACTAM,,O=C(O)C[C@@H]1CC[C@H](NC(=O)Cc2cccs2)B(O)O1,,CHEMBL3317857,C12H16BNO5S,297.14
TOVORAFENIB,,C[C@@H](NC(=O)c1ncnc(N)c1Cl)c1ncc(C(=O)Nc2cc(C(F)(F)F)c(Cl)cn2)s1,,CHEMBL3348923,C17H12Cl2F3N7O2S,506.30
TELOTRISTAT ETIPRATE,,CCOC(=O)[C@@H](N)Cc1ccc(-c2cc(O[C@H](c3ccc(Cl)cc3-n3ccc(C)n3)C(F)(F)F)nc(N)n2)cc1.O=C(O)CNC(=O)c1ccccc1,,CHEMBL3348963,C36H35ClF3N7O6,754.17
PASIREOTIDE,,NCCCC[C@@H]1NC(=O)[C@@H](Cc2c[nH]c3ccccc23)NC(=O)[C@H](c2ccccc2)NC(=O)[C@@H]2C[C@@H](OC(=O)NCCN)CN2C(=O)[C@H](Cc2ccccc2)NC(=O)[C@H](Cc2ccc(OCc3ccccc3)cc2)NC1=O,,CHEMBL3349607,C58H66N10O9,1047.23
OSIMERTINIB,,C=CC(=O)Nc1cc(Nc2nccc(-c3cn(C)c4ccccc34)n2)c(OC)cc1N(C)CCN(C)C,,CHEMBL3353410,C28H33N7O2,499.62
ETRASIMOD,,O=C(O)C[C@H]1CCc2c1[nH]c1ccc(OCc3ccc(C4CCCC4)c(C(F)(F)F)c3)cc21,,CHEMBL3358920,C26H26F3NO3,457.49
PARITAPREVIR,,Cc1cnc(C(=O)N[C@H]2CCCCC/C=C\[C@@H]3C[C@@]3(C(=O)NS(=O)(=O)C3CC3)NC(=O)[C@@H]3C[C@@H](Oc4nc5ccccc5c5ccccc45)CN3C2=O)cn1,,CHEMBL3391662,C40H43N7O7S,765.89
FLUORODOPA F 18,,N[C@@H](Cc1cc(O)c(O)cc1[18F])C(=O)O,,CHEMBL3400972,C9H10FNO4,214.18
TEPOTINIB,,CN1CCC(COc2cnc(-c3cccc(Cn4nc(-c5cccc(C#N)c5)ccc4=O)c3)nc2)CC1,,CHEMBL3402762,C29H28N6O2,492.58
TAZEMETOSTAT,,CCN(c1cc(-c2ccc(CN3CCOCC3)cc2)cc(C(=O)NCc2c(C)cc(C)[nH]c2=O)c1C)C1CCOCC1,,CHEMBL3414621,C34H44N4O4,572.75
BENZPHETAMINE HYDROCHLORIDE,,C[C@@H](Cc1ccccc1)N(C)Cc1ccccc1.Cl,,CHEMBL3544906,C17H22ClN,275.82
AZATADINE MALEATE,,CN1CCC(=C2c3ccccc3CCc3cccnc32)CC1.O=C(O)/C=C\C(=O)O.O=C(O)/C=C\C(=O)O,,CHEMBL3544908,C28H30N2O8,522.55
CALCIFEDIOL,,C=C1CC[C@H](O)C/C1=C/C=C1\CCC[C@]2(C)[C@@H]([C@H](C)CCCC(C)(C)O)CC[C@@H]12.O,,CHEMBL3544909,C27H46O3,418.66
TEZACAFTOR,,CC(C)(CO)c1cc2cc(NC(=O)C3(c4ccc5c(c4)OC(F)(F)O5)CC3)c(F)cc2n1C[C@@H](O)CO,,CHEMBL3544914,C26H27F3N2O6,520.50
DEXTROAMPHETAMINE SULFATE,,C[C@H](N)Cc1ccccc1.C[C@H](N)Cc1ccccc1.O=S(=O)(O)O,,CHEMBL3544971,C18H28N2O4S,368.50
CEFTAROLINE FOSAMIL ACETATE,,CC(=O)O.CCO/N=C(\C(=O)N[C@@H]1C(=O)N2C(C(=O)[O-])=C(Sc3nc(-c4cc[n+](C)cc4)cs3)CS[C@H]12)c1nsc(NP(=O)(O)O)n1.O,,CHEMBL3544973,C24H27N8O11PS4,762.77
ASENAPINE MALEATE,,CN1CC2c3ccccc3Oc3ccc(Cl)cc3C2C1.O=C(O)/C=C\C(=O)O,,CHEMBL3544974,C21H20ClNO5,401.85
DASABUVIR SODIUM MONOHYDRATE,,COc1c(-c2ccc3cc(NS(C)(=O)=O)ccc3c2)cc(-n2ccc(=O)[n-]c2=O)cc1C(C)(C)C.O.[Na+],,CHEMBL3544985,C26H28N3NaO6S,533.58
PERINDOPRIL ARGININE,,CCC[C@H](N[C@@H](C)C(=O)N1[C@H](C(=O)O)C[C@@H]2CCCC[C@@H]21)C(=O)OCC.N=C(N)NCCC[C@H](N)C(=O)O,,CHEMBL3544986,C25H46N6O7,542.68
DAPRODUSTAT,,O=C(O)CNC(=O)C1C(=O)N(C2CCCCC2)C(=O)N(C2CCCCC2)C1=O,,CHEMBL3544988,C19H27N3O6,393.44
ACETYLDIGITOXIN,,CC(=O)O[C@H]1C[C@H](O[C@H]2[C@@H](O)C[C@H](O[C@H]3[C@@H](O)C[C@H](O[C@H]4CC[C@@]5(C)[C@H](CC[C@@H]6[C@@H]5CC[C@]5(C)[C@@H](C7=CC(=O)OC7)CC[C@]65O)C4)O[C@@H]3C)O[C@@H]2C)O[C@H](C)[C@H]1O,,CHEMBL3545057,C43H66O14,806.99
DEXTROTHYROXINE SODIUM,,N[C@H](Cc1cc(I)c(Oc2cc(I)c(O)c(I)c2)c(I)c1)C(=O)[O-].O.[Na+],,CHEMBL3545058,C15H12I4NNaO5,816.87
ALISKIREN FUMARATE,,COCCCOc1cc(C[C@@H](C[C@H](N)[C@@H](O)C[C@H](C(=O)NCC(C)(C)C(N)=O)C(C)C)C(C)C)ccc1OC.COCCCOc1cc(C[C@@H](C[C@H](N)[C@@H](O)C[C@H](C(=O)NCC(C)(C)C(N)=O)C(C)C)C(C)C)ccc1OC.O=C(O)/C=C/C(=O)O,,CHEMBL3545059,C64H110N6O16,1219.61
ERYTHROMYCIN GLUCEPTATE,,CC[C@H]1OC(=O)[C@H](C)[C@@H](O[C@H]2C[C@@](C)(OC)[C@@H](O)[C@H](C)O2)[C@H](C)[C@@H](O[C@@H]2O[C@H](C)C[C@H](N(C)C)[C@H]2O)[C@](C)(O)C[C@@H](C)C(=O)[C@H](C)[C@@H](O)[C@]1(C)O.O=C(O)[C@H](O)[C@H](O)[C@@H](O)[C@H](O)[C@H](O)CO,,CHEMBL3545060,C44H81NO21,960.12
VELPATASVIR,,COC[C@H]1C[C@@H](c2nc(-c3ccc4c(c3)COc3cc5c(ccc6nc([C@@H]7CC[C@H](C)N7C(=O)[C@@H](NC(=O)OC)C(C)C)[nH]c65)cc3-4)c[nH]2)N(C(=O)[C@H](NC(=O)OC)c2ccccc2)C1,,CHEMBL3545062,C49H54N8O8,883.02
OSIMERTINIB MESYLATE,,C=CC(=O)Nc1cc(Nc2nccc(-c3cn(C)c4ccccc34)n2)c(OC)cc1N(C)CCN(C)C.CS(=O)(=O)O,,CHEMBL3545063,C29H37N7O5S,595.73
COPANLISIB HYDROCHLORIDE,,COc1c(OCCCN2CCOCC2)ccc2c1N=C(NC(=O)c1cnc(N)nc1)N1CCN=C21.Cl.Cl,,CHEMBL3545068,C23H30Cl2N8O4,553.45
RIBOCICLIB,,CN(C)C(=O)c1cc2cnc(Nc3ccc(N4CCNCC4)cn3)nc2n1C1CCCC1,,CHEMBL3545110,C23H30N8O,434.55
PIBRENTASVIR,,COC(=O)N[C@H](C(=O)N1CCC[C@H]1c1nc2cc([C@H]3CC[C@H](c4cc5nc([C@@H]6CCCN6C(=O)[C@@H](NC(=O)OC)[C@@H](C)OC)[nH]c5cc4F)N3c3cc(F)c(N4CCC(c5ccc(F)cc5)CC4)c(F)c3)c(F)cc2[nH]1)[C@@H](C)OC,,CHEMBL3545123,C57H65F5N10O8,1113.20
TIOTROPIUM BROMIDE,,C[N+]1(C)[C@@H]2C[C@@H](OC(=O)C(O)(c3cccs3)c3cccs3)C[C@H]1[C@@H]1O[C@@H]12.O.[Br-],,CHEMBL3545181,C19H24BrNO5S2,490.44
ETELCALCETIDE HYDROCHLORIDE,,CC(=O)N[C@H](CSSC[C@H](N)C(=O)O)C(=O)N[C@H](C)C(=O)N[C@H](CCCNC(=N)N)C(=O)N[C@H](CCCNC(=N)N)C(=O)N[C@H](CCCNC(=N)N)C(=O)N[C@H](C)C(=O)N[C@H](CCCNC(=N)N)C(N)=O.Cl,,CHEMBL3545183,C38H74ClN21O10S2,1084.73
ETELCALCETIDE,,CC(=O)N[C@H](CSSC[C@H](N)C(=O)O)C(=O)N[C@H](C)C(=O)N[C@H](CCCNC(=N)N)C(=O)N[C@H](CCCNC(=N)N)C(=O)N[C@H](CCCNC(=N)N)C(=O)N[C@H](C)C(=O)N[C@H](CCCNC(=N)N)C(N)=O,,CHEMBL3545184,C38H73N21O10S2,1048.27
SELINEXOR,,O=C(/C=C\n1cnc(-c2cc(C(F)(F)F)cc(C(F)(F)F)c2)n1)NNc1cnccn1,,CHEMBL3545185,C17H11F6N7O,443.31
DOCETAXEL,,CC(=O)O[C@@]12CO[C@@H]1C[C@H](O)[C@@]1(C)C(=O)[C@H](O)C3=C(C)[C@@H](OC(=O)[C@H](O)[C@@H](NC(=O)OC(C)(C)C)c4ccccc4)C[C@@](O)([C@@H](OC(=O)c4ccccc4)[C@H]21)C3(C)C.O.O.O,,CHEMBL3545252,C43H59NO17,861.94
FLORTAUCIPIR F 18,,[18F]c1ccc(-c2ccc3c(c2)[nH]c2ccncc23)cn1,,CHEMBL3545253,C16H10FN3,262.28
LEFAMULIN ACETATE,,C=C[C@]1(C)C[C@@H](OC(=O)CS[C@@H]2CC[C@@H](N)C[C@H]2O)[C@]2(C)[C@H](C)CC[C@]3(CCC(=O)[C@H]32)[C@@H](C)[C@@H]1O.CC(=O)O,,CHEMBL3545309,C30H49NO7S,567.79
BRIGATINIB,,COc1cc(N2CCC(N3CCN(C)CC3)CC2)ccc1Nc1ncc(Cl)c(Nc2ccccc2P(C)(C)=O)n1,,CHEMBL3545311,C29H39ClN7O2P,584.11
BEMPEDOIC ACID,,CC(C)(CCCCCC(O)CCCCCC(C)(C)C(=O)O)C(=O)O,,CHEMBL3545313,C19H36O5,344.49
GLECAPREVIR,,CC(C)(C)[C@@H]1NC(=O)O[C@@H]2CCC[C@H]2OC/C=C/C(F)(F)c2nc3ccccc3nc2O[C@@H]2C[C@@H](C(=O)N[C@]3(C(=O)NS(=O)(=O)C4(C)CC4)C[C@H]3C(F)F)N(C2)C1=O,,CHEMBL3545363,C38H46F4N6O9S,838.88
LEMBOREXANT,,Cc1ncc(OC[C@@]2(c3cccc(F)c3)C[C@H]2C(=O)Nc2ccc(F)cn2)c(C)n1,,CHEMBL3545367,C22H20F2N4O2,410.42
PANOBINOSTAT LACTATE,,CC(O)C(=O)O.Cc1[nH]c2ccccc2c1CCNCc1ccc(/C=C/C(=O)NO)cc1,,CHEMBL3545368,C24H29N3O5,439.51
ERDAFITINIB,,COc1cc(OC)cc(N(CCNC(C)C)c2ccc3ncc(-c4cnn(C)c4)nc3c2)c1,,CHEMBL3545376,C25H30N6O2,446.56
IXAZOMIB CITRATE,,CC(C)C[C@H](NC(=O)CNC(=O)c1cc(Cl)ccc1Cl)B1OC(=O)C(CC(=O)O)(CC(=O)O)O1,,CHEMBL3545432,C20H23BCl2N2O9,517.13
BENZPHETAMINE,,C[C@@H](Cc1ccccc1)N(C)Cc1ccccc1,,CHEMBL3545985,C17H21N,239.36
FLORTAUCIPIR,,Fc1ccc(-c2ccc3c(c2)[nH]c2ccncc23)cn1,,CHEMBL3546271,C16H10FN3,263.28
FLUORODOPA,,N[C@@H](Cc1cc(O)c(O)cc1F)C(=O)O,,CHEMBL3547132,C9H10FNO4,215.18
TRIMETAZIDINE DIHYDROCHLORIDE,,COc1ccc(CN2CCNCC2)c(OC)c1OC.Cl.Cl,,CHEMBL3561076,C14H24Cl2N2O3,339.26
GOZETOTIDE,,O=C(O)CCc1ccc(O)c(CN(CCN(CC(=O)O)Cc2cc(CCC(=O)NCCCCCC(=O)NCCCC[C@H](NC(=O)N[C@@H](CCC(=O)O)C(=O)O)C(=O)O)ccc2O)CC(=O)O)c1,,CHEMBL3578202,C44H62N6O17,947.00
CLASCOTERONE,,CCC(=O)O[C@]1(C(=O)CO)CC[C@H]2[C@@H]3CCC4=CC(=O)CC[C@]4(C)[C@H]3CC[C@@]21C,,CHEMBL3590187,C24H34O5,402.53
FEZOLINETANT,,Cc1nsc(-c2nnc3n2CCN(C(=O)c2ccc(F)cc2)[C@@H]3C)n1,,CHEMBL3608680,C16H15FN6OS,358.40
UPADACITINIB,,CC[C@@H]1CN(C(=O)NCC(F)(F)F)C[C@@H]1c1cnc2cnc3[nH]ccc3n12,,CHEMBL3622821,C17H19F3N6O,380.37
LENIOLISIB,,CCC(=O)N1CC[C@H](Nc2ncnc3c2CN(c2cnc(OC)c(C(F)(F)F)c2)CC3)C1,,CHEMBL3643413,C21H25F3N6O2,450.47
VADADUSTAT,,O=C(O)CNC(=O)c1ncc(-c2cccc(Cl)c2)cc1O,,CHEMBL3646221,C14H11ClN2O4,306.71
ABROCITINIB,,CCCS(=O)(=O)N[C@H]1C[C@@H](N(C)c2ncnc3[nH]ccc23)C1,,CHEMBL3655081,C14H21N5O2S,323.42
LINZAGOLIX,,COc1cc(F)c(-n2c(=O)[nH]c3csc(C(=O)O)c3c2=O)cc1OCc1c(OC)ccc(F)c1F,,CHEMBL3668014,C22H15F3N2O7S,508.43
FUTIBATINIB,,C=CC(=O)N1CC[C@H](n2nc(C#Cc3cc(OC)cc(OC)c3)c3c(N)ncnc32)C1,,CHEMBL3701238,C22H22N6O3,418.46
QUINIDINE SULFATE,,C=C[C@H]1CN2CC[C@H]1C[C@@H]2[C@@H](O)c1ccnc2ccc(OC)cc12.C=C[C@H]1CN2CC[C@H]1C[C@@H]2[C@@H](O)c1ccnc2ccc(OC)cc12.O.O.O=S(=O)(O)O,,CHEMBL3707183,C40H54N4O10S,782.96
SOFPIRONIUM BROMIDE,,CCOC(=O)C[N+]1(C)CC[C@@H](OC(=O)[C@](O)(c2ccccc2)C2CCCC2)C1.[Br-],,CHEMBL3707223,C22H32BrNO5,470.40
SOFPIRONIUM,,CCOC(=O)C[N+]1(C)CC[C@@H](OC(=O)[C@](O)(c2ccccc2)C2CCCC2)C1,,CHEMBL3707224,C22H32NO5+,390.50
GLYCOPYRRONIUM TOSYLATE,,C[N+]1(C)CCC(OC(=O)C(O)(c2ccccc2)C2CCCC2)C1.Cc1ccc(S(=O)(=O)[O-])cc1.O,,CHEMBL3707243,C26H37NO7S,507.65
OZANIMOD HYDROCHLORIDE,,CC(C)Oc1ccc(-c2nc(-c3cccc4c3CC[C@@H]4NCCO)no2)cc1C#N.Cl,,CHEMBL3707246,C23H25ClN4O3,440.93
OZANIMOD,,CC(C)Oc1ccc(-c2nc(-c3cccc4c3CC[C@@H]4NCCO)no2)cc1C#N,,CHEMBL3707247,C23H24N4O3,404.47
VALBENAZINE TOSYLATE,,COc1cc2c(cc1OC)[C@H]1C[C@@H](OC(=O)[C@@H](N)C(C)C)[C@H](CC(C)C)CN1CC2.Cc1ccc(S(=O)(=O)O)cc1.Cc1ccc(S(=O)(=O)O)cc1,,CHEMBL3707248,C38H54N2O10S2,762.99
RIBOCICLIB SUCCINATE,,CN(C)C(=O)c1cc2cnc(Nc3ccc(N4CCNCC4)cn3)nc2n1C1CCCC1.O=C(O)CCC(=O)O,,CHEMBL3707266,C27H36N8O5,552.64
SOMAPACITAN,,C=C(CCCCCCCCCCCCCCCc1nnn[nH]1)NS(=O)(=O)CCCC(=O)NCCOCCOCC(=O)N[C@@H](CCC(=O)N[C@@H](CCC(=O)NCCOCCOCC(=O)N[C@@H](CCCCNC(=O)CSC[C@H](N)C(=O)O)C(N)=O)C(=O)O)C(=O)O,,CHEMBL3707290,C55H97N13O19S2,1308.59
STRONTIUM RANELATE,,N#Cc1c(N(CC(=O)[O-])CC(=O)[O-])sc(C(=O)[O-])c1CC(=O)[O-].[Sr+2].[Sr+2],,CHEMBL3707306,C12H6N2O8SSr2,513.49
LOTILANER,,Cc1cc(C2=NO[C@@](c3cc(Cl)c(Cl)c(Cl)c3)(C(F)(F)F)C2)sc1C(=O)NCC(=O)NCC(F)(F)F,,CHEMBL3707310,C20H14Cl3F6N3O3S,596.76
TRIFAROTENE,,CC(C)(C)c1cc(-c2cc(-c3ccc(C(=O)O)cc3)ccc2OCCO)ccc1N1CCCC1,,CHEMBL3707313,C29H33NO4,459.59
ALECTINIB HYDROCHLORIDE,,CCc1cc2c(cc1N1CCC(N3CCOCC3)CC1)C(C)(C)c1[nH]c3cc(C#N)ccc3c1C2=O.Cl,,CHEMBL3707320,C30H35ClN4O2,519.09
ROLAPITANT HYDROCHLORIDE,,C[C@@H](OC[C@@]1(c2ccccc2)CC[C@]2(CCC(=O)N2)CN1)c1cc(C(F)(F)F)cc(C(F)(F)F)c1.Cl.O,,CHEMBL3707330,C25H29ClF6N2O3,554.96
ROLAPITANT,,C[C@@H](OC[C@@]1(c2ccccc2)CC[C@]2(CCC(=O)N2)CN1)c1cc(C(F)(F)F)cc(C(F)(F)F)c1,,CHEMBL3707331,C25H26F6N2O2,500.48
ACALABRUTINIB,,CC#CC(=O)N1CCC[C@H]1c1nc(-c2ccc(C(=O)Nc3ccccn3)cc2)c2c(N)nccn12,,CHEMBL3707348,C26H23N7O2,465.52
VOXILAPREVIR,,CC[C@@H]1[C@@H]2CN(C(=O)[C@H](C(C)(C)C)NC(=O)O[C@@H]3C[C@H]3CCCCC(F)(F)c3nc4ccc(OC)cc4nc3O2)[C@@H]1C(=O)N[C@]1(C(=O)NS(=O)(=O)C2(C)CC2)C[C@H]1C(C)C,,CHEMBL3707372,C42H58F2N6O9S,861.02
SEGESTERONE ACETATE,,C=C1C[C@H]2[C@@H]3CCC4=CC(=O)CC[C@@H]4[C@H]3CC[C@]2(C)[C@@]1(OC(C)=O)C(C)=O,,CHEMBL3707377,C23H30O4,370.49
OSILODROSTAT PHOSPHATE,,N#Cc1ccc([C@H]2CCc3cncn32)c(F)c1.O=P(O)(O)O,,CHEMBL3707393,C13H13FN3O4P,325.24
ELAFIBRANOR,,CSc1ccc(C(=O)/C=C/c2cc(C)c(OC(C)(C)C(=O)O)c(C)c2)cc1,,CHEMBL3707395,C22H24O4S,384.50
GEFAPIXANT,,COc1cc(C(C)C)c(Oc2cnc(N)nc2N)cc1S(N)(=O)=O,,CHEMBL3716057,C14H19N5O4S,353.40
OLMUTINIB,,C=CC(=O)Nc1cccc(Oc2nc(Nc3ccc(N4CCN(C)CC4)cc3)nc3ccsc23)c1,,CHEMBL3786343,C26H26N6O2S,486.60
PEXIDARTINIB,,FC(F)(F)c1ccc(CNc2ccc(Cc3c[nH]c4ncc(Cl)cc34)cn2)cn1,,CHEMBL3813873,C20H15ClF3N5,417.82
BARBEXACLONE,,CCC1(c2ccccc2)C(=O)NC(=O)NC1=O.CNC(C)CC1CCCCC1,,CHEMBL3833301,C22H33N3O3,387.52
DEXTROMORAMIDE TARTRATE,,C[C@@H](CC(C(=O)N1CCCC1)(c1ccccc1)c1ccccc1)N1CCOCC1.O=C(O)C(O)C(O)C(=O)O,,CHEMBL3833311,C29H38N2O8,542.63
ALUMINUM CHLORIDE,,O.O.O.O.O.O.[Al+3].[Cl-].[Cl-].[Cl-],,CHEMBL3833314,H12AlCl3O6,241.43
REVEFENACIN,,CN(CCN1CCC(OC(=O)Nc2ccccc2-c2ccccc2)CC1)C(=O)c1ccc(CN2CCC(C(N)=O)CC2)cc1,,CHEMBL3833319,C35H43N5O4,597.76
CHLORAL BETAINE,,C[N+](C)(C)CC(=O)[O-].OC(O)C(Cl)(Cl)Cl,,CHEMBL3833335,C7H14Cl3NO4,282.55
AZTREONAM LYSINE,,C[C@H]1[C@H](NC(=O)/C(=N\OC(C)(C)C(=O)O)c2csc(N)n2)C(=O)N1S(=O)(=O)O.NCCCC[C@H](N)C(=O)O,,CHEMBL3833340,C19H31N7O10S2,581.63
MAGALDRATE,,O.O=S(=O)([O-])[O-].O=S(=O)([O-])[O-].[Al+3].[Al+3].[Al+3].[Al+3].[Al+3].[Mg+2].[Mg+2].[Mg+2].[Mg+2].[Mg+2].[Mg+2].[Mg+2].[Mg+2].[Mg+2].[Mg+2].[OH-].[OH-].[OH-].[OH-].[OH-].[OH-].[OH-].[OH-].[OH-].[OH-].[OH-].[OH-].[OH-].[OH-].[OH-].[OH-].[OH-].[OH-].[OH-].[OH-].[OH-].[OH-].[OH-].[OH-].[OH-].[OH-].[OH-].[OH-].[OH-].[OH-].[OH-],,CHEMBL3833350,H33Al5Mg10O40S2,1115.32
HYDROTALCITE,,O.O.O.O.O=C([O-])[O-].[Al+3].[Al+3].[Mg+2].[Mg+2].[Mg+2].[Mg+2].[Mg+2].[Mg+2].[OH-].[OH-].[OH-].[OH-].[OH-].[OH-].[OH-].[OH-].[OH-].[OH-].[OH-].[OH-].[OH-].[OH-].[OH-].[OH-],,CHEMBL3833351,CH24Al2Mg6O23,603.97
PRAMLINTIDE ACETATE,,CC(=O)O.CC[C@H](C)[C@H](NC(=O)[C@@H]1CCCN1C(=O)CNC(=O)[C@H](Cc1ccccc1)NC(=O)[C@H](CC(N)=O)NC(=O)[C@H](CC(N)=O)NC(=O)[C@H](CO)NC(=O)[C@H](CO)NC(=O)[C@H](Cc1c[nH]cn1)NC(=O)[C@@H](NC(=O)[C@H](CC(C)C)NC(=O)[C@H](Cc1ccccc1)NC(=O)[C@H](CC(N)=O)NC(=O)[C@H](C)NC(=O)[C@H](CC(C)C)NC(=O)[C@H](CCCNC(=N)N)NC(=O)[C@H](CCC(N)=O)NC(=O)[C@@H](NC(=O)[C@H](C)NC(=O)[C@@H]1CSSC[C@H](NC(=O)[C@@H](N)CCCCN)C(=O)N[C@@H](CC(N)=O)C(=O)N[C@@H]([C@@H](C)O)C(=O)N[C@@H](C)C(=O)N[C@@H]([C@@H](C)O)C(=O)N1)[C@@H](C)O)C(C)C)C(=O)N[C@@H](CC(C)C)C(=O)N1CCC[C@H]1C(=O)N1CCC[C@H]1C(=O)N[C@H](C(=O)N[C@@H](CC(N)=O)C(=O)N[C@H](C(=O)NCC(=O)N[C@@H](CO)C(=O)N[C@@H](CC(N)=O)C(=O)N[C@H](C(=O)N[C@@H](Cc1ccc(O)cc1)C(N)=O)[C@@H](C)O)C(C)C)[C@@H](C)O,,CHEMBL3833353,C173H271N51O55S2,4009.51
RUCAPARIB CAMSYLATE,,CC1(C)[C@@H]2CC[C@@]1(CS(=O)(=O)O)C(=O)C2.CNCc1ccc(-c2[nH]c3cc(F)cc4c3c2CCNC4=O)cc1,,CHEMBL3833368,C29H34FN3O5S,555.67
PRAJMALIUM,,CCC[N+]12[C@H](O)[C@@H](CC)[C@@H]3C[C@H]1[C@@H]1N(C)c4ccccc4[C@]14C[C@H]2[C@@H]3[C@H]4O,,CHEMBL3833382,C23H33N2O2+,369.53
PRAJMALIUM BITARTRATE,,CCC[N+]12[C@H](O)[C@@H](CC)[C@@H]3C[C@H]1[C@@H]1N(C)c4ccccc4[C@]14C[C@H]2[C@@H]3[C@H]4O.O=C([O-])C(O)C(O)C(=O)O,,CHEMBL3833388,C27H38N2O8,518.61
DEXTROMORAMIDE,,C[C@@H](CC(C(=O)N1CCCC1)(c1ccccc1)c1ccccc1)N1CCOCC1,,CHEMBL3833389,C25H32N2O2,392.54
ALUMINUM CHLORIDE ANHYDROUS,,Cl[Al](Cl)Cl,,CHEMBL3833401,AlCl3,133.34
MAGALDRATE ANHYDROUS,,O=S(=O)([O-])[O-].O=S(=O)([O-])[O-].[Al+3].[Al+3].[Al+3].[Al+3].[Al+3].[Mg+2].[Mg+2].[Mg+2].[Mg+2].[Mg+2].[Mg+2].[Mg+2].[Mg+2].[Mg+2].[Mg+2].[OH-].[OH-].[OH-].[OH-].[OH-].[OH-].[OH-].[OH-].[OH-].[OH-].[OH-].[OH-].[OH-].[OH-].[OH-].[OH-].[OH-].[OH-].[OH-].[OH-].[OH-].[OH-].[OH-].[OH-].[OH-].[OH-].[OH-].[OH-].[OH-].[OH-].[OH-],,CHEMBL3833408,H31Al5Mg10O39S2,1097.30
HYDROTALCITE ANHYDROUS,,O=C([O-])[O-].[Al+3].[Al+3].[Mg+2].[Mg+2].[Mg+2].[Mg+2].[Mg+2].[Mg+2].[OH-].[OH-].[OH-].[OH-].[OH-].[OH-].[OH-].[OH-].[OH-].[OH-].[OH-].[OH-].[OH-].[OH-].[OH-].[OH-],,CHEMBL3833409,CH16Al2Mg6O19,531.91
LAROTRECTINIB,,O=C(Nc1cnn2ccc(N3CCC[C@@H]3c3cc(F)ccc3F)nc12)N1CC[C@H](O)C1,,CHEMBL3889654,C21H22F2N6O2,428.44
TRILACICLIB,,CN1CCN(c2ccc(Nc3ncc4cc5n(c4n3)C3(CCCCC3)CNC5=O)nc2)CC1,,CHEMBL3894860,C24H30N8O,446.56
ZANUBRUTINIB,,C=CC(=O)N1CCC([C@@H]2CCNc3c(C(N)=O)c(-c4ccc(Oc5ccccc5)cc4)nn32)CC1,,CHEMBL3936761,C27H29N5O3,471.56
ACORAMIDIS,,Cc1n[nH]c(C)c1CCCOc1cc(C(=O)O)ccc1F,,CHEMBL3940890,C15H17FN2O3,292.31
UMBRALISIB,,CC(C)Oc1ccc(-c2nn([C@@H](C)c3oc4ccc(F)cc4c(=O)c3-c3cccc(F)c3)c3ncnc(N)c23)cc1F,,CHEMBL3948730,C31H24F3N5O3,571.56
ZINC OXIDE,,[O-2].[Zn+2],,CHEMBL3988900,OZn,81.39
PAMIDRONATE DISODIUM,,NCCC(O)(P(=O)([O-])O)P(=O)([O-])O.O.O.O.O.O.[Na+].[Na+],,CHEMBL3989401,C3H19NNa2O12P2,369.11
PERAMIVIR,,CCC(CC)[C@H](NC(C)=O)[C@@H]1[C@H](O)[C@@H](C(=O)O)C[C@H]1NC(=N)N.O.O.O,,CHEMBL3989402,C15H34N4O7,382.46
ZOMEPIRAC SODIUM,,Cc1cc(CC(=O)[O-])n(C)c1C(=O)c1ccc(Cl)cc1.O.O.[Na+],,CHEMBL3989403,C15H17ClNNaO5,349.75
ENALAPRILAT,,C[C@H](N[C@@H](CCc1ccccc1)C(=O)O)C(=O)N1CCC[C@H]1C(=O)O.O.O,,CHEMBL3989406,C18H28N2O7,384.43
IBUPROFEN SODIUM,,CC(C)Cc1ccc(C(C)C(=O)[O-])cc1.O.O.[Na+],,CHEMBL3989408,C13H21NaO4,264.30
INDOMETHACIN SODIUM,,COc1ccc2c(c1)c(CC(=O)[O-])c(C)n2C(=O)c1ccc(Cl)cc1.O.O.O.[Na+],,CHEMBL3989410,C19H21ClNNaO7,433.82
ROSE BENGAL SODIUM I 131,,O=C([O-])c1c(Cl)c(Cl)c(Cl)c(Cl)c1-c1c2cc([131I])c(=O)c(I)c-2oc2c(I)c([O-])c([131I])cc12.[Na+].[Na+],,CHEMBL3989461,C20H2Cl4I4Na2O5,1025.64
THIETHYLPERAZINE MALEATE,,CCSc1ccc2c(c1)N(CCCN1CCN(C)CC1)c1ccccc1S2.O=C(O)/C=C\C(=O)O.O=C(O)/C=C\C(=O)O,,CHEMBL3989478,C30H37N3O8S2,631.77
MAGNESIUM CITRATE,,O=C([O-])CC(O)(CC(=O)[O-])C(=O)[O-].O=C([O-])CC(O)(CC(=O)[O-])C(=O)[O-].[Mg+2].[Mg+2].[Mg+2],,CHEMBL3989480,C12H10Mg3O14,451.11
EDETATE DISODIUM,,O.O.O=C([O-])CN(CCN(CC(=O)[O-])CC(=O)O)CC(=O)O.[Na+].[Na+],,CHEMBL3989507,C10H18N2Na2O10,372.24
PENTAZOCINE LACTATE,,CC(C)=CCN1CCC2(C)c3cc(O)ccc3CC1C2C.CC(O)C(=O)O,,CHEMBL3989509,C22H33NO4,375.51
PENTAZOCINE HYDROCHLORIDE,,CC(C)=CCN1CCC2(C)c3cc(O)ccc3CC1C2C.Cl,,CHEMBL3989510,C19H28ClNO,321.89
IOBENGUANE SULFATE I 131,,N=C(N)NCc1cccc([131I])c1.N=C(N)NCc1cccc([131I])c1.O=S(=O)(O)O,,CHEMBL3989511,C16H22I2N6O4S,656.27
IRINOTECAN HYDROCHLORIDE,,CCc1c2c(nc3ccc(OC(=O)N4CCC(N5CCCCC5)CC4)cc13)-c1cc3c(c(=O)n1C2)COC(=O)[C@]3(O)CC.Cl.O.O.O,,CHEMBL3989514,C33H45ClN4O9,677.19
PENICILLIN G BENZATHINE,,CC1(C)S[C@@H]2[C@H](NC(=O)Cc3ccccc3)C(=O)N2[C@H]1C(=O)O.CC1(C)S[C@@H]2[C@H](NC(=O)Cc3ccccc3)C(=O)N2[C@H]1C(=O)O.O.O.O.O.c1ccc(CNCCNCc2ccccc2)cc1,,CHEMBL3989515,C48H64N6O12S2,981.20
FOSTAMATINIB DISODIUM,,COc1cc(Nc2ncc(F)c(Nc3ccc4c(n3)N(COP(=O)([O-])[O-])C(=O)C(C)(C)O4)n2)cc(OC)c1OC.O.O.O.O.O.O.[Na+].[Na+],,CHEMBL3989516,C23H36FN6Na2O15P,732.52
IOFLUPANE I 123,,COC(=O)[C@H]1[C@@H](c2ccc([123I])cc2)C[C@@H]2CC[C@H]1N2CCCF,,CHEMBL3989517,C18H23FINO2,427.29
DOXAPRAM HYDROCHLORIDE,,CCN1CC(CCN2CCOCC2)C(c2ccccc2)(c2ccccc2)C1=O.Cl.O,,CHEMBL3989519,C24H33ClN2O3,432.99
HISTAMINE PHOSPHATE,,NCCc1c[nH]cn1.O=P(O)(O)O.O=P(O)(O)O,,CHEMBL3989520,C5H15N3O8P2,307.14
ISOPROTERENOL SULFATE,,CC(C)NCC(O)c1ccc(O)c(O)c1.CC(C)NCC(O)c1ccc(O)c(O)c1.O.O.O=S(=O)(O)O,,CHEMBL3989521,C22H40N2O12S,556.63
EDETATE CALCIUM DISODIUM MONOHYDRATE,,O.O=C([O-])CN(CCN(CC(=O)[O-])CC(=O)[O-])CC(=O)[O-].[Ca+2].[Na+].[Na+],,CHEMBL3989522,C10H14CaN2Na2O9,392.29
IOBENGUANE SULFATE I 123,,N=C(N)NCc1cccc([123I])c1.N=C(N)NCc1cccc([123I])c1.O=S(=O)(O)O,,CHEMBL3989523,C16H22I2N6O4S,640.27
ETHANOLAMINE OLEATE,,CCCCCCCC/C=C\CCCCCCCC(=O)O.NCCO,,CHEMBL3989529,C20H41NO3,343.55
VINDESINE SULFATE,,CC[C@]1(O)C[C@@H]2CN(CCc3c([nH]c4ccccc34)[C@@](C(=O)OC)(c3cc4c(cc3OC)N(C)[C@H]3[C@@](O)(C(N)=O)[C@H](O)[C@]5(CC)C=CCN6CC[C@]43[C@@H]65)C2)C1.O=S(=O)(O)O,,CHEMBL3989543,C43H57N5O11S,852.02
LINCOMYCIN HYDROCHLORIDE,,CCC[C@@H]1C[C@@H](C(=O)N[C@@H]([C@H]2O[C@H](SC)[C@H](O)[C@@H](O)[C@H]2O)[C@@H](C)O)N(C)C1.Cl.O,,CHEMBL3989551,C18H37ClN2O7S,461.02
MECLIZINE HYDROCHLORIDE,,Cc1cccc(CN2CCN(C(c3ccccc3)c3ccc(Cl)cc3)CC2)c1.Cl.Cl.O,,CHEMBL3989555,C25H31Cl3N2O,481.90
REMOXIPRIDE HYDROCHLORIDE,,CCN1CCC[C@H]1CNC(=O)c1c(OC)ccc(Br)c1OC.Cl.O,,CHEMBL3989556,C16H26BrClN2O4,425.75
PANTOPRAZOLE SODIUM,,COc1ccnc(C[S+]([O-])c2nc3cc(OC(F)F)ccc3[n-]2)c1OC.O.[Na+],,CHEMBL3989559,C16H16F2N3NaO5S,423.37
TERAZOSIN HYDROCHLORIDE,,COc1cc2nc(N3CCN(C(=O)C4CCCO4)CC3)nc(N)c2cc1OC.Cl.O.O,,CHEMBL3989562,C19H30ClN5O6,459.93
TOBRAMYCIN SULFATE,,NC[C@H]1O[C@H](O[C@H]2[C@H](O)[C@@H](O[C@H]3O[C@H](CO)[C@@H](O)[C@H](N)[C@H]3O)[C@H](N)C[C@@H]2N)[C@H](N)C[C@@H]1O.NC[C@H]1O[C@H](O[C@H]2[C@H](O)[C@@H](O[C@H]3O[C@H](CO)[C@@H](O)[C@H](N)[C@H]3O)[C@H](N)C[C@@H]2N)[C@H](N)C[C@@H]1O.O=S(=O)(O)O.O=S(=O)(O)O.O=S(=O)(O)O.O=S(=O)(O)O.O=S(=O)(O)O,,CHEMBL3989564,C36H84N10O38S5,1425.44
METOPROLOL FUMARATE,,COCCc1ccc(OCC(O)CNC(C)C)cc1.COCCc1ccc(OCC(O)CNC(C)C)cc1.O=C(O)/C=C/C(=O)O,,CHEMBL3989566,C34H54N2O10,650.81
OXACILLIN SODIUM,,Cc1onc(-c2ccccc2)c1C(=O)N[C@@H]1C(=O)N2[C@@H]1SC(C)(C)[C@@H]2C(=O)[O-].O.[Na+],,CHEMBL3989567,C19H20N3NaO6S,441.44
OXYTETRACYCLINE CALCIUM,,CN(C)[C@@H]1C([O-])=C(C(N)=O)C(=O)[C@@]2(O)C(O)=C3C(=O)c4c(O)cccc4[C@@](C)(O)[C@H]3[C@H](O)[C@@H]12.CN(C)[C@@H]1C([O-])=C(C(N)=O)C(=O)[C@@]2(O)C(O)=C3C(=O)c4c(O)cccc4[C@@](C)(O)[C@H]3[C@H](O)[C@@H]12.[Ca+2],,CHEMBL3989568,C44H46CaN4O18,958.94
IBANDRONATE SODIUM,,CCCCCN(C)CCC(O)(P(=O)([O-])O)P(=O)(O)O.O.[Na+],,CHEMBL3989569,C9H24NNaO8P2,359.23
SPECTINOMYCIN HYDROCHLORIDE,,CN[C@@H]1[C@H](O)[C@H](NC)[C@H]2O[C@@]3(O)C(=O)C[C@@H](C)O[C@H]3O[C@@H]2[C@H]1O.Cl.Cl.O.O.O.O.O,,CHEMBL3989571,C14H36Cl2N2O12,495.35
OXYPHENBUTAZONE,,CCCCC1C(=O)N(c2ccccc2)N(c2ccc(O)cc2)C1=O.O,,CHEMBL3989676,C19H22N2O4,342.40
HYDROCODONE BITARTRATE,,COc1ccc2c3c1O[C@H]1C(=O)CC[C@H]4[C@@H](C2)N(C)CC[C@]314.O.O.O=C(O)C(O)C(O)C(=O)O,,CHEMBL3989677,C22H31NO11,485.49
PIPERAZINE CITRATE,,C1CNCCN1.C1CNCCN1.C1CNCCN1.O.O=C(O)CC(O)(CC(=O)O)C(=O)O.O=C(O)CC(O)(CC(=O)O)C(=O)O,,CHEMBL3989678,C24H48N6O15,660.67
ELTROMBOPAG OLAMINE,,CC1=NN(c2ccc(C)c(C)c2)C(=O)/C1=N\Nc1cccc(-c2cccc(C(=O)O)c2)c1O.NCCO.NCCO,,CHEMBL3989691,C29H36N6O6,564.64
LEVALBUTEROL TARTRATE,,CC(C)(C)NC[C@H](O)c1ccc(O)c(CO)c1.CC(C)(C)NC[C@H](O)c1ccc(O)c(CO)c1.O=C(O)C(O)C(O)C(=O)O,,CHEMBL3989693,C30H48N2O12,628.72
OLANZAPINE PAMOATE,,Cc1cc2c(s1)Nc1ccccc1N=C2N1CCN(C)CC1.O.O=C(O)c1cc2ccccc2c(Cc2c(O)c(C(=O)O)cc3ccccc23)c1O,,CHEMBL3989694,C40H38N4O7S,718.83
REGADENOSON,,CNC(=O)c1cnn(-c2nc(N)c3ncn([C@@H]4O[C@H](CO)[C@@H](O)[C@H]4O)c3n2)c1.O,,CHEMBL3989695,C15H20N8O6,408.38
RIBOFLAVIN 5'-PHOSPHATE SODIUM,,Cc1cc2nc3c(=O)[nH]c(=O)nc-3n(C[C@H](O)[C@H](O)[C@H](O)COP(=O)([O-])O)c2cc1C.O.O.[Na+],,CHEMBL3989697,C17H24N4NaO11P,514.36
TRANYLCYPROMINE SULFATE,,N[C@@H]1C[C@H]1c1ccccc1.N[C@H]1C[C@@H]1c1ccccc1.O=S(=O)(O)O,,CHEMBL3989698,C18H24N2O4S,364.47
MUPIROCIN CALCIUM,,C/C(=C\C(=O)OCCCCCCCCC(=O)[O-])C[C@@H]1OC[C@H](C[C@@H]2O[C@H]2[C@@H](C)[C@H](C)O)[C@@H](O)[C@H]1O.C/C(=C\C(=O)OCCCCCCCCC(=O)[O-])C[C@@H]1OC[C@H](C[C@@H]2O[C@H]2[C@@H](C)[C@H](C)O)[C@@H](O)[C@H]1O.O.O.[Ca+2],,CHEMBL3989715,C52H90CaO20,1075.35
PROPOXYPHENE NAPSYLATE,,CCC(=O)O[C@](Cc1ccccc1)(c1ccccc1)[C@H](C)CN(C)C.O.O=S(=O)(O)c1ccc2ccccc2c1,,CHEMBL3989716,C32H39NO6S,565.73
FLURAZEPAM HYDROCHLORIDE,,CCN(CC)CCN1C(=O)CN=C(c2ccccc2F)c2cc(Cl)ccc21.Cl.Cl,,CHEMBL3989724,C21H25Cl3FN3O,460.81
LODOXAMIDE TROMETHAMINE,,N#Cc1cc(NC(=O)C(=O)O)c(Cl)c(NC(=O)C(=O)O)c1.NC(CO)(CO)CO.NC(CO)(CO)CO,,CHEMBL3989725,C19H28ClN5O12,553.91
MENADIOL SODIUM DIPHOSPHATE,,Cc1cc(OP(=O)([O-])[O-])c2ccccc2c1OP(=O)([O-])[O-].O.O.O.O.O.O.[Na+].[Na+].[Na+].[Na+],,CHEMBL3989728,C11H20Na4O14P2,530.18
DOXYCYCLINE HYCLATE,,CCO.C[C@H]1c2cccc(O)c2C(=O)C2=C(O)[C@]3(O)C(=O)C(C(N)=O)=C(O)[C@@H](N(C)C)[C@@H]3[C@@H](O)[C@@H]21.C[C@H]1c2cccc(O)c2C(=O)C2=C(O)[C@]3(O)C(=O)C(C(N)=O)=C(O)[C@@H](N(C)C)[C@@H]3[C@@H](O)[C@@H]21.Cl.Cl.O,,CHEMBL3989740,C46H58Cl2N4O18,1025.89
GLUCOSAMINE SULFATE,,N[C@H]1C(O)O[C@H](CO)[C@@H](O)[C@@H]1O.N[C@H]1C(O)O[C@H](CO)[C@@H](O)[C@@H]1O.O=S(=O)(O)O,,CHEMBL3989750,C12H28N2O14S,456.42
FLURBIPROFEN SODIUM,,CC(C(=O)[O-])c1ccc(-c2ccccc2)c(F)c1.O.O.[Na+],,CHEMBL3989754,C15H16FNaO4,302.28
TALC,,O.O=[Mg].O=[Mg].O=[Mg].O=[Si]=O.O=[Si]=O.O=[Si]=O.O=[Si]=O,,CHEMBL3989756,H2Mg3O12Si4,379.26
ORITAVANCIN DIPHOSPHATE,,CN[C@H](CC(C)C)C(=O)N[C@H]1C(=O)N[C@@H](CC(N)=O)C(=O)N[C@H]2C(=O)N[C@H]3C(=O)N[C@H](C(=O)N[C@H](C(=O)O)c4cc(O)cc(O)c4-c4cc3ccc4O)[C@H](O[C@H]3C[C@](C)(N)[C@@H](O)[C@H](C)O3)c3ccc(c(Cl)c3)Oc3cc2cc(c3O[C@@H]2O[C@H](CO)[C@@H](O)[C@H](O)[C@H]2O[C@H]2C[C@](C)(NCc3ccc(-c4ccc(Cl)cc4)cc3)[C@@H](O)[C@H](C)O2)Oc2ccc(cc2Cl)[C@H]1O.O=P(O)(O)O.O=P(O)(O)O,,CHEMBL3989766,C86H103Cl3N10O34P2,1989.11
CALCITONIN SALMON,,CC(C)C[C@H](NC(=O)[C@H](CCCCN)NC(=O)CNC(=O)[C@H](CC(C)C)NC(=O)[C@@H](NC(=O)[C@@H]1CSSC[C@H](N)C(=O)N[C@@H](CO)C(=O)N[C@@H](CC(N)=O)C(=O)N[C@@H](CC(C)C)C(=O)N[C@@H](CO)C(=O)N[C@@H]([C@@H](C)O)C(=O)N1)C(C)C)C(=O)N[C@@H](CO)C(=O)N[C@@H](CCC(N)=O)C(=O)N[C@@H](CCC(=O)O)C(=O)N[C@@H](CC(C)C)C(=O)N[C@@H](Cc1c[nH]cn1)C(=O)N[C@@H](CCCCN)C(=O)N[C@@H](CC(C)C)C(=O)N[C@@H](CCC(N)=O)C(=O)N[C@H](C(=O)N[C@@H](Cc1ccc(O)cc1)C(=O)N1CCC[C@H]1C(=O)N[C@@H](CCCNC(=N)N)C(=O)N[C@H](C(=O)N[C@@H](CC(N)=O)C(=O)N[C@H](C(=O)NCC(=O)N[C@@H](CO)C(=O)NCC(=O)N[C@H](C(=O)N1CCC[C@H]1C(N)=O)[C@@H](C)O)[C@@H](C)O)[C@@H](C)O)[C@@H](C)O,,CHEMBL3989767,C145H240N44O48S2,3431.91
LEVORPHANOL TARTRATE,,CN1CC[C@]23CCCC[C@H]2[C@H]1Cc1ccc(O)cc13.O.O.O=C(O)C(O)C(O)C(=O)O,,CHEMBL3989768,C21H33NO9,443.49
TRIENTINE HYDROCHLORIDE,,Cl.Cl.NCCNCCNCCN,,CHEMBL3989777,C6H20Cl2N4,219.16
FORMOTEROL FUMARATE,,COc1ccc(CC(C)NCC(O)c2ccc(O)c(NC=O)c2)cc1.COc1ccc(CC(C)NCC(O)c2ccc(O)c(NC=O)c2)cc1.O.O.O=C(O)/C=C/C(=O)O,,CHEMBL3989798,C42H56N4O14,840.92
DIPYRONE,,Cc1c(N(C)CS(=O)(=O)[O-])c(=O)n(-c2ccccc2)n1C.O.[Na+],,CHEMBL3989803,C13H18N3NaO5S,351.36
IODIPAMIDE MEGLUMINE,,CNC[C@H](O)[C@@H](O)[C@H](O)[C@H](O)CO.CNC[C@H](O)[C@@H](O)[C@H](O)[C@H](O)CO.O=C(CCCCC(=O)Nc1c(I)cc(I)c(C(=O)O)c1I)Nc1c(I)cc(I)c(C(=O)O)c1I,,CHEMBL3989806,C34H48I6N4O16,1530.19
ZOLPIDEM TARTRATE,,Cc1ccc(-c2nc3ccc(C)cn3c2CC(=O)N(C)C)cc1.Cc1ccc(-c2nc3ccc(C)cn3c2CC(=O)N(C)C)cc1.O=C(O)C(O)C(O)C(=O)O,,CHEMBL3989820,C42H48N6O8,764.88
TUBOCURARINE CHLORIDE,,COc1cc2c3cc1Oc1cc(ccc1O)C[C@@H]1c4c(cc(OC)c(O)c4Oc4ccc(cc4)C[C@@H]3N(C)CC2)CC[N+]1(C)C.Cl.O.O.O.O.O.[Cl-],,CHEMBL3989821,C37H52Cl2N2O11,771.73
POTASSIUM CITRATE,,O.O=C([O-])CC(O)(CC(=O)[O-])C(=O)[O-].[K+].[K+].[K+],,CHEMBL3989822,C6H7K3O8,324.41
VIOMYCIN SULFATE,,NCCC[C@H](N)CC(=O)N[C@H]1CNC(=O)[C@H]([C@H]2C[C@H](O)NC(N)=N2)NC(=O)/C(=C/NC(N)=O)NC(=O)[C@H](CO)NC(=O)[C@H](CO)NC1=O.O=S(=O)(O)O,,CHEMBL3989823,C25H45N13O14S,783.78
THIOTHIXENE HYDROCHLORIDE,,CN1CCN(CC/C=C2/c3ccccc3Sc3ccc(S(=O)(=O)N(C)C)cc32)CC1.Cl.Cl.O.O,,CHEMBL3989824,C23H35Cl2N3O4S2,552.59
OXYCODONE TEREPHTHALATE,,COc1ccc2c3c1O[C@H]1C(=O)CC[C@@]4(O)[C@@H](C2)N(C)CC[C@]314.COc1ccc2c3c1O[C@H]1C(=O)CC[C@@]4(O)[C@@H](C2)N(C)CC[C@]314.O=C(O)c1ccc(C(=O)O)cc1,,CHEMBL3989826,C44H48N2O12,796.87
NETILMICIN SULFATE,,CCN[C@@H]1C[C@H](N)[C@@H](O[C@H]2OC(CN)=CC[C@H]2N)[C@H](O)[C@H]1O[C@H]1OC[C@](C)(O)[C@H](NC)[C@H]1O.CCN[C@@H]1C[C@H](N)[C@@H](O[C@H]2OC(CN)=CC[C@H]2N)[C@H](O)[C@H]1O[C@H]1OC[C@](C)(O)[C@H](NC)[C@H]1O.O=S(=O)(O)O.O=S(=O)(O)O.O=S(=O)(O)O.O=S(=O)(O)O.O=S(=O)(O)O,,CHEMBL3989829,C42H92N10O34S5,1441.57
SIBUTRAMINE HYDROCHLORIDE,,CC(C)CC(N(C)C)C1(c2ccc(Cl)cc2)CCC1.Cl.O,,CHEMBL3989830,C17H29Cl2NO,334.33
ZIPRASIDONE MESYLATE,,CS(=O)(=O)O.O.O.O.O=C1Cc2cc(CCN3CCN(c4nsc5ccccc45)CC3)c(Cl)cc2N1,,CHEMBL3989833,C22H31ClN4O7S2,563.10
TRANYLCYPROMINE,,N[C@@H]1C[C@H]1c1ccccc1.N[C@H]1C[C@@H]1c1ccccc1,,CHEMBL3989843,C18H22N2,266.39
DEXTROAMPHETAMINE SACCHARATE,,C[C@H](N)Cc1ccccc1.O=C(O)[C@@H](O)[C@@H](O)[C@H](O)[C@@H](O)C(=O)O,,CHEMBL3989844,C15H23NO8,345.35
IMIPRAMINE PAMOATE,,CN(C)CCCN1c2ccccc2CCc2ccccc21.CN(C)CCCN1c2ccccc2CCc2ccccc21.O=C(O)c1cc2ccccc2c(Cc2c(O)c(C(=O)O)cc3ccccc23)c1O,,CHEMBL3989845,C61H64N4O6,949.21
ECAMSULE,,CC1(C)C2CCC1(CS(=O)(=O)O)C(=O)C2=Cc1ccc(C=C2C(=O)C3(CS(=O)(=O)O)CCC2C3(C)C)cc1,,CHEMBL3989850,C28H34O8S2,562.71
PSEUDOEPHEDRINE SULFATE,,CN[C@@H](C)[C@@H](O)c1ccccc1.CN[C@@H](C)[C@@H](O)c1ccccc1.O=S(=O)(O)O,,CHEMBL3989855,C20H32N2O6S,428.55
SODIUM SULFATE,,O.O.O.O.O.O.O.O.O.O.O=S(=O)([O-])[O-].[Na+].[Na+],,CHEMBL3989856,H20Na2O14S,322.19
MAGNESIUM SULFATE,,O.O.O.O.O.O.O.O=S(=O)([O-])[O-].[Mg+2],,CHEMBL3989857,H14MgO11S,246.47
MAGNESIUM ACETATE TETRAHYDRATE,,CC(=O)[O-].CC(=O)[O-].O.O.O.O.[Mg+2],,CHEMBL3989858,C4H14MgO8,214.45
TOCOPHEROL ACETATE,,CC(=O)Oc1c(C)c(C)c2c(c1C)CCC(C)(CCC[C@H](C)CCC[C@H](C)CCCC(C)C)O2,,CHEMBL3989859,C31H52O3,472.75
DESVENLAFAXINE FUMARATE,,CN(C)CC(c1ccc(O)cc1)C1(O)CCCCC1.O.O=C(O)/C=C/C(=O)O,,CHEMBL3989861,C20H31NO7,397.47
BICTEGRAVIR,,O=C(NCc1c(F)cc(F)cc1F)c1cn2c(c(O)c1=O)C(=O)N1[C@H]3CC[C@H](C3)O[C@@H]1C2,,CHEMBL3989866,C21H18F3N3O5,449.39
BICTEGRAVIR SODIUM,,O=C(NCc1c(F)cc(F)cc1F)c1cn2c(c([O-])c1=O)C(=O)N1[C@H]3CC[C@H](C3)O[C@@H]1C2.[Na+],,CHEMBL3989867,C21H17F3N3NaO5,471.37
TUCATINIB,,Cc1cc(Nc2ncnc3ccc(NC4=NC(C)(C)CO4)cc23)ccc1Oc1ccn2ncnc2c1,,CHEMBL3989868,C26H24N8O2,480.53
UMBRALISIB TOSYLATE,,CC(C)Oc1ccc(-c2nn([C@@H](C)c3oc4ccc(F)cc4c(=O)c3-c3cccc(F)c3)c3ncnc(N)c23)cc1F.Cc1ccc(S(=O)(=O)O)cc1,,CHEMBL3989869,C38H32F3N5O6S,743.76
AVACOPAN,,Cc1ccc(NC(=O)[C@H]2CCCN(C(=O)c3c(C)cccc3F)[C@H]2c2ccc(NC3CCCC3)cc2)cc1C(F)(F)F,,CHEMBL3989871,C33H35F4N3O2,581.65
TRIMEPRAZINE TARTRATE,,CC(CN(C)C)CN1c2ccccc2Sc2ccccc21.CC(CN(C)C)CN1c2ccccc2Sc2ccccc21.O=C(O)C(O)C(O)C(=O)O,,CHEMBL3989885,C40H50N4O6S2,747.00
TACROLIMUS,,C=CC[C@@H]1/C=C(\C)C[C@H](C)C[C@H](OC)[C@H]2O[C@@](O)(C(=O)C(=O)N3CCCC[C@H]3C(=O)O[C@H](/C(C)=C/[C@@H]3CC[C@@H](O)[C@H](OC)C3)[C@H](C)[C@@H](O)CC1=O)[C@H](C)C[C@@H]2OC.O,,CHEMBL3989887,C44H71NO13,822.05
ENASIDENIB,,CC(C)(O)CNc1nc(Nc2ccnc(C(F)(F)F)c2)nc(-c2cccc(C(F)(F)F)n2)n1,,CHEMBL3989908,C19H17F6N7O,473.38
LENIOLISIB PHOSPHATE,,CCC(=O)N1CC[C@H](Nc2ncnc3c2CN(c2cnc(OC)c(C(F)(F)F)c2)CC3)C1.O=P(O)(O)O,,CHEMBL3989909,C21H28F3N6O6P,548.46
DIFELIKEFALIN,,CC(C)C[C@@H](NC(=O)[C@@H](Cc1ccccc1)NC(=O)[C@H](N)Cc1ccccc1)C(=O)N[C@H](CCCCN)C(=O)N1CCC(N)(C(=O)O)CC1,,CHEMBL3989915,C36H53N7O6,679.86
FOSNETUPITANT,,Cc1ccccc1-c1cc(N2CC[N+](C)(COP(=O)([O-])O)CC2)ncc1N(C)C(=O)C(C)(C)c1cc(C(F)(F)F)cc(C(F)(F)F)c1,,CHEMBL3989917,C31H35F6N4O5P,688.61
FOSNETUPITANT CHLORIDE HYDROCHLORIDE,,Cc1ccccc1-c1cc(N2CC[N+](C)(COP(=O)(O)O)CC2)ncc1N(C)C(=O)C(C)(C)c1cc(C(F)(F)F)cc(C(F)(F)F)c1.Cl.[Cl-],,CHEMBL3989919,C31H37Cl2F6N4O5P,761.53
PITAVASTATIN SODIUM,,O=C([O-])C[C@H](O)C[C@H](O)/C=C/c1c(C2CC2)nc2ccccc2c1-c1ccc(F)cc1.[Na+],,CHEMBL3989920,C25H23FNNaO4,443.45
NERATINIB MALEATE,,CCOc1cc2ncc(C#N)c(Nc3ccc(OCc4ccccn4)c(Cl)c3)c2cc1NC(=O)/C=C/CN(C)C.O=C(O)/C=C\C(=O)O,,CHEMBL3989921,C34H33ClN6O7,673.13
NIRAPARIB TOSYLATE MONOHYDRATE,,Cc1ccc(S(=O)(=O)O)cc1.NC(=O)c1cccc2cn(-c3ccc([C@@H]4CCCNC4)cc3)nc12.O,,CHEMBL3989922,C26H30N4O5S,510.62
PITAVASTATIN MAGNESIUM,,O=C([O-])C[C@H](O)C[C@H](O)/C=C/c1c(C2CC2)nc2ccccc2c1-c1ccc(F)cc1.O=C([O-])C[C@H](O)C[C@H](O)/C=C/c1c(C2CC2)nc2ccccc2c1-c1ccc(F)cc1.[Mg+2],,CHEMBL3989923,C50H46F2MgN2O8,865.22
REZAFUNGIN ACETATE,,CC(=O)[O-].CCCCCOc1ccc(-c2ccc(-c3ccc(C(=O)N[C@H]4C[C@@H](O)[C@@H](OCC[N+](C)(C)C)NC(=O)[C@@H]5[C@@H](O)[C@@H](C)CN5C(=O)[C@H]([C@@H](C)O)NC(=O)[C@H]([C@H](O)[C@@H](O)c5ccc(O)cc5)NC(=O)[C@@H]5C[C@@H](O)CN5C(=O)[C@H]([C@@H](C)O)NC4=O)cc3)cc2)cc1,,CHEMBL3989928,C65H88N8O19,1285.46
ENASIDENIB MESYLATE,,CC(C)(O)CNc1nc(Nc2ccnc(C(F)(F)F)c2)nc(-c2cccc(C(F)(F)F)n2)n1.CS(=O)(=O)O,,CHEMBL3989931,C20H21F6N7O4S,569.49
ANGIOTENSIN II ACETATE,,CC(=O)O.CC[C@H](C)[C@H](NC(=O)[C@H](Cc1ccc(O)cc1)NC(=O)[C@@H](NC(=O)[C@H](CCCNC(=N)N)NC(=O)[C@@H](N)CC(=O)O)C(C)C)C(=O)N[C@@H](Cc1cnc[nH]1)C(=O)N1CCC[C@H]1C(=O)N[C@@H](Cc1ccccc1)C(=O)O,,CHEMBL3989932,C52H75N13O14,1106.25
ETRASIMOD ARGININE,,N=C(N)NCCC[C@@H](N)C(=O)O.O=C(O)C[C@H]1CCc2c1[nH]c1ccc(OCc3ccc(C4CCCC4)c(C(F)(F)F)c3)cc21,,CHEMBL3989933,C32H40F3N5O5,631.70
CAPMATINIB HYDROCHLORIDE,,CNC(=O)c1ccc(-c2cnc3ncc(Cc4ccc5ncccc5c4)n3n2)cc1F.Cl.Cl.O,,CHEMBL3989937,C23H21Cl2FN6O2,503.37
LAROTRECTINIB SULFATE,,O=C(Nc1cnn2ccc(N3CCC[C@@H]3c3cc(F)ccc3F)nc12)N1CC[C@H](O)C1.O=S(=O)(O)O,,CHEMBL3989939,C21H24F2N6O6S,526.52
DIROXIMEL FUMARATE,,COC(=O)/C=C/C(=O)OCCN1C(=O)CCC1=O,,CHEMBL3989944,C11H13NO6,255.23
REZAFUNGIN,,CCCCCOc1ccc(-c2ccc(-c3ccc(C(=O)N[C@H]4C[C@@H](O)[C@@H](OCC[N+](C)(C)C)NC(=O)[C@@H]5[C@@H](O)[C@@H](C)CN5C(=O)[C@H]([C@@H](C)O)NC(=O)[C@H]([C@H](O)[C@@H](O)c5ccc(O)cc5)NC(=O)[C@@H]5C[C@@H](O)CN5C(=O)[C@H]([C@@H](C)O)NC4=O)cc3)cc2)cc1,,CHEMBL3989945,C63H85N8O17+,1226.41
CENOBAMATE,,NC(=O)O[C@@H](Cn1ncnn1)c1ccccc1Cl,,CHEMBL3989949,C10H10ClN5O2,267.68
IVOSIDENIB,,N#Cc1ccnc(N2C(=O)CC[C@H]2C(=O)N(c2cncc(F)c2)[C@H](C(=O)NC2CC(F)(F)C2)c2ccccc2Cl)c1,,CHEMBL3989958,C28H22ClF3N6O3,582.97
SELADELPAR LYSINE,,CCO[C@H](COc1ccc(C(F)(F)F)cc1)CSc1ccc(OCC(=O)O)c(C)c1.NCCCC[C@H](N)C(=O)O.O.O,,CHEMBL3989960,C27H41F3N2O9S,626.69
PEMETREXED TROMETHAMINE,,NC(CO)(CO)CO.NC(CO)(CO)CO.Nc1nc(=O)c2c(CCc3ccc(C(=O)N[C@@H](CCC(=O)O)C(=O)O)cc3)c[nH]c2[nH]1.O.O,,CHEMBL3989962,C28H47N7O14,705.72
PEXIDARTINIB HYDROCHLORIDE,,Cl.FC(F)(F)c1ccc(CNc2ccc(Cc3c[nH]c4ncc(Cl)cc34)cn2)cn1,,CHEMBL3989973,C20H16Cl2F3N5,454.28
CEFIDEROCOL,,CC(C)(O/N=C(\C(=O)N[C@@H]1C(=O)N2C(C(=O)[O-])=C(C[N+]3(CCNC(=O)c4ccc(O)c(O)c4Cl)CCCC3)CS[C@H]12)c1csc(N)n1)C(=O)O,,CHEMBL3989974,C30H34ClN7O10S2,752.23
OZENOXACIN,,CNc1ncc(-c2ccc3c(=O)c(C(=O)O)cn(C4CC4)c3c2C)cc1C,,CHEMBL3990047,C21H21N3O3,363.42
TALC ANHYDROUS,,O=[Mg].O=[Mg].O=[Mg].O=[Si]=O.O=[Si]=O.O=[Si]=O.O=[Si]=O,,CHEMBL3990276,Mg3O11Si4,361.25
PIPERAZINE CITRATE ANHYDROUS,,C1CNCCN1.C1CNCCN1.C1CNCCN1.O=C(O)CC(O)(CC(=O)O)C(=O)O.O=C(O)CC(O)(CC(=O)O)C(=O)O,,CHEMBL3990694,C24H46N6O14,642.66
ATOGEPANT,,C[C@@H]1[C@H](c2c(F)ccc(F)c2F)C[C@H](NC(=O)c2cnc3c(c2)C[C@@]2(C3)C(=O)Nc3ncccc32)C(=O)N1CC(F)(F)F,,CHEMBL3991065,C29H23F6N5O3,603.52
REMDESIVIR,,CCC(CC)COC(=O)[C@H](C)N[P@](=O)(OC[C@H]1O[C@@](C#N)(c2ccc3c(N)ncnn23)[C@H](O)[C@@H]1O)Oc1ccccc1,,CHEMBL4065616,C27H35N6O8P,602.59
VERICIGUAT,,COC(=O)Nc1c(N)nc(-c2nn(Cc3ccccc3F)c3ncc(F)cc23)nc1N,,CHEMBL4066936,C19H16F2N8O2,426.39
TIRABRUTINIB,,CC#CC(=O)N1CC[C@@H](n2c(=O)n(-c3ccc(Oc4ccccc4)cc3)c3c(N)ncnc32)C1,,CHEMBL4071161,C25H22N6O3,454.49
LIRAGLUTIDE,,CCCCCCCCCCCCCCCC(=O)N[C@@H](CCC(=O)NCCCC[C@H](NC(=O)[C@H](C)NC(=O)[C@H](C)NC(=O)[C@H](CCC(N)=O)NC(=O)CNC(=O)[C@H](CCC(=O)O)NC(=O)[C@H](CC(C)C)NC(=O)[C@H](Cc1ccc(O)cc1)NC(=O)[C@H](CO)NC(=O)[C@H](CO)NC(=O)[C@@H](NC(=O)[C@H](CC(=O)O)NC(=O)[C@H](CO)NC(=O)[C@@H](NC(=O)[C@H](Cc1ccccc1)NC(=O)[C@@H](NC(=O)CNC(=O)[C@H](CCC(=O)O)NC(=O)[C@H](C)NC(=O)[C@@H](N)Cc1cnc[nH]1)[C@@H](C)O)[C@@H](C)O)C(C)C)C(=O)N[C@@H](CCC(=O)O)C(=O)N[C@@H](Cc1ccccc1)C(=O)N[C@H](C(=O)N[C@@H](C)C(=O)N[C@@H](Cc1c[nH]c2ccccc12)C(=O)N[C@@H](CC(C)C)C(=O)N[C@H](C(=O)N[C@@H](CCCNC(=N)N)C(=O)NCC(=O)N[C@@H](CCCNC(=N)N)C(=O)NCC(=O)O)C(C)C)[C@@H](C)CC)C(=O)O,,CHEMBL4084119,C172H265N43O51,3751.26
RITLECITINIB,,C=CC(=O)N1C[C@H](Nc2ncnc3[nH]ccc23)CC[C@@H]1C,,CHEMBL4085457,C15H19N5O,285.35
VOXELOTOR,,CC(C)n1nccc1-c1ncccc1COc1cccc(O)c1C=O,,CHEMBL4101807,C19H19N3O3,337.38
ZURANOLONE,,C[C@@]1(O)CC[C@H]2[C@H](CC[C@@H]3[C@@H]2CC[C@]2(C)[C@@H](C(=O)Cn4cc(C#N)cn4)CC[C@@H]32)C1,,CHEMBL4105630,C25H35N3O2,409.57
ENSARTINIB,,C[C@@H]1CN(C(=O)c2ccc(NC(=O)c3cc(O[C@H](C)c4c(Cl)ccc(F)c4Cl)c(N)nn3)cc2)C[C@H](C)N1,,CHEMBL4113131,C26H27Cl2FN6O3,561.45
PITOLISANT HYDROCHLORIDE,,Cl.Clc1ccc(CCCOCCCN2CCCCC2)cc1,,CHEMBL4164059,C17H27Cl2NO,332.31
BRILLIANT BLUE G,,CCOc1ccc(Nc2ccc(/C(=C3/C=C/C(=[N+](/CC)Cc4cccc(S(=O)(=O)[O-])c4)C=C3C)c3ccc(N(CC)Cc4cccc(S(=O)(=O)[O-])c4)cc3C)cc2)cc1.[Na+],,CHEMBL4173394,C47H48N3NaO7S2,854.04
AVAPRITINIB,,Cn1cc(-c2cc3c(N4CCN(c5ncc([C@@](C)(N)c6ccc(F)cc6)cn5)CC4)ncnn3c2)cn1,,CHEMBL4204794,C26H27FN10,498.57
ASCIMINIB,,O=C(Nc1ccc(OC(F)(F)Cl)cc1)c1cnc(N2CC[C@@H](O)C2)c(-c2cc[nH]n2)c1,,CHEMBL4208229,C20H18ClF2N5O3,449.85
AMIKACIN SULFATE,,NCC[C@H](O)C(=O)N[C@@H]1C[C@H](N)[C@@H](O[C@H]2O[C@H](CN)[C@@H](O)[C@H](O)[C@H]2O)[C@H](O)[C@H]1O[C@H]1O[C@H](CO)[C@@H](O)[C@H](N)[C@H]1O.O=S(=O)(O)O.O=S(=O)(O)O,,CHEMBL4208954,C22H47N5O21S2,781.77
RIPRETINIB,,CCn1c(=O)c(-c2cc(NC(=O)Nc3ccccc3)c(F)cc2Br)cc2cnc(NC)cc21,,CHEMBL4216467,C24H21BrFN5O2,510.37
DANICOPAN,,CC(=O)c1nn(CC(=O)N2C[C@H](F)C[C@H]2C(=O)Nc2cccc(Br)n2)c2ccc(-c3cnc(C)nc3)cc12,,CHEMBL4250860,C26H23BrFN7O3,580.42
VORASIDENIB,,C[C@@H](Nc1nc(N[C@H](C)C(F)(F)F)nc(-c2cccc(Cl)n2)n1)C(F)(F)F,,CHEMBL4279047,C14H13ClF6N6,414.74
MILNACIPRAN HYDROCHLORIDE,,CCN(CC)C(=O)C1(c2ccccc2)CC1CN.Cl,,CHEMBL4297064,C15H23ClN2O,282.81
SPINOSAD,,CC[C@H]1CCC[C@H](O[C@H]2CC[C@H](N(C)C)[C@@H](C)O2)[C@@H](C)C(=O)C2=C[C@@H]3[C@@H](C=C(C)[C@@H]4C[C@@H](O[C@@H]5O[C@@H](C)[C@H](OC)[C@@H](OC)[C@H]5OC)C[C@@H]34)[C@@H]2CC(=O)O1.CC[C@H]1CCC[C@H](O[C@H]2CC[C@H](N(C)C)[C@@H](C)O2)[C@@H](C)C(=O)C2=C[C@H]3[C@@H]4C[C@H](O[C@@H]5O[C@@H](C)[C@H](OC)[C@@H](OC)[C@H]5OC)C[C@H]4C=C[C@H]3C2CC(=O)O1,,CHEMBL4297065,C83H132N2O20,1477.96
CHLORHEXIDINE GLUCONATE,,N=C(NCCCCCCNC(=N)NC(=N)Nc1ccc(Cl)cc1)NC(=N)Nc1ccc(Cl)cc1.O=C(O)[C@H](O)[C@@H](O)[C@H](O)[C@H](O)CO.O=C(O)[C@H](O)[C@@H](O)[C@H](O)[C@H](O)CO,,CHEMBL4297088,C34H54Cl2N10O14,897.77
CODEINE SULFATE,,COc1ccc2c3c1O[C@H]1[C@@H](O)C=C[C@H]4[C@@H](C2)N(C)CC[C@@]341.COc1ccc2c3c1O[C@H]1[C@@H](O)C=C[C@H]4[C@@H](C2)N(C)CC[C@@]341.O.O.O.O=S(=O)(O)O,,CHEMBL4297091,C36H50N2O13S,750.86
CEFTOBIPROLE MEDOCARIL SODIUM,,Cc1oc(=O)oc1COC(=O)N1CC[C@@H](N2CC/C(=C\C3=C(C(=O)[O-])N4C(=O)[C@@H](NC(=O)/C(=N/O)c5nsc(N)n5)[C@H]4SC3)C2=O)C1.[Na+],,CHEMBL4297101,C26H25N8NaO11S2,712.65
HALOPERIDOL LACTATE,,CC(O)C(=O)O.O=C(CCCN1CCC(O)(c2ccc(Cl)cc2)CC1)c1ccc(F)cc1,,CHEMBL4297147,C24H29ClFNO5,465.95
CHLOROQUINE HYDROCHLORIDE,,CCN(CC)CCCC(C)Nc1ccnc2cc(Cl)ccc12.Cl.Cl,,CHEMBL4297165,C18H28Cl3N3,392.80
DAROLUTAMIDE,,CC(O)c1cc(C(=O)N[C@@H](C)Cn2ccc(-c3ccc(C#N)c(Cl)c3)n2)n[nH]1,,CHEMBL4297185,C19H19ClN6O2,398.85
CEFIDEROCOL SULFATE TOSYLATE,,CC(C)(O/N=C(\C(=O)N[C@@H]1C(=O)N2C(C(=O)O)=C(C[N+]3(CCNC(=O)c4ccc(O)c(O)c4Cl)CCCC3)CS[C@H]12)c1csc(N)n1)C(=O)O.CC(C)(O/N=C(\C(=O)N[C@@H]1C(=O)N2C(C(=O)O)=C(C[N+]3(CCNC(=O)c4ccc(O)c(O)c4Cl)CCCC3)CS[C@H]12)c1csc(N)n1)C(=O)O.CC(C)(O/N=C(\C(=O)N[C@@H]1C(=O)N2C(C(=O)O)=C(C[N+]3(CCNC(=O)c4ccc(O)c(O)c4Cl)CCCC3)CS[C@H]12)c1csc(N)n1)C(=O)O.Cc1ccc(S(=O)(=O)O)cc1.Cc1ccc(S(=O)(=O)O)cc1.Cc1ccc(S(=O)(=O)O)cc1.Cc1ccc(S(=O)(=O)[O-])cc1.O.O=S(=O)([O-])[O-],,CHEMBL4297211,C118H138Cl3N21O47S11,3061.60
SOLRIAMFETOL HYDROCHLORIDE,,Cl.NC(=O)OC[C@H](N)Cc1ccccc1,,CHEMBL4297212,C10H15ClN2O2,230.69
AFAMELANOTIDE ACETATE,,CC(=O)O.CCCC[C@H](NC(=O)[C@H](CO)NC(=O)[C@H](Cc1ccc(O)cc1)NC(=O)[C@H](CO)NC(C)=O)C(=O)N[C@@H](CCC(=O)O)C(=O)N[C@@H](Cc1c[nH]cn1)C(=O)N[C@H](Cc1ccccc1)C(=O)N[C@@H](CCCNC(=N)N)C(=O)N[C@@H](Cc1c[nH]c2ccccc12)C(=O)NCC(=O)N[C@@H](CCCCN)C(=O)N1CCC[C@H]1C(=O)N[C@H](C(N)=O)C(C)C,,CHEMBL4297213,C80H115N21O21,1706.93
FEDRATINIB HYDROCHLORIDE,,Cc1cnc(Nc2ccc(OCCN3CCCC3)cc2)nc1Nc1cccc(S(=O)(=O)NC(C)(C)C)c1.Cl.Cl.O,,CHEMBL4297216,C27H40Cl2N6O4S,615.63
ASCIMINIB HYDROCHLORIDE,,Cl.O=C(Nc1ccc(OC(F)(F)Cl)cc1)c1cnc(N2CC[C@@H](O)C2)c(-c2cc[nH]n2)c1,,CHEMBL4297220,C20H19Cl2F2N5O3,486.31
MITAPIVAT SULFATE,,O.O.O.O=C(c1ccc(NS(=O)(=O)c2cccc3cccnc23)cc1)N1CCN(CC2CC2)CC1.O=C(c1ccc(NS(=O)(=O)c2cccc3cccnc23)cc1)N1CCN(CC2CC2)CC1.O=S(=O)(O)O,,CHEMBL4297223,C48H60N8O13S3,1053.25
PIFLUFOLASTAT F18,,O=C(O)CC[C@H](NC(=O)N[C@@H](CCCCNC(=O)c1ccc([18F])nc1)C(=O)O)C(=O)O,,CHEMBL4297334,C18H23FN4O8,441.40
DURLOBACTAM SODIUM,,CC1=C[C@@H]2CN(C(=O)N2OS(=O)(=O)[O-])[C@@H]1C(N)=O.[Na+],,CHEMBL4297378,C8H10N3NaO6S,299.24
MELPHALAN FLUFENAMIDE HYDROCHLORIDE,,CCOC(=O)[C@H](Cc1ccc(F)cc1)NC(=O)[C@@H](N)Cc1ccc(N(CCCl)CCCl)cc1.Cl,,CHEMBL4297403,C24H31Cl3FN3O3,534.89
PAFOLACIANINE,,CC1(C)C(/C=C/C2=C(Oc3ccc(C[C@H](NC(=O)c4ccc(NCc5cnc6nc(N)[nH]c(=O)c6n5)cc4)C(=O)[O-])cc3)/C(=C/C=C3\N(CCCCS(=O)(=O)[O-])c4ccc(S(=O)(=O)[O-])cc4C3(C)C)CCC2)=[N+](CCCCS(=O)(=O)[O-])c2ccc(S(=O)(=O)[O-])cc21.[H+].[H+].[H+].[H+],,CHEMBL4297412,C61H67N9O17S4,1326.52
BALOXAVIR MARBOXIL,,COC(=O)OCOc1c2n(ccc1=O)N([C@@H]1c3ccccc3SCc3c1ccc(F)c3F)[C@@H]1COCCN1C2=O,,CHEMBL4297503,C27H23F2N3O7S,571.56
ELACESTRANT,,CCNCCc1ccc(CN(CC)c2cc(OC)ccc2[C@@H]2CCc3cc(O)ccc3C2)cc1,,CHEMBL4297509,C30H38N2O2,458.65
IBREXAFUNGERP,,CC(C)[C@@H](C)[C@@]1(C)CC[C@]2(C)[C@H]3CC[C@@H]4[C@@]5(COC[C@@]4(C)[C@@H](OC[C@](C)(N)C(C)(C)C)[C@H](n4ncnc4-c4ccncc4)C5)C3=CC[C@@]2(C)[C@@H]1C(=O)O,,CHEMBL4297513,C44H67N5O4,730.05
LURBINECTEDIN,,COc1ccc2[nH]c3c(c2c1)CCN[C@]31CS[C@@H]2c3c(OC(C)=O)c(C)c4c(c3[C@H](COC1=O)N1[C@@H]2[C@H]2c3c(cc(C)c(OC)c3O)C[C@@H]([C@@H]1O)N2C)OCO4,,CHEMBL4297516,C41H44N4O10S,784.89
MAVACAMTEN,,CC(C)n1c(=O)cc(N[C@@H](C)c2ccccc2)[nH]c1=O,,CHEMBL4297517,C15H19N3O2,273.34
PEMIGATINIB,,CCN1C(=O)N(c2c(F)c(OC)cc(OC)c2F)Cc2cnc3[nH]c(CN4CCOCC4)cc3c21,,CHEMBL4297522,C24H27F2N5O4,487.51
REMIMAZOLAM,,COC(=O)CC[C@@H]1N=C(c2ccccn2)c2cc(Br)ccc2-n2c(C)cnc21,,CHEMBL4297526,C21H19BrN4O2,439.31
RISDIPLAM,,Cc1cn2nc(-c3cc(=O)n4cc(N5CCNC6(CC6)C5)ccc4n3)cc(C)c2n1,,CHEMBL4297528,C22H23N7O,401.47
BREMELANOTIDE ACETATE,,CC(=O)O.CCCC[C@H](NC(C)=O)C(=O)N[C@H]1CC(=O)NCCCC[C@@H](C(=O)O)NC(=O)[C@H](Cc2c[nH]c3ccccc23)NC(=O)[C@H](CCCNC(=N)N)NC(=O)[C@@H](Cc2ccccc2)NC(=O)[C@H](Cc2c[nH]cn2)NC1=O,,CHEMBL4297533,C52H72N14O12,1085.23
GLASDEGIB MALEATE,,CN1CC[C@@H](NC(=O)Nc2ccc(C#N)cc2)C[C@@H]1c1nc2ccccc2[nH]1.O=C(O)/C=C\C(=O)O,,CHEMBL4297534,C25H26N6O5,490.52
TRIHEPTANOIN,,CCCCCCC(=O)OCC(COC(=O)CCCCCC)OC(=O)CCCCCC,,CHEMBL4297585,C24H44O6,428.61
ODEVIXIBAT,,CCCCC1(CCCC)CN(c2ccccc2)c2cc(SC)c(OCC(=O)N[C@@H](C(=O)N[C@@H](CC)C(=O)O)c3ccc(O)cc3)cc2S(=O)(=O)N1,,CHEMBL4297588,C37H48N4O8S2,740.94
DARIDOREXANT,,COc1ccc(-n2nccn2)c(C(=O)N2CCC[C@@]2(C)c2nc3c(C)c(Cl)ccc3[nH]2)c1,,CHEMBL4297590,C23H23ClN6O2,450.93
AMENAMEVIR,,Cc1cccc(C)c1N(CC(=O)Nc1ccc(-c2ncon2)cc1)C(=O)C1CCS(=O)(=O)CC1,,CHEMBL4297592,C24H26N4O5S,482.56
DEUTIVACAFTOR,,[2H]C([2H])([2H])C(c1cc(C(C)(C)C)c(NC(=O)c2c[nH]c3ccccc3c2=O)cc1O)(C([2H])([2H])[2H])C([2H])([2H])[2H],,CHEMBL4297603,C24H28N2O3,401.55
OLUTASIDENIB,,C[C@H](Nc1ccc(C#N)n(C)c1=O)c1cc2cc(Cl)ccc2[nH]c1=O,,CHEMBL4297610,C18H15ClN4O2,354.80
SOLRIAMFETOL,,NC(=O)OC[C@H](N)Cc1ccccc1,,CHEMBL4297620,C10H14N2O2,194.23
OMIDENEPAG ISOPROPYL,,CC(C)OC(=O)CNc1cccc(CN(Cc2ccc(-n3cccn3)cc2)S(=O)(=O)c2cccnc2)n1,,CHEMBL4297666,C26H28N6O4S,520.62
ELEXACAFTOR,,Cc1nn(C)cc1S(=O)(=O)NC(=O)c1ccc(-n2ccc(OCC(C)(C)C(F)(F)F)n2)nc1N1C[C@@H](C)CC1(C)C,,CHEMBL4298128,C26H34F3N7O4S,597.66
DURLOBACTAM,,CC1=C[C@@H]2CN(C(=O)N2OS(=O)(=O)O)[C@@H]1C(N)=O,,CHEMBL4298137,C8H11N3O6S,277.26
REPOTRECTINIB,,C[C@H]1CNC(=O)c2cnn3ccc(nc23)N[C@H](C)c2cc(F)ccc2O1,,CHEMBL4298138,C18H18FN5O2,355.37
SERDEXMETHYLPHENIDATE CHLORIDE,,COC(=O)[C@H](c1ccccc1)[C@H]1CCCCN1C(=O)OC[n+]1cccc(C(=O)N[C@@H](CO)C(=O)O)c1.[Cl-],,CHEMBL4298139,C25H30ClN3O8,535.98
ARIMOCLOMOL CITRATE,,O=C(O)CC(O)(CC(=O)O)C(=O)O.[O-][n+]1cccc(/C(Cl)=N/OC[C@H](O)CN2CCCCC2)c1,,CHEMBL4298149,C20H28ClN3O10,505.91
SIPONIMOD FUMARIC ACID,,CCc1cc(/C(C)=N/OCc2ccc(C3CCCCC3)c(C(F)(F)F)c2)ccc1CN1CC(C(=O)O)C1.CCc1cc(/C(C)=N/OCc2ccc(C3CCCCC3)c(C(F)(F)F)c2)ccc1CN1CC(C(=O)O)C1.O=C(O)/C=C/C(=O)O,,CHEMBL4298150,C62H74F6N4O10,1149.28
NIROGACESTAT HYDROBROMIDE,,Br.Br.CCC[C@H](N[C@H]1CCc2cc(F)cc(F)c2C1)C(=O)Nc1cn(C(C)(C)CNCC(C)(C)C)cn1,,CHEMBL4298153,C27H43Br2F2N5O,651.48
FILGOTINIB MALEATE,,O=C(Nc1nc2cccc(-c3ccc(CN4CCS(=O)(=O)CC4)cc3)n2n1)C1CC1.O=C(O)/C=C\C(=O)O,,CHEMBL4298167,C25H27N5O7S,541.59
IBREXAFUNGERP CITRATE,,CC(C)[C@@H](C)[C@@]1(C)CC[C@]2(C)[C@H]3CC[C@@H]4[C@@]5(COC[C@@]4(C)[C@@H](OC[C@](C)(N)C(C)(C)C)[C@H](n4ncnc4-c4ccncc4)C5)C3=CC[C@@]2(C)[C@@H]1C(=O)O.O=C(O)CC(O)(CC(=O)O)C(=O)O,,CHEMBL4298168,C50H75N5O11,922.17
LINZAGOLIX CHOLINE,,COc1cc(F)c(-n2c(=O)[nH]c3csc(C(=O)[O-])c3c2=O)cc1OCc1c(OC)ccc(F)c1F.C[N+](C)(C)CCO,,CHEMBL4298171,C27H28F3N3O8S,611.60
PIFLUFOLASTAT,,O=C(O)CC[C@H](NC(=O)N[C@@H](CCCCNC(=O)c1ccc(F)nc1)C(=O)O)C(=O)O,,CHEMBL4299851,C18H23FN4O8,442.40
MITAPIVAT,,O=C(c1ccc(NS(=O)(=O)c2cccc3cccnc23)cc1)N1CCN(CC2CC2)CC1,,CHEMBL4299940,C24H26N4O3S,450.56
SERDEXMETHYLPHENIDATE,,COC(=O)[C@H](c1ccccc1)[C@H]1CCCCN1C(=O)OC[n+]1cccc(C(=O)N[C@@H](CO)C(=O)O)c1,,CHEMBL4301162,C25H30N3O8+,500.53
BRILLIANT BLUE G FREE ACID,,CCOc1ccc(Nc2ccc(/C(=C3/C=C/C(=[N+](/CC)Cc4cccc(S(=O)(=O)[O-])c4)C=C3C)c3ccc(N(CC)Cc4cccc(S(=O)(=O)O)c4)cc3C)cc2)cc1,,CHEMBL4301898,C47H49N3O7S2,832.06
MELPHALAN FLUFENAMIDE,,CCOC(=O)[C@H](Cc1ccc(F)cc1)NC(=O)[C@@H](N)Cc1ccc(N(CCCl)CCCl)cc1,,CHEMBL4303060,C24H30Cl2FN3O3,498.43
FRUQUINTINIB,,CNC(=O)c1c(C)oc2cc(Oc3ncnc4cc(OC)c(OC)cc34)ccc12,,CHEMBL4303214,C21H19N3O5,393.40
CEFOTIAM HYDROCHLORIDE,,CN(C)CCn1nnnc1SCC1=C(C(=O)O)N2C(=O)[C@@H](NC(=O)Cc3csc(N)n3)[C@H]2SC1.Cl.Cl,,CHEMBL4303232,C18H25Cl2N9O4S3,598.56
ABACAVIR SULFATE,,Nc1nc(NC2CC2)c2ncn([C@H]3C=C[C@@H](CO)C3)c2n1.Nc1nc(NC2CC2)c2ncn([C@H]3C=C[C@@H](CO)C3)c2n1.O=S(=O)(O)O,,CHEMBL4303288,C28H38N12O6S,670.76
DORIPENEM MONOHYDRATE,,C[C@@H](O)[C@H]1C(=O)N2C(C(=O)O)=C(S[C@@H]3CN[C@H](CNS(N)(=O)=O)C3)[C@H](C)[C@H]12.O,,CHEMBL4303454,C15H26N4O7S2,438.53
OMAVELOXOLONE,,CC1(C)CC[C@]2(NC(=O)C(C)(F)F)CC[C@]3(C)[C@H](C(=O)C=C4[C@@]5(C)C=C(C#N)C(=O)C(C)(C)[C@@H]5CC[C@]43C)[C@@H]2C1,,CHEMBL4303525,C33H44F2N2O3,554.72
ZOLEDRONIC ACID,,O.O=P(O)(O)C(O)(Cn1ccnc1)P(=O)(O)O,,CHEMBL4303669,C5H12N2O8P2,290.11
DEUCRAVACITINIB,,[2H]C([2H])([2H])NC(=O)c1nnc(NC(=O)C2CC2)cc1Nc1cccc(-c2ncn(C)n2)c1OC,,CHEMBL4435170,C20H22N8O3,425.47
ENMETAZOBACTAM,,Cn1cc[n+](C[C@@]2(C)[C@H](C(=O)[O-])N3C(=O)C[C@H]3S2(=O)=O)n1,,CHEMBL4458276,C11H14N4O5S,314.32
SOTORASIB,,C=CC(=O)N1CCN(c2nc(=O)n(-c3c(C)ccnc3C(C)C)c3nc(-c4c(O)cccc4F)c(F)cc23)[C@@H](C)C1,,CHEMBL4535757,C30H30F2N6O3,560.61
LAZERTINIB,,C=CC(=O)Nc1cc(Nc2nccc(-n3cc(CN(C)C)c(-c4ccccc4)n3)n2)c(OC)cc1N1CCOCC1,,CHEMBL4558324,C30H34N8O3,554.66
SELPERCATINIB,,COc1ccc(CN2C3CC2CN(c2ccc(-c4cc(OCC(C)(C)O)cn5ncc(C#N)c45)cn2)C3)cn1,,CHEMBL4559134,C29H31N7O3,525.61
PRALSETINIB,,CO[C@]1(C(=O)N[C@@H](C)c2ccc(-n3cc(F)cn3)nc2)CC[C@H](c2nc(C)cc(Nc3cc(C)[nH]n3)n2)CC1,,CHEMBL4582651,C27H32FN9O2,533.61
BELZUTIFAN,,CS(=O)(=O)c1ccc(Oc2cc(F)cc(C#N)c2)c2c1[C@H](O)[C@H](F)[C@@H]2F,,CHEMBL4585668,C17H12F3NO4S,383.35
ZICONOTIDE,,CSCC[C@@H]1NC(=O)[C@H](CC(C)C)NC(=O)[C@H](CCCNC(=N)N)NC(=O)[C@H](CO)NC(=O)[C@@H]2CSSC[C@@H]3NC(=O)[C@H](CO)NC(=O)CNC(=O)[C@H]([C@@H](C)O)NC(=O)[C@H](CSSC[C@H](N)C(=O)N[C@@H](CCCCN)C(=O)NCC(=O)N[C@@H](CCCCN)C(=O)NCC(=O)N[C@@H](C)C(=O)N[C@@H](CCCCN)C(=O)N2)NC(=O)[C@H](CSSC[C@@H](C(N)=O)NC(=O)[C@H](CCCCN)NC(=O)CNC(=O)[C@H](CO)NC(=O)[C@H](CCCNC(=N)N)NC3=O)NC(=O)[C@H](CC(=O)O)NC(=O)[C@H](Cc2ccc(O)cc2)NC1=O,,CHEMBL4594214,C102H172N36O32S7,2639.19
CANAGLIFLOZIN,,Cc1ccc([C@@H]2O[C@H](CO)[C@@H](O)[C@H](O)[C@H]2O)cc1Cc1ccc(-c2ccc(F)cc2)s1.O,,CHEMBL4594217,C24H27FO6S,462.54
IODOXAMATE MEGLUMINE,,CNC[C@H](O)[C@@H](O)[C@H](O)[C@H](O)CO.CNC[C@H](O)[C@@H](O)[C@H](O)[C@H](O)CO.O=C(CCOCCOCCOCCOCCC(=O)Nc1c(I)cc(I)c(C(=O)O)c1I)Nc1c(I)cc(I)c(C(=O)O)c1I,,CHEMBL4594231,C40H60I6N4O20,1678.35
SULOPENEM ETZADROXIL,,CCC(CC)C(=O)OCOC(=O)C1=C(S[C@H]2CC[S+]([O-])C2)S[C@@H]2[C@@H]([C@@H](C)O)C(=O)N12,,CHEMBL4594246,C19H27NO7S3,477.63
CALCITONIN HUMAN,,CC[C@H](C)[C@H](NC(=O)[C@H](C)NC(=O)[C@@H](NC(=O)[C@H](CCC(N)=O)NC(=O)[C@@H]1CCCN1C(=O)[C@H](Cc1ccccc1)NC(=O)[C@@H](NC(=O)[C@H](Cc1c[nH]cn1)NC(=O)[C@H](Cc1ccccc1)NC(=O)[C@H](CCCCN)NC(=O)[C@H](CC(N)=O)NC(=O)[C@H](Cc1ccccc1)NC(=O)[C@H](CC(=O)O)NC(=O)[C@H](CCC(N)=O)NC(=O)[C@@H](NC(=O)[C@H](Cc1ccc(O)cc1)NC(=O)[C@@H](NC(=O)CNC(=O)[C@H](CC(C)C)NC(=O)[C@H](CCSC)NC(=O)[C@@H]1CSSC[C@H](N)C(=O)NCC(=O)N[C@@H](CC(N)=O)C(=O)N[C@@H](CC(C)C)C(=O)N[C@@H](CO)C(=O)N[C@@H]([C@@H](C)O)C(=O)N1)[C@@H](C)O)[C@@H](C)O)[C@@H](C)O)[C@@H](C)O)C(=O)NCC(=O)N[C@H](C(=O)NCC(=O)N[C@@H](C)C(=O)N1CCC[C@H]1C(N)=O)C(C)C,,CHEMBL4594248,C151H226N40O45S3,3417.90
NETARSUDIL,,Cc1ccc(C(=O)OCc2ccc([C@@H](CN)C(=O)Nc3ccc4cnccc4c3)cc2)c(C)c1,,CHEMBL4594250,C28H27N3O3,453.54
NETARSUDIL DIMESYLATE,,CS(=O)(=O)O.CS(=O)(=O)O.Cc1ccc(C(=O)OCc2ccc([C@@H](CN)C(=O)Nc3ccc4cnccc4c3)cc2)c(C)c1,,CHEMBL4594251,C30H35N3O9S2,645.76
TAZEMETOSTAT HYDROBROMIDE,,Br.CCN(c1cc(-c2ccc(CN3CCOCC3)cc2)cc(C(=O)NCc2c(C)cc(C)[nH]c2=O)c1C)C1CCOCC1,,CHEMBL4594260,C34H45BrN4O4,653.66
FLUOROESTRADIOL F-18,,C[C@]12CC[C@@H]3c4ccc(O)cc4CC[C@H]3[C@@H]1C[C@@H]([18F])[C@@H]2O,,CHEMBL4594261,C18H23FO2,289.38
AMLODIPINE BENZOATE,,CCOC(=O)C1=C(COCCN)NC(C)=C(C(=O)OC)C1c1ccccc1Cl.O=C(O)c1ccccc1,,CHEMBL4594262,C27H31ClN2O7,531.01
ELACESTRANT HYDROCHLORIDE,,CCNCCc1ccc(CN(CC)c2cc(OC)ccc2[C@@H]2CCc3cc(O)ccc3C2)cc1.Cl.Cl,,CHEMBL4594273,C30H40Cl2N2O2,531.57
GEFAPIXANT CITRATE,,COc1cc(C(C)C)c(Oc2cnc(N)nc2N)cc1S(N)(=O)=O.O=C(O)CC(O)(CC(=O)O)C(=O)O,,CHEMBL4594278,C20H27N5O11S,545.53
ENSIFENTRINE,,COc1cc2c(cc1OC)-c1c/c(=N\c3c(C)cc(C)cc3C)n(CCNC(N)=O)c(=O)n1CC2,,CHEMBL4594287,C26H31N5O4,477.57
LEVAMLODIPINE MALEATE,,CCOC(=O)C1=C(COCCN)NC(C)=C(C(=O)OC)[C@@H]1c1ccccc1Cl.O=C(O)/C=C\C(=O)O,,CHEMBL4594288,C24H29ClN2O9,524.95
TEPOTINIB HYDROCHLORIDE,,CN1CCC(COc2cnc(-c3cccc(Cn4nc(-c5cccc(C#N)c5)ccc4=O)c3)nc2)CC1.Cl.O,,CHEMBL4594292,C29H31ClN6O3,547.06
ACALABRUTINIB MALEATE,,CC#CC(=O)N1CCC[C@H]1c1nc(-c2ccc(C(=O)Nc3ccccn3)cc2)c2c(N)nccn12.O=C(O)/C=C\C(=O)O,,CHEMBL4594293,C30H27N7O6,581.59
FOSDENOPTERIN HYDROBROMIDE,,Br.Nc1nc(=O)c2c([nH]1)N[C@@H]1O[C@@H]3COP(=O)(O)O[C@@H]3C(O)(O)[C@@H]1N2.O.O,,CHEMBL4594300,C10H19BrN5O10P,480.17
REMIMAZOLAM BESYLATE,,COC(=O)CC[C@@H]1N=C(c2ccccn2)c2cc(Br)ccc2-n2c(C)cnc21.O=S(=O)(O)c1ccccc1,,CHEMBL4594301,C27H25BrN4O5S,597.49
ADAGRASIB,,C=C(F)C(=O)N1CCN(c2nc(OC[C@@H]3CCCN3C)nc3c2CCN(c2cccc4cccc(Cl)c24)C3)C[C@@H]1CC#N,,CHEMBL4594350,C32H35ClFN7O2,604.13
FOSLEVODOPA,,N[C@@H](Cc1ccc(OP(=O)(O)O)c(O)c1)C(=O)O,,CHEMBL4594379,C9H12NO7P,277.17
DEURUXOLITINIB PHOSPHATE,,O=P(O)(O)O.[2H]C1([2H])C([C@@H](CC#N)n2cc(-c3ncnc4[nH]ccc34)cn2)C([2H])([2H])C([2H])([2H])C1([2H])[2H],,CHEMBL4594382,C17H21N6O4P,412.42
PAFOLACIANINE SODIUM,,CC1(C)C(/C=C/C2=C(Oc3ccc(C[C@H](NC(=O)c4ccc(NCc5cnc6nc(N)[nH]c(=O)c6n5)cc4)C(=O)[O-])cc3)/C(=C/C=C3\N(CCCCS(=O)(=O)[O-])c4ccc(S(=O)(=O)[O-])cc4C3(C)C)CCC2)=[N+](CCCCS(=O)(=O)[O-])c2ccc(S(=O)(=O)[O-])cc21.[Na+].[Na+].[Na+].[Na+],,CHEMBL4594383,C61H63N9Na4O17S4,1414.45
CALCIUM OXYBATE,,O=C([O-])CCCO.O=C([O-])CCCO.[Ca+2],,CHEMBL4594393,C8H14CaO6,246.27
MAGNESIUM OXYBATE,,O=C([O-])CCCO.O=C([O-])CCCO.[Mg+2],,CHEMBL4594394,C8H14MgO6,230.50
POTASSIUM OXYBATE,,O=C([O-])CCCO.[K+],,CHEMBL4594395,C4H7KO3,142.19
"XENON XE-129, HYPERPOLARIZED",,[129Xe],,CHEMBL4594411,Xe,128.90
LENACAPAVIR,,CC(C)(C#Cc1ccc(-c2ccc(Cl)c3c(NS(C)(=O)=O)nn(CC(F)(F)F)c23)c([C@H](Cc2cc(F)cc(F)c2)NC(=O)Cn2nc(C(F)(F)F)c3c2C(F)(F)[C@@H]2C[C@H]32)n1)S(C)(=O)=O,,CHEMBL4594438,C39H32ClF10N7O5S2,968.30
IPTACOPAN,,CCO[C@H]1CCN(Cc2c(OC)cc(C)c3[nH]ccc23)[C@H](c2ccc(C(=O)O)cc2)C1,,CHEMBL4594448,C25H30N2O4,422.53
CRAVACITINIB,,CNC(=O)c1nnc(NC(=O)C2CC2)cc1Nc1cccc(-c2ncn(C)n2)c1OC,,CHEMBL4596392,C20H22N8O3,422.45
INAVOLISIB,,C[C@H](Nc1ccc2c(c1)OCCn1cc(N3C(=O)OC[C@H]3C(F)F)nc1-2)C(N)=O,,CHEMBL4650215,C18H19F2N5O4,407.38
DARIDOREXANT HYDROCHLORIDE,,COc1ccc(-n2nccn2)c(C(=O)N2CCC[C@@]2(C)c2nc3c(C)c(Cl)ccc3[nH]2)c1.Cl,,CHEMBL4650216,C23H24Cl2N6O2,487.39
ZAVEGEPANT HYDROCHLORIDE,,Cc1cc(C[C@@H](NC(=O)N2CCC(c3cc4ccccc4[nH]c3=O)CC2)C(=O)N2CCN(C3CCN(C)CC3)CC2)cc2cn[nH]c12.Cl,,CHEMBL4650220,C36H47ClN8O3,675.28
ACORAMIDIS HYDROCHLORIDE,,Cc1n[nH]c(C)c1CCCOc1cc(C(=O)O)ccc1F.Cl,,CHEMBL4650226,C15H18ClFN2O3,328.77
TRILACICLIB DIHYDROCHLORIDE,,CN1CCN(c2ccc(Nc3ncc4cc5n(c4n3)C3(CCCCC3)CNC5=O)nc2)CC1.Cl.Cl,,CHEMBL4650272,C24H32Cl2N8O,519.48
SETMELANOTIDE ACETATE,,CC(=O)N[C@@H](CCCNC(=N)N)C(=O)N[C@H]1CSSC[C@@H](C(N)=O)NC(=O)[C@H](Cc2c[nH]c3ccccc23)NC(=O)[C@H](CCCNC(=N)N)NC(=O)[C@@H](Cc2ccccc2)NC(=O)[C@H](Cc2c[nH]cn2)NC(=O)[C@@H](C)NC1=O.CC(=O)O.CC(=O)O,,CHEMBL4650273,C53H76N18O13S2,1237.44
MOBOCERTINIB,,C=CC(=O)Nc1cc(Nc2ncc(C(=O)OC(C)C)c(-c3cn(C)c4ccccc34)n2)c(OC)cc1N(C)CCN(C)C,,CHEMBL4650319,C32H39N7O4,585.71
PIRTOBRUTINIB,,COc1ccc(F)cc1C(=O)NCc1ccc(-c2nn([C@@H](C)C(F)(F)F)c(N)c2C(N)=O)cc1,,CHEMBL4650485,C22H21F4N5O3,479.43
REVUMENIB,,CCN(C(=O)c1cc(F)ccc1Oc1cncnc1N1CC2(CCN(C[C@H]3CC[C@H](NS(=O)(=O)CC)CC3)CC2)C1)C(C)C,,CHEMBL4650827,C32H47FN6O4S,630.83
BELUMOSUDIL MESYLATE,,CC(C)NC(=O)COc1cccc(-c2nc(Nc3ccc4[nH]ncc4c3)c3ccccc3n2)c1.CS(=O)(=O)O,,CHEMBL4802130,C27H28N6O5S,548.63
NIRMATRELVIR,,CC(C)(C)[C@H](NC(=O)C(F)(F)F)C(=O)N1C[C@H]2[C@@H]([C@H]1C(=O)N[C@H](C#N)C[C@@H]1CCNC1=O)C2(C)C,,CHEMBL4802135,C23H32F3N5O4,499.53
LEUPROLIDE MESYLATE,,CCNC(=O)[C@@H]1CCCN1C(=O)[C@H](CCCNC(=N)N)NC(=O)[C@H](CC(C)C)NC(=O)[C@@H](CC(C)C)NC(=O)[C@H](Cc1ccc(O)cc1)NC(=O)[C@H](CO)NC(=O)[C@H](Cc1c[nH]c2ccccc12)NC(=O)[C@H](Cc1cnc[nH]1)NC(=O)[C@@H]1CCC(=O)N1.CS(=O)(=O)O,,CHEMBL4802223,C60H88N16O15S,1305.53
MOBOCERTINIB SUCCINATE,,C=CC(=O)Nc1cc(Nc2ncc(C(=O)OC(C)C)c(-c3cn(C)c4ccccc34)n2)c(OC)cc1N(C)CCN(C)C.O=C(O)CCC(=O)O,,CHEMBL4802239,C36H45N7O8,703.80
FOSCARBIDOPA,,C[C@@](Cc1ccc(OP(=O)(O)O)c(O)c1)(NN)C(=O)O,,CHEMBL4802240,C10H15N2O7P,306.21
LENACAPAVIR SODIUM,,CC(C)(C#Cc1ccc(-c2ccc(Cl)c3c([N-]S(C)(=O)=O)nn(CC(F)(F)F)c23)c([C@H](Cc2cc(F)cc(F)c2)NC(=O)Cn2nc(C(F)(F)F)c3c2C(F)(F)[C@@H]2C[C@H]32)n1)S(C)(=O)=O.[Na+],,CHEMBL4802249,C39H31ClF10N7NaO5S2,990.28
GALLIUM GA 68 GOZETOTIDE,,O=C([O-])CN(CCN(CC(=O)[O-])Cc1cc(CCC(=O)NCCCCCC(=O)NCCCC[C@H](NC(=O)N[C@@H](CCC(=O)O)C(=O)O)C(=O)O)ccc1[O-])Cc1cc(CCC(=O)O)ccc1[O-].[68Ga+3].[OH3+],,CHEMBL5095039,C44H61GaN6O18,1029.92
AMPHETAMINE ASPARTATE/DEXTROAMPHETAMINE SULFATE,,CC(N)Cc1ccccc1.C[C@H](N)Cc1ccccc1.C[C@H](N)Cc1ccccc1.NC(CC(=O)O)C(=O)O.O=S(=O)(O)O,,CHEMBL5095048,C31H48N4O8S,636.81
PACRITINIB CITRATE,,C1=C/COCc2cc(ccc2OCCN2CCCC2)Nc2nccc(n2)-c2cccc(c2)COC/1.O=C(O)CC(O)(CC(=O)O)C(=O)O,,CHEMBL5095049,C34H40N4O10,664.71
FINGOLIMOD LAURYL SULFATE,,CCCCCCCCCCCCOS(=O)(=O)O.CCCCCCCCc1ccc(CCC(N)(CO)CO)cc1,,CHEMBL5095050,C31H59NO6S,573.88
VENLAFAXINE BESYLATE,,COc1ccc(C(CN(C)C)C2(O)CCCCC2)cc1.O=S(=O)(O)c1ccccc1,,CHEMBL5095051,C23H33NO5S,435.59
BENZGALANTAMINE,,COc1ccc2c3c1O[C@H]1C[C@@H](OC(=O)c4ccccc4)C=C[C@@]31CCN(C)C2,,CHEMBL5095056,C24H25NO4,391.47
IPTACOPAN HYDROCHLORIDE,,CCO[C@H]1CCN(Cc2c(OC)cc(C)c3[nH]ccc23)[C@H](c2ccc(C(=O)O)cc2)C1.Cl.O,,CHEMBL5095401,C25H33ClN2O5,477.00
TRIENTINE TETRAHYDROCHLORIDE,,Cl.Cl.Cl.Cl.NCCNCCNCCN,,CHEMBL5095420,C6H22Cl4N4,292.08
AMPHETAMINE/DEXTROAMPHETAMINE,,CC(N)Cc1ccccc1.C[C@H](N)Cc1ccccc1.C[C@H](N)Cc1ccccc1,,CHEMBL5095505,C27H39N3,405.63
BEROTRALSTAT,,N#Cc1cccc([C@@H](NCC2CC2)c2ccc(F)c(NC(=O)c3cc(C(F)(F)F)nn3-c3cccc(CN)c3)c2)c1,,CHEMBL5189739,C30H26F4N6O,562.57
ENTECAVIR,,C=C1[C@H](CO)[C@@H](O)C[C@@H]1n1cnc2c(=O)[nH]c(N)nc21.O,,CHEMBL5314362,C12H17N5O4,295.30
MONENSIN SODIUM,,CC[C@@]1([C@H]2O[C@H]([C@H]3O[C@@](O)(CO)[C@H](C)C[C@@H]3C)C[C@H]2C)CC[C@H]([C@@]2(C)CC[C@]3(C[C@H](O)[C@@H](C)[C@@H]([C@H](C)[C@H](OC)[C@@H](C)C(=O)[O-])O3)O2)O1.[Na+],,CHEMBL5314365,C36H61NaO11,692.86
ESOMEPRAZOLE MAGNESIUM,,COc1ccc2[nH]c([S@@+]([O-])Cc3ncc(C)c(OC)c3C)nc2c1.COc1ccc2[nH]c([S@@+]([O-])Cc3ncc(C)c(OC)c3C)nc2c1.O.O.O.[Mg+2],,CHEMBL5314366,C34H44MgN6O9S2+2,769.20
"CEFPROZIL, (E)-",,C/C=C/C1=C(C(=O)O)N2C(=O)[C@@H](NC(=O)[C@H](N)c3ccc(O)cc3)[C@H]2SC1.O,,CHEMBL5314373,C18H21N3O6S,407.45
CIDOFOVIR,,Nc1ccn(C[C@@H](CO)OCP(=O)(O)O)c(=O)n1.O.O,,CHEMBL5314375,C8H18N3O8P,315.22
GANIRELIX ACETATE,,CC(=O)O.CC(=O)O.CC/N=C(\NCC)NCCCC[C@H](NC(=O)[C@H](CC(C)C)NC(=O)[C@@H](CCCCN/C(=N/CC)NCC)NC(=O)[C@H](Cc1ccc(O)cc1)NC(=O)[C@H](CO)NC(=O)[C@@H](Cc1cccnc1)NC(=O)[C@@H](Cc1ccc(Cl)cc1)NC(=O)[C@@H](Cc1ccc2ccccc2c1)NC(C)=O)C(=O)N1CCC[C@H]1C(=O)N[C@H](C)C(N)=O,,CHEMBL5314377,C84H121ClN18O17,1690.45
CASPOFUNGIN ACETATE,,CC(=O)O.CC(=O)O.CC[C@H](C)C[C@H](C)CCCCCCCCC(=O)N[C@H]1C[C@@H](O)[C@@H](NCCN)NC(=O)[C@@H]2[C@@H](O)CCN2C(=O)[C@H]([C@H](O)CCN)NC(=O)[C@H]([C@H](O)[C@@H](O)c2ccc(O)cc2)NC(=O)[C@@H]2C[C@@H](O)CN2C(=O)[C@H]([C@@H](C)O)NC1=O,,CHEMBL5314378,C56H96N10O19,1213.44
VOCLOSPORIN,,C=C/C=C/C[C@@H](C)[C@@H](O)[C@H]1C(=O)N[C@@H](CC)C(=O)N(C)CC(=O)N(C)[C@@H](CC(C)C)C(=O)N[C@@H](C(C)C)C(=O)N(C)[C@@H](CC(C)C)C(=O)N[C@@H](C)C(=O)N[C@H](C)C(=O)N(C)[C@@H](CC(C)C)C(=O)N(C)[C@@H](CC(C)C)C(=O)N(C)[C@@H](C(C)C)C(=O)N1C,,CHEMBL5314379,C63H111N11O12,1214.65
PASIREOTIDE DIASPARTATE,,NCCCC[C@@H]1NC(=O)[C@@H](Cc2c[nH]c3ccccc23)NC(=O)[C@H](c2ccccc2)NC(=O)[C@@H]2C[C@@H](OC(=O)NCCN)CN2C(=O)[C@H](Cc2ccccc2)NC(=O)[C@H](Cc2ccc(OCc3ccccc3)cc2)NC1=O.N[C@@H](CC(=O)O)C(=O)O.N[C@@H](CC(=O)O)C(=O)O,,CHEMBL5314380,C66H80N12O17,1313.43
PASIREOTIDE PAMOATE,,NCCCC[C@@H]1NC(=O)[C@@H](Cc2c[nH]c3ccccc23)NC(=O)[C@H](c2ccccc2)NC(=O)[C@@H]2C[C@@H](OC(=O)NCCN)CN2C(=O)[C@H](Cc2ccccc2)NC(=O)[C@H](Cc2ccc(OCc3ccccc3)cc2)NC1=O.O=C(O)c1cc2ccccc2c(Cc2c(O)c(C(=O)O)cc3ccccc23)c1O,,CHEMBL5314382,C81H82N10O15,1435.60
PERFLUOROHEXYLOCTANE,,CCCCCCCCC(F)(F)C(F)(F)C(F)(F)C(F)(F)C(F)(F)C(F)(F)F,,CHEMBL5314588,C14H17F13,432.26
TIRABRUTINIB HYDROCHLORIDE,,CC#CC(=O)N1CC[C@@H](n2c(=O)n(-c3ccc(Oc4ccccc4)cc3)c3c(N)ncnc32)C1.Cl,,CHEMBL5314600,C25H23ClN6O3,490.95
RITLECITINIB TOSYLATE,,C=CC(=O)N1C[C@H](Nc2ncnc3[nH]ccc23)CC[C@@H]1C.Cc1ccc(S(=O)(=O)O)cc1,,CHEMBL5314649,C22H27N5O4S,457.56
VANZACAFTOR,,CC1(C)C[C@@H]2CCCNc3cccc(n3)S(=O)(=O)NC(=O)c3ccc(-n4ccc(OCCC5C6(CC6)C56CC6)n4)nc3N1C2,,CHEMBL5314934,C32H39N7O4S,617.78
SITAGLIPTIN FUMARATE,,N[C@@H](CC(=O)N1CCn2c(nnc2C(F)(F)F)C1)Cc1cc(F)c(F)cc1F.O=C(O)/C=C\C(=O)O,,CHEMBL5315049,C20H19F6N5O5,523.39
ATOSIBAN ACETATE,,CC(=O)O.CCOc1ccc(C[C@H]2NC(=O)CCSSC[C@@H](C(=O)N3CCC[C@H]3C(=O)N[C@@H](CCCN)C(=O)NCC(N)=O)NC(=O)[C@H](CC(N)=O)NC(=O)[C@H]([C@@H](C)O)NC(=O)[C@H]([C@@H](C)CC)NC2=O)cc1,,CHEMBL5315050,C45H71N11O14S2,1054.26
PEMETREXED MONOHYDRATE,,Nc1nc2[nH]cc(CCc3ccc(C(=O)N[C@@H](CCC(=O)O)C(=O)O)cc3)c2c(=O)[nH]1.O,,CHEMBL5315053,C20H23N5O7,445.43
ERTUGLIFLOZIN PIDOLATE,,CCOc1ccc(Cc2cc([C@]34OC[C@](CO)(O3)[C@@H](O)[C@H](O)[C@H]4O)ccc2Cl)cc1.O=C1CC[C@@H](C(=O)O)N1,,CHEMBL5315054,C27H32ClNO10,566.00
NALMEFENE HYDROCHLORIDE DIHYDRATE,,C=C1CC[C@@]2(O)[C@H]3Cc4ccc(O)c5c4[C@@]2(CCN3CC2CC2)[C@H]1O5.Cl.O.O,,CHEMBL5315055,C21H30ClNO5,411.93
NALOXONE HYDROCHLORIDE DIHYDRATE,,C=CCN1CC[C@]23c4c5ccc(O)c4O[C@H]2C(=O)CC[C@@]3(O)[C@H]1C5.Cl.O.O,,CHEMBL5315056,C19H26ClNO6,399.87
ZANAMIVIR HYDRATE,,CC(=O)N[C@H]1[C@H]([C@H](O)[C@H](O)CO)OC(C(=O)O)=C[C@@H]1NC(=N)N.O,,CHEMBL5315117,C12H22N4O8,350.33
ILOPROST TROMETHAMINE,,CC#CCC(C)[C@H](O)/C=C/[C@@H]1[C@H]2C/C(=C/CCCC(=O)O)C[C@H]2C[C@H]1O.NC(CO)(CO)CO,,CHEMBL5315118,C26H43NO7,481.63
UPADACITINIB HEMIHYDRATE,,CC[C@@H]1CN(C(=O)NCC(F)(F)F)C[C@@H]1c1cnc2cnc3[nH]ccc3n12.CC[C@@H]1CN(C(=O)NCC(F)(F)F)C[C@@H]1c1cnc2cnc3[nH]ccc3n12.O,,CHEMBL5315119,C34H40F6N12O3,778.76
ODEVIXIBAT SESQUIHYDRATE,,CCCCC1(CCCC)CN(c2ccccc2)c2cc(SC)c(OCC(=O)N[C@@H](C(=O)N[C@@H](CC)C(=O)O)c3ccc(O)cc3)cc2S(=O)(=O)N1.CCCCC1(CCCC)CN(c2ccccc2)c2cc(SC)c(OCC(=O)N[C@@H](C(=O)N[C@@H](CC)C(=O)O)c3ccc(O)cc3)cc2S(=O)(=O)N1.O.O.O,,CHEMBL5315120,C74H102N8O19S4,1535.93
TECOVIRIMAT MONOHYDRATE,,O.O=C(NN1C(=O)[C@@H]2[C@@H]3C=C[C@@H]([C@H]4C[C@@H]34)[C@@H]2C1=O)c1ccc(C(F)(F)F)cc1,,CHEMBL5315121,C19H17F3N2O4,394.35
BORTEZOMIB D-MANNITOL,,CC(C)C[C@H](NC(=O)[C@H](Cc1ccccc1)NC(=O)c1cnccn1)B1O[C@H]([C@H](O)CO)[C@@H]([C@H](O)CO)O1,,CHEMBL5315122,C25H35BN4O8,530.39
DIFELIKEFALIN ACETATE,,CC(=O)O.CC(C)C[C@@H](NC(=O)[C@@H](Cc1ccccc1)NC(=O)[C@H](N)Cc1ccccc1)C(=O)N[C@H](CCCCN)C(=O)N1CCC(N)(C(=O)O)CC1,,CHEMBL5315123,C38H57N7O8,739.91
LEVOFLOXACIN,,C[C@H]1COc2c(N3CCN(C)CC3)c(F)cc3c(=O)c(C(=O)O)cn1c23.C[C@H]1COc2c(N3CCN(C)CC3)c(F)cc3c(=O)c(C(=O)O)cn1c23.O,,CHEMBL5315124,C36H42F2N6O9,740.76
DUVELISIB MONOHYDRATE,,C[C@H](Nc1ncnc2nc[nH]c12)c1cc2cccc(Cl)c2c(=O)n1-c1ccccc1.O,,CHEMBL5315125,C22H19ClN6O2,434.89
DASATINIB,,Cc1nc(Nc2ncc(C(=O)Nc3c(C)cccc3Cl)s2)cc(N2CCN(CCO)CC2)n1.O,,CHEMBL5416410,C22H28ClN7O3S,506.03
ARSENIC TRIOXIDE,,O=[As][As+](=O)[O-],,CHEMBL5483015,As2O3,197.84
ELIGLUSTAT TARTRATE,,CCCCCCCC(=O)N[C@H](CN1CCCC1)[C@H](O)c1ccc2c(c1)OCCO2.CCCCCCCC(=O)N[C@H](CN1CCCC1)[C@H](O)c1ccc2c(c1)OCCO2.O=C(O)[C@H](O)[C@@H](O)C(=O)O,,CHEMBL5723563,C50H78N4O14,959.19
CODEINE PHOSPHATE,,COc1ccc2c3c1O[C@H]1[C@@H](O)C=C[C@H]4[C@@H](C2)N(C)CC[C@@]341.COc1ccc2c3c1O[C@H]1[C@@H](O)C=C[C@H]4[C@@H](C2)N(C)CC[C@@]341.O.O=P(O)(O)O.O=P(O)(O)O,,CHEMBL6067642,C36H50N2O15P2,812.74
PAROXETINE HYDROCHLORIDE,,Cl.Cl.Fc1ccc([C@@H]2CCNC[C@H]2COc2ccc3c(c2)OCO3)cc1.Fc1ccc([C@@H]2CCNC[C@H]2COc2ccc3c(c2)OCO3)cc1.O,,CHEMBL6067650,C38H44Cl2F2N2O7,749.68
CEFTRIAXONE SODIUM,,CO/N=C(\C(=O)N[C@@H]1C(=O)N2C(C(=O)[O-])=C(CSc3nc(=O)c([O-])nn3C)CS[C@H]12)c1csc(N)n1.CO/N=C(\C(=O)N[C@@H]1C(=O)N2C(C(=O)[O-])=C(CSc3nc(=O)c([O-])nn3C)CS[C@H]12)c1csc(N)n1.O.O.O.O.O.O.O.[Na+].[Na+].[Na+].[Na+],,CHEMBL6067656,C36H46N16Na4O21S6,1323.22
VARENICLINE TARTRATE,,O=C(O)[C@H](O)[C@@H](O)C(=O)O.c1cnc2cc3c(cc2n1)[C@@H]1CNC[C@H]3C1,,CHEMBL6067972,C17H19N3O6,361.35
RASAGILINE TARTRATE,,C#CCN[C@@H]1CCc2ccccc21.C#CCN[C@@H]1CCc2ccccc21.O=C(O)[C@H](O)[C@@H](O)C(=O)O,,CHEMBL6067988,C28H32N2O6,492.57
BEROTRALSTAT HYDROCHLORIDE,,Cl.Cl.N#Cc1cccc([C@@H](NCC2CC2)c2ccc(F)c(NC(=O)c3cc(C(F)(F)F)nn3-c3cccc(CN)c3)c2)c1,,CHEMBL6067995,C30H28Cl2F4N6O,635.49
LASOFOXIFENE TARTRATE,,O=C(O)C(O)C(O)C(=O)O.Oc1ccc2c(c1)CC[C@H](c1ccccc1)[C@@H]2c1ccc(OCCN2CCCC2)cc1,,CHEMBL6067998,C32H37NO8,563.65
ACETYLCYSTEINE LYSINE,,CC(=O)N[C@@H](CS)C(=O)O.NCCCC[C@H](N)C(=O)O,,CHEMBL6068327,C11H23N3O5S,309.39
ELTROMBOPAG CHOLINE,,CC1=NN(c2ccc(C)c(C)c2)C(=O)/C1=N\Nc1cccc(-c2cccc(C(=O)[O-])c2)c1O.C[N+](C)(C)CCO,,CHEMBL6068328,C30H35N5O5,545.64
PEMETREXED DIPOTASSIUM,,Nc1nc2[nH]cc(CCc3ccc(C(=O)N[C@@H](CCC(=O)[O-])C(=O)[O-])cc3)c2c(=O)[nH]1.[K+].[K+],,CHEMBL6068329,C20H19K2N5O6,503.60
TENOFOVIR DISOPROXIL MALEATE,,CC(C)OC(=O)OCOP(=O)(CO[C@H](C)Cn1cnc2c(N)ncnc21)OCOC(=O)OC(C)C.O=C(O)/C=C\C(=O)O,,CHEMBL6068332,C23H34N5O14P,635.52
CLOPIDOGREL BESILATE,,COC(=O)[C@H](c1ccccc1Cl)N1CCc2sccc2C1.O=S(=O)(O)c1ccccc1,,CHEMBL6068333,C22H22ClNO5S2,480.01
SITAGLIPTIN HYDROCHLORIDE MONOHYDRATE,,Cl.N[C@@H](CC(=O)N1CCn2c(nnc2C(F)(F)F)C1)Cc1cc(F)c(F)cc1F.O,,CHEMBL6068334,C16H18ClF6N5O2,461.79
PEMETREXED DISODIUM HEMIPENTAHYDRATE,,Nc1nc2[nH]cc(CCc3ccc(C(=O)N[C@@H](CCC(=O)[O-])C(=O)[O-])cc3)c2c(=O)[nH]1.Nc1nc2[nH]cc(CCc3ccc(C(=O)N[C@@H](CCC(=O)[O-])C(=O)[O-])cc3)c2c(=O)[nH]1.O.O.O.O.O.[Na+].[Na+].[Na+].[Na+],,CHEMBL6068335,C40H48N10Na4O17,1032.84
MOMELOTINIB DIHYDROCHLORIDE MONOHYDRATE,,Cl.Cl.N#CCNC(=O)c1ccc(-c2ccnc(Nc3ccc(N4CCOCC4)cc3)n2)cc1.O,,CHEMBL6068336,C23H26Cl2N6O3,505.41
LENALIDOMIDE HYDROCHLORIDE MONOHYDRATE,,Cl.Nc1cccc2c1CN(C1CCC(=O)NC1=O)C2=O.O,,CHEMBL6068337,C13H16ClN3O4,313.74
CLOPIDOGREL HYDROCHLORIDE,,COC(=O)[C@H](c1ccccc1Cl)N1CCc2sccc2C1.Cl,,CHEMBL6068338,C16H17Cl2NO2S,358.29
IRBESARTAN HYDROCHLORIDE,,CCCCC1=NC2(CCCC2)C(=O)N1Cc1ccc(-c2ccccc2-c2nnn[nH]2)cc1.Cl,,CHEMBL6068339,C25H29ClN6O,465.00
PRASUGREL BESYLATE,,CC(=O)Oc1cc2c(s1)CCN(C(C(=O)C1CC1)c1ccccc1F)C2.O=S(=O)(O)c1ccccc1,,CHEMBL6068340,C26H26FNO6S2,531.63
TENOFOVIR DISOPROXIL PHOSPHATE,,CC(C)OC(=O)OCOP(=O)(CO[C@H](C)Cn1cnc2c(N)ncnc21)OCOC(=O)OC(C)C.O=P(O)(O)O,,CHEMBL6068341,C19H33N5O14P2,617.44
CLOPIDOGREL HYDROBROMIDE,,Br.COC(=O)[C@H](c1ccccc1Cl)N1CCc2sccc2C1,,CHEMBL6068343,C16H17BrClNO2S,402.74
REVUMENIB CITRATE,,CCN(C(=O)c1cc(F)ccc1Oc1cncnc1N1CC2(CCN(C[C@H]3CC[C@H](NS(=O)(=O)CC)CC3)CC2)C1)C(C)C.O.O=C(O)CC(O)(CC(=O)O)C(=O)O,,CHEMBL6068395,C38H57FN6O12S,840.97
GIVINOSTAT HYDROCHLORIDE,,CCN(CC)Cc1ccc2cc(COC(=O)Nc3ccc(C(=O)NO)cc3)ccc2c1.Cl.O,,CHEMBL6068400,C24H30ClN3O5,475.97
ESTETROL,,C[C@]12CC[C@@H]3c4ccc(O)cc4CC[C@H]3[C@@H]1[C@@H](O)[C@@H](O)[C@@H]2O.O,,CHEMBL6068423,C18H26O5,322.40
BENZGALANTAMINE GLUCONATE,,COc1ccc2c3c1O[C@H]1C[C@@H](OC(=O)c4ccccc4)C=C[C@@]31CCN(C)C2.O=C(O)C(O)C(O)C(O)C(O)CO,,CHEMBL6068431,C30H37NO11,587.62
LAZERTINIB MESYLATE,,C=CC(=O)Nc1cc(Nc2nccc(-n3cc(CN(C)C)c(-c4ccccc4)n3)n2)c(OC)cc1N1CCOCC1.CS(=O)(=O)O.O,,CHEMBL6068478,C31H40N8O7S,668.78
